2020-07-14 15:09:18;1594764558.495323;DeviceOrientation;-0.304901123046875;0.5647125244140625;-0.7355804443359375;0
2020-07-14 15:09:18;1594764558.4987721;0;-0.347015380859375;0.57379150390625;-0.64923095703125;0
2020-07-14 15:09:18;1594764558.511425;0;-0.38372802734375;0.557952880859375;-0.5717315673828125;0
2020-07-14 15:09:18;1594764558.5148358;0;-0.38824462890625;0.595001220703125;-0.62493896484375;0
2020-07-14 15:09:18;1594764558.518248;0;-0.3763580322265625;0.62628173828125;-0.6835784912109375;0
2020-07-14 15:09:18;1594764558.528741;0;-0.3964996337890625;0.624847412109375;-0.686279296875;0
2020-07-14 15:09:18;1594764558.5592709;0;-0.4183502197265625;0.6224517822265625;-0.6656341552734375;0
2020-07-14 15:09:18;1594764558.599637;0;-0.4385528564453125;0.621124267578125;-0.6803436279296875;0
2020-07-14 15:09:18;1594764558.6422992;0;-0.457977294921875;0.63055419921875;-0.674560546875;0
2020-07-14 15:09:18;1594764558.682967;0;-0.43359375;0.620513916015625;-0.6485137939453125;0
2020-07-14 15:09:18;1594764558.7247481;0;-0.4041595458984375;0.6259002685546875;-0.636383056640625;0
2020-07-14 15:09:18;1594764558.765388;0;-0.416534423828125;0.6190338134765625;-0.6678466796875;0
2020-07-14 15:09:18;1594764558.8054829;0;-0.443023681640625;0.628387451171875;-0.6762847900390625;0
2020-07-14 15:09:18;1594764558.8448591;0;-0.4550933837890625;0.6631011962890625;-0.498504638671875;0
2020-07-14 15:09:18;1594764558.888712;0;-0.3756256103515625;0.6541900634765625;-0.4396514892578125;0
2020-07-14 15:09:18;1594764558.926266;0;-0.4839935302734375;0.657501220703125;-0.488616943359375;0
2020-07-14 15:09:18;1594764558.966144;0;-0.591552734375;0.6630401611328125;-0.4675750732421875;0
2020-07-14 15:09:18;1594764559.003571;0;-0.5601806640625;0.753875732421875;-0.3518524169921875;0
2020-07-14 15:09:18;1594764559.045442;0;-0.630950927734375;0.69207763671875;-0.5131683349609375;0
2020-07-14 15:09:18;1594764559.085517;0;-0.69708251953125;0.694244384765625;-0.595184326171875;0
2020-07-14 15:09:18;1594764559.126079;0;-0.4905548095703125;0.6907958984375;-0.4146728515625;0
2020-07-14 15:09:18;1594764559.165267;0;-0.726470947265625;0.5996856689453125;-0.182098388671875;0
2020-07-14 15:09:18;1594764559.205714;0;-0.8057098388671875;0.610015869140625;-0.1993255615234375;0
2020-07-14 15:09:18;1594764559.245445;0;-0.7924041748046875;0.6357269287109375;0.032623291015625;0
2020-07-14 15:09:18;1594764559.2847;0;-0.7754058837890625;0.65057373046875;-0.0413665771484375;0
2020-07-14 15:09:18;1594764559.324851;0;-0.770843505859375;0.6892242431640625;-0.10906982421875;0
2020-07-14 15:09:18;1594764559.3646932;0;-0.803863525390625;0.6804351806640625;-0.1423492431640625;0
2020-07-14 15:09:18;1594764559.403822;0;-0.7789154052734375;0.67120361328125;0.010467529296875;0
2020-07-14 15:09:18;1594764559.4455829;0;-0.7172088623046875;0.738128662109375;0.0980224609375;0
2020-07-14 15:09:18;1594764559.4862309;0;-0.7337646484375;0.742218017578125;0.0120086669921875;0
2020-07-14 15:09:18;1594764559.525564;0;-0.8022918701171875;0.778472900390625;-0.15313720703125;0
2020-07-14 15:09:18;1594764559.564848;0;-0.7592926025390625;0.827484130859375;-0.0847320556640625;0
2020-07-14 15:09:18;1594764559.60536;0;-0.86749267578125;0.893310546875;-0.0964508056640625;0
2020-07-14 15:09:18;1594764559.64505;0;-0.79998779296875;0.802337646484375;-0.214691162109375;0
2020-07-14 15:09:18;1594764559.684667;0;-0.755096435546875;0.7809906005859375;-0.2203521728515625;0
2020-07-14 15:09:18;1594764559.725009;0;-0.6400146484375;0.9561614990234375;-0.2392730712890625;0
2020-07-14 15:09:18;1594764559.7586179;0;-0.5407562255859375;1.0197296142578125;-0.1535797119140625;0
2020-07-14 15:09:18;1594764559.8055658;0;-0.541961669921875;0.895477294921875;-0.0253143310546875;0
2020-07-14 15:09:18;1594764559.84624;0;-0.579132080078125;0.883514404296875;-0.0630035400390625;0
2020-07-14 15:09:18;1594764559.885405;0;-0.4553680419921875;0.807403564453125;-0.08221435546875;0
2020-07-14 15:09:18;1594764559.92599;0;-0.40924072265625;0.805145263671875;0.022216796875;0
2020-07-14 15:09:18;1594764559.965028;0;-0.4122161865234375;0.711456298828125;0.1140594482421875;0
2020-07-14 15:09:18;1594764560.0042791;0;-0.4117431640625;0.7168121337890625;0.04962158203125;0
2020-07-14 15:09:18;1594764560.044415;0;-0.4617919921875;0.6956024169921875;0.1612548828125;0
2020-07-14 15:09:18;1594764560.084743;0;-0.5074920654296875;0.8131103515625;0.1873321533203125;0
2020-07-14 15:09:18;1594764560.12517;0;-0.5703887939453125;0.851715087890625;0.185577392578125;0
2020-07-14 15:09:18;1594764560.165616;0;-0.5772705078125;0.92364501953125;0.10791015625;0
2020-07-14 15:09:18;1594764560.204671;0;-0.7174224853515625;0.9897003173828125;0.1316680908203125;0
2020-07-14 15:09:18;1594764560.238663;0;-0.72900390625;0.96612548828125;0.0609130859375;0
2020-07-14 15:09:18;1594764560.284152;0;-0.7277679443359375;0.8563079833984375;0.0301513671875;0
2020-07-14 15:09:18;1594764560.324024;0;-0.7660980224609375;0.6372528076171875;0.0333251953125;0
2020-07-14 15:09:18;1594764560.3637261;0;-0.8261566162109375;0.678009033203125;0.044281005859375;0
2020-07-14 15:09:18;1594764560.405943;0;-0.798797607421875;0.7796173095703125;-0.0629119873046875;0
2020-07-14 15:09:18;1594764560.446319;0;-0.71734619140625;0.7100830078125;-0.211700439453125;0
2020-07-14 15:09:18;1594764560.485369;0;-0.7083282470703125;0.6610565185546875;-0.2432098388671875;0
2020-07-14 15:09:18;1594764560.525354;0;-0.6673583984375;0.6674957275390625;-0.1849212646484375;0
2020-07-14 15:09:18;1594764560.565071;0;-0.597808837890625;0.6663818359375;-0.0527191162109375;0
2020-07-14 15:09:18;1594764560.605071;0;-0.5078887939453125;0.68017578125;0.0309906005859375;0
2020-07-14 15:09:18;1594764560.646074;0;-0.582000732421875;0.7354888916015625;0.06951904296875;0
2020-07-14 15:09:18;1594764560.685679;0;-0.6992340087890625;0.852325439453125;0.0880584716796875;0
2020-07-14 15:09:18;1594764560.726435;0;-0.7864227294921875;0.947723388671875;0.0658721923828125;0
2020-07-14 15:09:18;1594764560.763887;0;-0.8522491455078125;0.8815460205078125;-0.0040435791015625;0
2020-07-14 15:09:18;1594764560.805536;0;-0.89068603515625;1.014862060546875;-0.0536041259765625;0
2020-07-14 15:09:18;1594764560.84676;0;-0.78466796875;1.0480194091796875;-0.057952880859375;0
2020-07-14 15:09:18;1594764560.885538;0;-0.66278076171875;0.8874664306640625;-0.0620574951171875;0
2020-07-14 15:09:18;1594764560.9195352;0;-0.713226318359375;0.8940582275390625;-0.0136566162109375;0
2020-07-14 15:09:18;1594764560.965333;0;-0.63671875;0.99542236328125;-0.04876708984375;0
2020-07-14 15:09:18;1594764561.004758;0;-0.426361083984375;0.9149322509765625;-0.0836639404296875;0
2020-07-14 15:09:18;1594764561.046715;0;-0.4010467529296875;0.7447509765625;-0.053131103515625;0
2020-07-14 15:09:18;1594764561.086547;0;-0.4502105712890625;0.668182373046875;-0.058624267578125;0
2020-07-14 15:09:18;1594764561.1261082;0;-0.400299072265625;0.6908721923828125;-0.0651092529296875;0
2020-07-14 15:09:18;1594764561.164469;0;-0.36065673828125;0.6913909912109375;-0.0259246826171875;0
2020-07-14 15:09:18;1594764561.20503;0;-0.37774658203125;0.7347259521484375;0.0290069580078125;0
2020-07-14 15:09:18;1594764561.247112;0;-0.4254608154296875;0.8042755126953125;0.0630645751953125;0
2020-07-14 15:09:18;1594764561.286036;0;-0.5018157958984375;0.8854522705078125;0.061431884765625;0
2020-07-14 15:09:18;1594764561.3259459;0;-0.5194244384765625;0.8832855224609375;0.0050811767578125;0
2020-07-14 15:09:18;1594764561.366129;0;-0.5883636474609375;0.821014404296875;0.0179595947265625;0
2020-07-14 15:09:18;1594764561.405898;0;-0.731292724609375;0.959381103515625;0.09051513671875;0
2020-07-14 15:09:18;1594764561.447527;0;-0.6514892578125;0.99041748046875;0.012176513671875;0
2020-07-14 15:09:18;1594764561.486114;0;-0.679229736328125;0.7912445068359375;-0.15106201171875;0
2020-07-14 15:09:18;1594764561.52603;0;-0.8057098388671875;0.8441925048828125;-0.1728057861328125;0
2020-07-14 15:09:18;1594764561.563626;0;-0.8573150634765625;0.8436431884765625;-0.115081787109375;0
2020-07-14 15:09:18;1594764561.606818;0;-0.799896240234375;0.6826934814453125;-0.0680999755859375;0
2020-07-14 15:09:18;1594764561.6464272;0;-0.742645263671875;0.5521697998046875;0.009796142578125;0
2020-07-14 15:09:18;1594764561.685435;0;-0.7047119140625;0.6225433349609375;0.0583038330078125;0
2020-07-14 15:09:18;1594764561.726759;0;-0.64984130859375;0.6985321044921875;0.05621337890625;0
2020-07-14 15:09:18;1594764561.766377;0;-0.60528564453125;0.6964569091796875;-0.070465087890625;0
2020-07-14 15:09:18;1594764561.806756;0;-0.660736083984375;0.711273193359375;-0.1307220458984375;0
2020-07-14 15:09:18;1594764561.849472;0;-0.74908447265625;0.84234619140625;-0.139923095703125;0
2020-07-14 15:09:18;1594764561.88661;0;-0.801971435546875;0.9313201904296875;-0.1401519775390625;0
2020-07-14 15:09:18;1594764561.9301171;0;-0.77569580078125;0.8670654296875;-0.148406982421875;0
2020-07-14 15:09:18;1594764561.966999;0;-0.760955810546875;0.8458404541015625;-0.161865234375;0
2020-07-14 15:09:18;1594764562.007141;0;-0.7180023193359375;1.0046844482421875;-0.226226806640625;0
2020-07-14 15:09:18;1594764562.049284;0;-0.616943359375;1.0358734130859375;-0.294830322265625;0
2020-07-14 15:09:18;1594764562.08689;0;-0.5067596435546875;0.828155517578125;-0.242095947265625;0
2020-07-14 15:09:18;1594764562.1297631;0;-0.557464599609375;0.7463836669921875;-0.08544921875;0
2020-07-14 15:09:18;1594764562.168548;0;-0.53521728515625;0.8033905029296875;-0.077362060546875;0
2020-07-14 15:09:18;1594764562.206695;0;-0.4307708740234375;0.7866058349609375;-0.12384033203125;0
2020-07-14 15:09:18;1594764562.24851;0;-0.454742431640625;0.6536407470703125;-0.0605316162109375;0
2020-07-14 15:09:18;1594764562.285791;0;-0.526885986328125;0.6179656982421875;-0.0842742919921875;0
2020-07-14 15:09:18;1594764562.325934;0;-0.5443115234375;0.677032470703125;-0.1773223876953125;0
2020-07-14 15:09:18;1594764562.366962;0;-0.5533447265625;0.7204437255859375;-0.1203765869140625;0
2020-07-14 15:09:18;1594764562.408942;0;-0.53118896484375;0.759979248046875;-0.0596466064453125;0
2020-07-14 15:09:18;1594764562.445785;0;-0.5234222412109375;0.822906494140625;-0.0824127197265625;0
2020-07-14 15:09:18;1594764562.486411;0;-0.527557373046875;0.909454345703125;-0.0321807861328125;0
2020-07-14 15:09:18;1594764562.529278;0;-0.4932403564453125;0.9325714111328125;0.01300048828125;0
2020-07-14 15:09:18;1594764562.568641;0;-0.55865478515625;0.8799896240234375;0.0563812255859375;0
2020-07-14 15:09:18;1594764562.606933;0;-0.667755126953125;1.0041351318359375;0.080230712890625;0
2020-07-14 15:09:18;1594764562.648659;0;-0.5807647705078125;0.9039459228515625;-0.0241546630859375;0
2020-07-14 15:09:18;1594764562.686213;0;-0.632171630859375;0.6847991943359375;-0.0919342041015625;0
2020-07-14 15:09:18;1594764562.727078;0;-0.731597900390625;0.7661285400390625;-0.0519561767578125;0
2020-07-14 15:09:18;1594764562.769024;0;-0.7257080078125;0.8916015625;-0.04779052734375;0
2020-07-14 15:09:18;1594764562.806826;0;-0.672576904296875;0.7575531005859375;-0.139556884765625;0
2020-07-14 15:09:18;1594764562.847196;0;-0.689544677734375;0.6440887451171875;-0.1705474853515625;0
2020-07-14 15:09:18;1594764562.8864431;0;-0.6576080322265625;0.6620330810546875;-0.168548583984375;0
2020-07-14 15:09:18;1594764562.9289641;0;-0.58123779296875;0.6782379150390625;-0.0716552734375;0
2020-07-14 15:09:18;1594764562.9658341;0;-0.541229248046875;0.6984100341796875;-0.04345703125;0
2020-07-14 15:09:18;1594764563.008852;0;-0.588775634765625;0.738677978515625;-0.049468994140625;0
2020-07-14 15:09:18;1594764563.049827;0;-0.65447998046875;0.811767578125;-0.0775604248046875;0
2020-07-14 15:09:18;1594764563.08924;0;-0.74359130859375;0.8848419189453125;-0.070281982421875;0
2020-07-14 15:09:18;1594764563.126838;0;-0.7285614013671875;0.889739990234375;-0.0966644287109375;0
2020-07-14 15:09:18;1594764563.167004;0;-0.6826324462890625;0.8422393798828125;-0.097930908203125;0
2020-07-14 15:09:18;1594764563.209217;0;-0.710418701171875;0.9892578125;-0.06719970703125;0
2020-07-14 15:09:18;1594764563.24925;0;-0.65814208984375;1.093109130859375;-0.098663330078125;0
2020-07-14 15:09:18;1594764563.2893481;0;-0.5967559814453125;0.799957275390625;-0.1592254638671875;0
2020-07-14 15:09:18;1594764563.329805;0;-0.6876678466796875;0.727874755859375;-0.1441192626953125;0
2020-07-14 15:09:18;1594764563.369821;0;-0.6169891357421875;0.848480224609375;-0.187591552734375;0
2020-07-14 15:09:18;1594764563.410736;0;-0.49554443359375;0.915618896484375;-0.2003936767578125;0
2020-07-14 15:09:18;1594764563.4499521;0;-0.502471923828125;0.7855377197265625;-0.1295928955078125;0
2020-07-14 15:09:18;1594764563.4893708;0;-0.566497802734375;0.6982421875;-0.0739288330078125;0
2020-07-14 15:09:18;1594764563.5303211;0;-0.5147705078125;0.724578857421875;-0.0939788818359375;0
2020-07-14 15:09:18;1594764563.569005;0;-0.46038818359375;0.733489990234375;-0.092559814453125;0
2020-07-14 15:09:18;1594764563.60695;0;-0.4482269287109375;0.7225341796875;-0.059356689453125;0
2020-07-14 15:09:18;1594764563.647139;0;-0.49066162109375;0.77984619140625;-0.0385894775390625;0
2020-07-14 15:09:18;1594764563.6885571;0;-0.490966796875;0.854156494140625;-0.03070068359375;0
2020-07-14 15:09:18;1594764563.725914;0;-0.4885101318359375;0.941802978515625;0.018402099609375;0
2020-07-14 15:09:18;1594764563.769345;0;-0.50518798828125;0.888671875;0.0414276123046875;0
2020-07-14 15:09:18;1594764563.809311;0;-0.701385498046875;1.0875396728515625;0.025543212890625;0
2020-07-14 15:09:18;1594764563.851066;1;-0.5599517822265625;1.0886383056640625;-0.0724029541015625;0
2020-07-14 15:09:18;1594764563.889233;1;-0.5370941162109375;0.76910400390625;-0.1987152099609375;0
2020-07-14 15:09:18;1594764563.9297628;1;-0.726837158203125;0.667266845703125;-0.1554412841796875;0
2020-07-14 15:09:18;1594764563.971205;1;-0.732330322265625;0.7535400390625;-0.0485382080078125;0
2020-07-14 15:09:18;1594764564.010144;1;-0.6513824462890625;0.7570343017578125;-0.0082855224609375;0
2020-07-14 15:09:18;1594764564.0496612;1;-0.6446685791015625;0.6539306640625;-0.082305908203125;0
2020-07-14 15:09:18;1594764564.088803;1;-0.637054443359375;0.669281005859375;-0.1249542236328125;0
2020-07-14 15:09:18;1594764564.129857;1;-0.560302734375;0.7245941162109375;-0.1429443359375;0
2020-07-14 15:09:18;1594764564.169797;1;-0.5310821533203125;0.69854736328125;-0.113800048828125;0
2020-07-14 15:09:18;1594764564.2099419;1;-0.602752685546875;0.69195556640625;-0.06732177734375;0
2020-07-14 15:09:18;1594764564.249465;1;-0.6660614013671875;0.7376556396484375;0.0216064453125;0
2020-07-14 15:09:18;1594764564.290101;1;-0.7249755859375;0.8697357177734375;0.049774169921875;0
2020-07-14 15:09:18;1594764564.3296962;1;-0.7436981201171875;0.92828369140625;-0.043975830078125;0
2020-07-14 15:09:18;1594764564.369954;1;-0.7699127197265625;0.8827972412109375;-0.119476318359375;0
2020-07-14 15:09:18;1594764564.409399;1;-0.82781982421875;1.0023193359375;-0.093841552734375;0
2020-07-14 15:09:18;1594764564.450156;1;-0.732269287109375;1.02947998046875;-0.10137939453125;0
2020-07-14 15:09:18;1594764564.488546;1;-0.6856689453125;0.8850250244140625;-0.055450439453125;0
2020-07-14 15:09:18;1594764564.53118;1;-0.646148681640625;0.8504486083984375;-0.1027984619140625;0
2020-07-14 15:09:18;1594764564.570486;1;-0.590240478515625;0.86761474609375;-0.1448974609375;0
2020-07-14 15:09:18;1594764564.610828;1;-0.499603271484375;0.82147216796875;-0.1458740234375;0
2020-07-14 15:09:18;1594764564.651196;1;-0.475982666015625;0.7406005859375;-0.097442626953125;0
2020-07-14 15:09:18;1594764564.6898751;1;-0.47607421875;0.741790771484375;-0.06866455078125;0
2020-07-14 15:09:18;1594764564.730746;1;-0.4365692138671875;0.7380523681640625;-0.0907440185546875;0
2020-07-14 15:09:18;1594764564.769521;1;-0.3904571533203125;0.6839752197265625;-0.0929412841796875;0
2020-07-14 15:09:18;1594764564.8098578;1;-0.3857269287109375;0.67791748046875;-0.055694580078125;0
2020-07-14 15:09:18;1594764564.850575;1;-0.36468505859375;0.735748291015625;-0.06658935546875;0
2020-07-14 15:09:18;1594764564.890963;1;-0.37908935546875;0.81646728515625;-0.0526580810546875;0
2020-07-14 15:09:18;1594764564.926962;1;-0.4320526123046875;0.899261474609375;-0.0115203857421875;0
2020-07-14 15:09:18;1594764564.965932;1;-0.5322723388671875;0.905517578125;-0.010772705078125;0
2020-07-14 15:09:18;1594764565.0112128;1;-0.72186279296875;1.0877838134765625;0.00189208984375;0
2020-07-14 15:09:18;1594764565.0496368;1;-0.8074951171875;1.00750732421875;-0.18792724609375;0
2020-07-14 15:09:18;1594764565.09115;1;-0.7895660400390625;0.825439453125;-0.3826751708984375;0
2020-07-14 15:09:18;1594764565.130526;1;-0.8329010009765625;0.6766815185546875;-0.3128204345703125;0
2020-07-14 15:09:18;1594764565.170432;1;-0.8677215576171875;0.70269775390625;-0.150543212890625;0
2020-07-14 15:09:18;1594764565.210438;1;-0.884307861328125;0.7578582763671875;-0.13226318359375;0
2020-07-14 15:09:18;1594764565.251463;1;-0.7620849609375;0.7109527587890625;-0.1779632568359375;0
2020-07-14 15:09:18;1594764565.2913141;1;-0.678558349609375;0.726318359375;-0.0547027587890625;0
2020-07-14 15:09:18;1594764565.331878;1;-0.598358154296875;0.74462890625;0.0979156494140625;0
2020-07-14 15:09:18;1594764565.371519;1;-0.52667236328125;0.7343292236328125;0.043212890625;0
2020-07-14 15:09:18;1594764565.4112148;1;-0.5319366455078125;0.75311279296875;-0.0135345458984375;0
2020-07-14 15:09:18;1594764565.449472;1;-0.568389892578125;0.78240966796875;0.0264434814453125;0
2020-07-14 15:09:18;1594764565.49047;1;-0.692657470703125;0.825714111328125;0.0614166259765625;0
2020-07-14 15:09:18;1594764565.531478;1;-0.788787841796875;0.9087066650390625;0.0513763427734375;0
2020-07-14 15:09:18;1594764565.571449;1;-0.74652099609375;0.8909149169921875;0.0296783447265625;0
2020-07-14 15:09:18;1594764565.611823;1;-0.6616973876953125;0.8622589111328125;0.031951904296875;0
2020-07-14 15:09:18;1594764565.650178;1;-0.630157470703125;1.0030975341796875;0.0213623046875;0
2020-07-14 15:09:18;1594764565.692806;1;-0.545440673828125;0.9704437255859375;0.003631591796875;0
2020-07-14 15:09:18;1594764565.7323961;1;-0.5742340087890625;0.6755523681640625;0.052581787109375;0
2020-07-14 15:09:18;1594764565.771255;1;-0.7198028564453125;0.65234375;0.1559906005859375;0
2020-07-14 15:09:18;1594764565.811028;1;-0.57379150390625;0.769622802734375;0.1076202392578125;0
2020-07-14 15:09:18;1594764565.850997;1;-0.41796875;0.7549591064453125;0.0111541748046875;0
2020-07-14 15:09:18;1594764565.890279;1;-0.486297607421875;0.63922119140625;-0.003936767578125;0
2020-07-14 15:09:18;1594764565.931026;1;-0.51214599609375;0.633636474609375;-0.04876708984375;0
2020-07-14 15:09:18;1594764565.970889;1;-0.4692230224609375;0.6525421142578125;-0.0891571044921875;0
2020-07-14 15:09:18;1594764566.0128222;1;-0.5305328369140625;0.6454315185546875;0.033660888671875;0
2020-07-14 15:09:18;1594764566.0514688;1;-0.5791473388671875;0.658203125;0.1054534912109375;0
2020-07-14 15:09:18;1594764566.091274;1;-0.627655029296875;0.7501983642578125;0.1942901611328125;0
2020-07-14 15:09:18;1594764566.126478;1;-0.619384765625;0.817291259765625;0.2143707275390625;0
2020-07-14 15:09:18;1594764566.171043;1;-0.661468505859375;0.869110107421875;0.0684661865234375;0
2020-07-14 15:09:18;1594764566.211312;1;-0.7016754150390625;0.8909454345703125;0.043731689453125;0
2020-07-14 15:09:18;1594764566.251752;1;-0.796630859375;1.007415771484375;0.1083221435546875;0
2020-07-14 15:09:18;1594764566.291384;1;-0.7491455078125;1.0016021728515625;0.0028228759765625;0
2020-07-14 15:09:18;1594764566.332775;1;-0.6527862548828125;0.6397247314453125;-0.082244873046875;0
2020-07-14 15:09:18;1594764566.371803;1;-0.672454833984375;0.681793212890625;0.0078125;0
2020-07-14 15:09:18;1594764566.412856;1;-0.7761993408203125;0.8470611572265625;-0.013702392578125;0
2020-07-14 15:09:18;1594764566.4527311;1;-0.699310302734375;0.7895355224609375;-0.0814208984375;0
2020-07-14 15:09:18;1594764566.491267;1;-0.7171783447265625;0.6751251220703125;-0.02996826171875;0
2020-07-14 15:09:18;1594764566.531111;1;-0.6298370361328125;0.6755828857421875;-0.09722900390625;0
2020-07-14 15:09:18;1594764566.571707;1;-0.5622100830078125;0.7689056396484375;-0.088714599609375;0
2020-07-14 15:09:18;1594764566.611967;1;-0.50006103515625;0.777313232421875;-0.058074951171875;0
2020-07-14 15:09:18;1594764566.652395;1;-0.514434814453125;0.7992706298828125;-0.0762481689453125;0
2020-07-14 15:09:18;1594764566.6934428;1;-0.6171722412109375;0.90533447265625;-0.1359405517578125;0
2020-07-14 15:09:18;1594764566.7337852;1;-0.517303466796875;0.8814239501953125;-0.034698486328125;0
2020-07-14 15:09:18;1594764566.772244;1;-0.677215576171875;0.9852294921875;-0.034637451171875;0
2020-07-14 15:09:18;1594764566.813226;1;-0.741790771484375;1.04473876953125;-0.1801910400390625;0
2020-07-14 15:09:18;1594764566.8526511;1;-0.7722320556640625;1.0247802734375;-0.1124114990234375;0
2020-07-14 15:09:18;1594764566.892871;1;-0.7735748291015625;1.1248931884765625;-0.1256256103515625;0
2020-07-14 15:09:18;1594764566.9328818;1;-0.6348419189453125;1.05059814453125;-0.17401123046875;0
2020-07-14 15:09:18;1594764566.9719582;1;-0.5728912353515625;0.8563232421875;-0.10015869140625;0
2020-07-14 15:09:18;1594764567.013712;1;-0.53955078125;0.86407470703125;-0.0994873046875;0
2020-07-14 15:09:18;1594764567.051704;1;-0.4563751220703125;0.950408935546875;-0.147674560546875;0
2020-07-14 15:09:18;1594764567.092152;1;-0.339874267578125;0.8662261962890625;-0.1040191650390625;0
2020-07-14 15:09:18;1594764567.1330528;1;-0.3632659912109375;0.7323760986328125;-0.0230865478515625;0
2020-07-14 15:09:18;1594764567.171534;1;-0.4048004150390625;0.6512451171875;-0.0199432373046875;0
2020-07-14 15:09:18;1594764567.21192;1;-0.413055419921875;0.63616943359375;-0.025726318359375;0
2020-07-14 15:09:18;1594764567.250976;1;-0.394989013671875;0.676788330078125;0.0351409912109375;0
2020-07-14 15:09:18;1594764567.293621;1;-0.4146881103515625;0.7164764404296875;0.05523681640625;0
2020-07-14 15:09:18;1594764567.333163;1;-0.4496307373046875;0.7840728759765625;0.0230560302734375;0
2020-07-14 15:09:18;1594764567.3718848;1;-0.5159912109375;0.9384918212890625;0.057952880859375;0
2020-07-14 15:09:18;1594764567.411943;1;-0.5364990234375;1.0194854736328125;0.048828125;0
2020-07-14 15:09:18;1594764567.4520202;1;-0.63055419921875;0.9794464111328125;0.0522308349609375;0
2020-07-14 15:09:18;1594764567.492337;1;-0.800933837890625;1.110992431640625;0.039703369140625;0
2020-07-14 15:09:18;1594764567.532961;1;-0.72003173828125;1.08770751953125;-0.0841827392578125;0
2020-07-14 15:09:18;1594764567.57183;1;-0.6482391357421875;0.7825469970703125;-0.1041259765625;0
2020-07-14 15:09:18;1594764567.611508;1;-0.728240966796875;0.7057647705078125;-0.02032470703125;0
2020-07-14 15:09:18;1594764567.6522489;1;-0.77166748046875;0.7583770751953125;0.0159149169921875;0
2020-07-14 15:09:18;1594764567.692109;1;-0.7154693603515625;0.747039794921875;-0.0258941650390625;0
2020-07-14 15:09:18;1594764567.7321072;1;-0.6455078125;0.6504058837890625;-0.0706787109375;0
2020-07-14 15:09:18;1594764567.771103;1;-0.5964202880859375;0.6902313232421875;-0.049591064453125;0
2020-07-14 15:09:18;1594764567.8122349;1;-0.5005950927734375;0.74786376953125;-0.001922607421875;0
2020-07-14 15:09:18;1594764567.852724;1;-0.4257659912109375;0.7251739501953125;-0.017578125;0
2020-07-14 15:09:18;1594764567.893211;1;-0.4593048095703125;0.6998748779296875;-0.0055084228515625;0
2020-07-14 15:09:18;1594764567.933158;1;-0.598846435546875;0.750091552734375;0.026123046875;0
2020-07-14 15:09:18;1594764567.972746;1;-0.7171630859375;0.7918243408203125;0.0884857177734375;0
2020-07-14 15:09:18;1594764568.0131931;1;-0.79510498046875;0.8711090087890625;0.1086273193359375;0
2020-07-14 15:09:18;1594764568.052496;1;-0.792572021484375;0.8841705322265625;0.001953125;0
2020-07-14 15:09:18;1594764568.0920749;1;-0.824798583984375;0.9077606201171875;-0.05096435546875;0
2020-07-14 15:09:18;1594764568.132662;1;-0.7924652099609375;1.1000213623046875;-0.075714111328125;0
2020-07-14 15:09:18;1594764568.1736689;1;-0.6722259521484375;1.0563507080078125;-0.1258697509765625;0
2020-07-14 15:09:18;1594764568.213872;1;-0.6790618896484375;0.8515472412109375;-0.13555908203125;0
2020-07-14 15:09:18;1594764568.253489;1;-0.70343017578125;0.9139404296875;-0.101715087890625;0
2020-07-14 15:09:18;1594764568.29184;1;-0.5790863037109375;0.991180419921875;-0.09442138671875;0
2020-07-14 15:09:18;1594764568.334323;1;-0.4521026611328125;0.8830108642578125;-0.124786376953125;0
2020-07-14 15:09:18;1594764568.373616;1;-0.45947265625;0.7556610107421875;-0.099090576171875;0
2020-07-14 15:09:18;1594764568.413237;1;-0.415740966796875;0.71807861328125;-0.012664794921875;0
2020-07-14 15:09:18;1594764568.45386;1;-0.3798065185546875;0.7374114990234375;-0.005126953125;0
2020-07-14 15:09:18;1594764568.492299;1;-0.3760833740234375;0.6947784423828125;0.0160369873046875;0
2020-07-14 15:09:18;1594764568.5353808;1;-0.381011962890625;0.673431396484375;0.076446533203125;0
2020-07-14 15:09:18;1594764568.573471;1;-0.46917724609375;0.7373199462890625;0.0155792236328125;0
2020-07-14 15:09:18;1594764568.614246;1;-0.4645233154296875;0.7506256103515625;0.03094482421875;0
2020-07-14 15:09:18;1594764568.653741;1;-0.540740966796875;0.8281707763671875;0.135650634765625;0
2020-07-14 15:09:18;1594764568.693119;1;-0.6454925537109375;0.7843475341796875;0.106964111328125;0
2020-07-14 15:09:18;1594764568.73231;1;-0.8050994873046875;0.877105712890625;0.0847930908203125;0
2020-07-14 15:09:18;1594764568.772115;1;-0.8775634765625;1.0565643310546875;0.0340118408203125;0
2020-07-14 15:09:18;1594764568.8126578;1;-0.85101318359375;0.9269561767578125;-0.0179290771484375;0
2020-07-14 15:09:18;1594764568.853369;1;-0.8318023681640625;0.5961761474609375;-0.0958251953125;0
2020-07-14 15:09:18;1594764568.895053;1;-0.9244384765625;0.4832000732421875;-0.1200408935546875;0
2020-07-14 15:09:18;1594764568.9339972;1;-0.994537353515625;0.637054443359375;-0.0168304443359375;0
2020-07-14 15:09:18;1594764568.9714398;1;-0.9635009765625;0.6710357666015625;-0.0946044921875;0
2020-07-14 15:09:18;1594764569.014044;1;-0.8645477294921875;0.689788818359375;-0.20416259765625;0
2020-07-14 15:09:18;1594764569.055334;1;-0.7113037109375;0.685760498046875;-0.1948394775390625;0
2020-07-14 15:09:18;1594764569.093739;1;-0.6763153076171875;0.73114013671875;-0.1941070556640625;0
2020-07-14 15:09:18;1594764569.134242;1;-0.501708984375;0.6076507568359375;-0.11566162109375;0
2020-07-14 15:09:18;1594764569.1744351;1;-0.6500701904296875;0.673004150390625;-0.111083984375;0
2020-07-14 15:09:18;1594764569.215106;1;-0.7294464111328125;0.6916656494140625;-0.1546173095703125;0
2020-07-14 15:09:18;1594764569.255517;1;-0.77001953125;0.7208251953125;-0.1148223876953125;0
2020-07-14 15:09:18;1594764569.294833;1;-0.8843841552734375;0.6711578369140625;-0.094696044921875;0
2020-07-14 15:09:18;1594764569.334577;1;-0.865142822265625;0.676849365234375;-0.0179443359375;0
2020-07-14 15:09:18;1594764569.374397;1;-0.7835540771484375;0.6654815673828125;0.0505523681640625;0
2020-07-14 15:09:18;1594764569.415055;1;-0.7824859619140625;0.5672149658203125;0.0430908203125;0
2020-07-14 15:09:18;1594764569.454447;1;-0.7729949951171875;0.510162353515625;-0.002899169921875;0
2020-07-14 15:09:18;1594764569.494209;1;-0.910736083984375;0.631439208984375;0.0040435791015625;0
2020-07-14 15:09:18;1594764569.5358438;1;-0.914398193359375;0.6573944091796875;-0.0465545654296875;0
2020-07-14 15:09:18;1594764569.57401;1;-0.8938446044921875;0.5097198486328125;-0.0766754150390625;0
2020-07-14 15:09:18;1594764569.6158528;1;-0.76910400390625;0.4236907958984375;-0.13433837890625;0
2020-07-14 15:09:18;1594764569.653913;1;-0.6565704345703125;0.4625091552734375;-0.1011810302734375;0
2020-07-14 15:09:18;1594764569.6937551;1;-0.7428741455078125;0.5549163818359375;-0.0475921630859375;0
2020-07-14 15:09:18;1594764569.7352052;1;-0.7528076171875;0.6224517822265625;-0.210968017578125;0
2020-07-14 15:09:18;1594764569.774866;1;-0.69952392578125;0.6034088134765625;-0.3091888427734375;0
2020-07-14 15:09:18;1594764569.8154469;1;-0.71734619140625;0.636016845703125;-0.2404632568359375;0
2020-07-14 15:09:18;1594764569.855097;1;-0.7012481689453125;0.68280029296875;-0.2601470947265625;0
2020-07-14 15:09:18;1594764569.893643;1;-0.7055511474609375;0.74237060546875;-0.3030242919921875;0
2020-07-14 15:09:18;1594764569.934443;1;-0.74517822265625;0.8032073974609375;-0.3738555908203125;0
2020-07-14 15:09:18;1594764569.974107;1;-0.735687255859375;0.7871551513671875;-0.2779388427734375;0
2020-07-14 15:09:18;1594764570.0154529;1;-0.6795806884765625;0.7439727783203125;-0.2026214599609375;0
2020-07-14 15:09:18;1594764570.0532851;1;-0.6612701416015625;0.733734130859375;-0.18927001953125;0
2020-07-14 15:09:18;1594764570.0948849;1;-0.6839447021484375;0.71429443359375;-0.171661376953125;0
2020-07-14 15:09:18;1594764570.13519;1;-0.7074737548828125;0.7555389404296875;-0.2005157470703125;0
2020-07-14 15:09:18;1594764570.172721;1;-0.696136474609375;0.8045501708984375;-0.2989959716796875;0
2020-07-14 15:09:18;1594764570.214484;1;-0.70220947265625;0.81201171875;-0.281951904296875;0
2020-07-14 15:09:18;1594764570.2548928;1;-0.707275390625;0.8075103759765625;-0.27252197265625;0
2020-07-14 15:09:18;1594764570.2940001;1;-0.643035888671875;0.7639923095703125;-0.2604827880859375;0
2020-07-14 15:09:18;1594764570.334203;1;-0.5537567138671875;0.72967529296875;-0.3160247802734375;0
2020-07-14 15:09:18;1594764570.3749418;1;-0.5167083740234375;0.7304229736328125;-0.3053131103515625;0
2020-07-14 15:09:18;1594764570.41383;1;-0.4664154052734375;0.7315216064453125;-0.306915283203125;0
2020-07-14 15:09:18;1594764570.452656;1;-0.47027587890625;0.739715576171875;-0.27099609375;0
2020-07-14 15:09:18;1594764570.494252;1;-0.5533294677734375;0.745391845703125;-0.0400848388671875;0
2020-07-14 15:09:18;1594764570.535989;1;-0.4692535400390625;0.81109619140625;0.0652618408203125;0
2020-07-14 15:09:18;1594764570.5742369;1;-0.476715087890625;0.9482269287109375;-0.2192535400390625;0
2020-07-14 15:09:18;1594764570.615034;1;-0.442596435546875;0.974212646484375;-0.2540283203125;0
2020-07-14 15:09:18;1594764570.655076;1;-0.458526611328125;0.8067474365234375;-0.0331573486328125;0
2020-07-14 15:09:18;1594764570.694972;1;-0.5137176513671875;0.894317626953125;0.0150299072265625;0
2020-07-14 15:09:18;1594764570.7351809;1;-0.4381866455078125;0.994964599609375;-0.0120849609375;0
2020-07-14 15:09:18;1594764570.774735;1;-0.420684814453125;0.8611907958984375;0.0757904052734375;0
2020-07-14 15:09:18;1594764570.814581;1;-0.484283447265625;0.7799530029296875;0.0845947265625;0
2020-07-14 15:09:18;1594764570.8551831;1;-0.5371856689453125;0.802459716796875;0.071014404296875;0
2020-07-14 15:09:18;1594764570.895057;1;-0.5442352294921875;0.80426025390625;0.104400634765625;0
2020-07-14 15:09:18;1594764570.9358501;1;-0.5524749755859375;0.849945068359375;0.010009765625;0
2020-07-14 15:09:18;1594764570.9752932;1;-0.6192626953125;0.87384033203125;-0.08447265625;0
2020-07-14 15:09:18;1594764571.015973;1;-0.6588287353515625;0.8517913818359375;-0.04986572265625;0
2020-07-14 15:09:18;1594764571.055592;1;-0.6751251220703125;0.8153076171875;0.0419769287109375;0
2020-07-14 15:09:18;1594764571.096231;1;-0.675384521484375;0.7967681884765625;0.060760498046875;0
2020-07-14 15:09:18;1594764571.135824;1;-0.7188873291015625;0.82220458984375;0.034942626953125;0
2020-07-14 15:09:18;1594764571.1746469;1;-0.7119598388671875;0.8791046142578125;-0.0228729248046875;0
2020-07-14 15:09:18;1594764571.215324;1;-0.66241455078125;0.8694305419921875;-0.0814666748046875;0
2020-07-14 15:09:18;1594764571.254216;1;-0.681671142578125;0.943145751953125;-0.1168975830078125;0
2020-07-14 15:09:18;1594764571.29489;1;-0.6680755615234375;0.991058349609375;-0.16546630859375;0
2020-07-14 15:09:18;1594764571.3352032;1;-0.6401824951171875;1.003631591796875;-0.28985595703125;0
2020-07-14 15:09:18;1594764571.3756409;1;-0.5736236572265625;0.851806640625;-0.3306884765625;0
2020-07-14 15:09:18;1594764571.415875;1;-0.5420684814453125;0.8822479248046875;-0.2169189453125;0
2020-07-14 15:09:18;1594764571.455;1;-0.5690155029296875;1.0272064208984375;-0.217926025390625;0
2020-07-14 15:09:18;1594764571.495421;1;-0.52740478515625;1.0417022705078125;-0.3040313720703125;0
2020-07-14 15:09:18;1594764571.536573;1;-0.455169677734375;0.950714111328125;-0.306427001953125;0
2020-07-14 15:09:18;1594764571.5735822;1;-0.46734619140625;0.8712921142578125;-0.285430908203125;0
2020-07-14 15:09:18;1594764571.615612;1;-0.4261016845703125;0.844512939453125;-0.1304473876953125;0
2020-07-14 15:09:18;1594764571.6557832;1;-0.358795166015625;0.820648193359375;-0.0740814208984375;0
2020-07-14 15:09:18;1594764571.695281;1;-0.321014404296875;0.798583984375;-0.1335906982421875;0
2020-07-14 15:09:18;1594764571.735293;1;-0.3236541748046875;0.789764404296875;-0.1575927734375;0
2020-07-14 15:09:18;1594764571.774277;1;-0.3820037841796875;0.865936279296875;-0.0800018310546875;0
2020-07-14 15:09:18;1594764571.815866;1;-0.4075469970703125;0.909271240234375;-0.0492706298828125;0
2020-07-14 15:09:18;1594764571.855186;1;-0.4675750732421875;0.8487548828125;-0.0513458251953125;0
2020-07-14 15:09:18;1594764571.8945599;1;-0.5665130615234375;0.984222412109375;0.02191162109375;0
2020-07-14 15:09:18;1594764571.934917;1;-0.5518798828125;1.0840606689453125;-0.0565948486328125;0
2020-07-14 15:09:18;1594764571.97363;1;-0.541717529296875;0.8872833251953125;-0.1355133056640625;0
2020-07-14 15:09:18;1594764572.0148458;1;-0.666900634765625;0.797637939453125;-0.02325439453125;0
2020-07-14 15:09:18;1594764572.0548692;1;-0.721710205078125;0.8264007568359375;0.048797607421875;0
2020-07-14 15:09:18;1594764572.094686;1;-0.682220458984375;0.823974609375;0.00946044921875;0
2020-07-14 15:09:18;1594764572.134712;1;-0.6196746826171875;0.730072021484375;-0.0594635009765625;0
2020-07-14 15:09:18;1594764572.1746578;1;-0.5751190185546875;0.7227020263671875;-0.10577392578125;0
2020-07-14 15:09:18;1594764572.214808;1;-0.5082550048828125;0.75775146484375;-0.0564117431640625;0
2020-07-14 15:09:18;1594764572.254947;1;-0.474609375;0.744598388671875;-0.0399169921875;0
2020-07-14 15:09:18;1594764572.293607;1;-0.4919891357421875;0.7410736083984375;-0.046173095703125;0
2020-07-14 15:09:18;1594764572.3358521;1;-0.5697784423828125;0.7714385986328125;-0.0474395751953125;0
2020-07-14 15:09:18;1594764572.375568;1;-0.6961669921875;0.83636474609375;-0.0290374755859375;0
2020-07-14 15:09:18;1594764572.415776;1;-0.768280029296875;0.8978729248046875;-0.0373077392578125;0
2020-07-14 15:09:18;1594764572.4529948;1;-0.782684326171875;0.849090576171875;-0.10809326171875;0
2020-07-14 15:09:18;1594764572.4955;1;-0.8467559814453125;0.92193603515625;-0.1180572509765625;0
2020-07-14 15:09:18;1594764572.535647;1;-0.7486114501953125;1.010406494140625;-0.130279541015625;0
2020-07-14 15:09:18;1594764572.575458;1;-0.6297760009765625;0.9319305419921875;-0.1444091796875;0
2020-07-14 15:09:18;1594764572.6167688;1;-0.613189697265625;0.8029632568359375;-0.1168365478515625;0
2020-07-14 15:09:18;1594764572.655891;1;-0.6253509521484375;0.91778564453125;-0.1415863037109375;0
2020-07-14 15:09:18;1594764572.694843;1;-0.5441436767578125;0.9969482421875;-0.167388916015625;0
2020-07-14 15:09:18;1594764572.735755;1;-0.4325103759765625;0.872314453125;-0.2143402099609375;0
2020-07-14 15:09:18;1594764572.775234;1;-0.463592529296875;0.745330810546875;-0.257110595703125;0
2020-07-14 15:09:18;1594764572.816969;1;-0.4288330078125;0.7385101318359375;-0.1457672119140625;0
2020-07-14 15:09:18;1594764572.85639;1;-0.3408355712890625;0.7434234619140625;-0.07586669921875;0
2020-07-14 15:09:18;1594764572.895615;1;-0.3502197265625;0.7275390625;-0.03173828125;0
2020-07-14 15:09:18;1594764572.936017;1;-0.49462890625;0.72344970703125;-0.1031341552734375;0
2020-07-14 15:09:18;1594764572.9755058;1;-0.6164703369140625;0.738983154296875;-0.2085113525390625;0
2020-07-14 15:09:18;1594764573.015942;1;-0.621673583984375;0.8060455322265625;-0.0994415283203125;0
2020-07-14 15:09:18;1594764573.055705;1;-0.631744384765625;0.7990264892578125;-0.07891845703125;0
2020-07-14 15:09:18;1594764573.096379;1;-0.7275848388671875;0.8303375244140625;-0.111846923828125;0
2020-07-14 15:09:18;1594764573.138855;1;-0.6953887939453125;0.9237518310546875;-0.131988525390625;0
2020-07-14 15:09:18;1594764573.175492;1;-0.7675933837890625;0.905670166015625;-0.0710906982421875;0
2020-07-14 15:09:18;1594764573.216819;1;-0.759063720703125;0.7245941162109375;0.16595458984375;0
2020-07-14 15:09:18;1594764573.255005;1;-0.7829742431640625;0.6463775634765625;0.257293701171875;0
2020-07-14 15:09:18;1594764573.295578;1;-0.78302001953125;0.7635955810546875;0.0733489990234375;0
2020-07-14 15:09:18;1594764573.335829;1;-0.6896514892578125;0.8238067626953125;-0.0983123779296875;0
2020-07-14 15:09:18;1594764573.3745642;1;-0.59600830078125;0.7564697265625;-0.0989532470703125;0
2020-07-14 15:09:18;1594764573.4160318;1;-0.5133819580078125;0.6725921630859375;-0.02679443359375;0
2020-07-14 15:09:18;1594764573.456389;1;-0.4368743896484375;0.6307220458984375;0.0753631591796875;0
2020-07-14 15:09:18;1594764573.496523;1;-0.4964141845703125;0.6347808837890625;0.1107177734375;0
2020-07-14 15:09:18;1594764573.535771;1;-0.578216552734375;0.6805267333984375;0.07415771484375;0
2020-07-14 15:09:18;1594764573.575235;1;-0.629608154296875;0.710601806640625;0.044677734375;0
2020-07-14 15:09:18;1594764573.615485;1;-0.729248046875;0.739990234375;0.1124420166015625;0
2020-07-14 15:09:18;1594764573.656021;1;-0.6945953369140625;0.745574951171875;0.2486572265625;0
2020-07-14 15:09:18;1594764573.695436;1;-0.607452392578125;0.736236572265625;0.21173095703125;0
2020-07-14 15:09:18;1594764573.736481;1;-0.5930633544921875;0.701904296875;0.1133880615234375;0
2020-07-14 15:09:18;1594764573.775379;1;-0.710601806640625;0.8222198486328125;0.02984619140625;0
2020-07-14 15:09:18;1594764573.816438;1;-0.7899627685546875;0.93182373046875;0.0351715087890625;0
2020-07-14 15:09:18;1594764573.856101;1;-0.8173370361328125;0.9272308349609375;-0.0544586181640625;0
2020-07-14 15:09:18;1594764573.895897;1;-0.781707763671875;0.7415618896484375;0.018280029296875;0
2020-07-14 15:09:18;1594764573.9347072;1;-0.6728363037109375;0.7235565185546875;0.1828460693359375;0
2020-07-14 15:09:18;1594764573.976093;1;-0.5845184326171875;0.889556884765625;0.106842041015625;0
2020-07-14 15:09:18;1594764574.017282;1;-0.5396881103515625;0.927154541015625;-0.1236724853515625;0
2020-07-14 15:09:18;1594764574.056159;1;-0.557830810546875;0.8080596923828125;-0.22381591796875;0
2020-07-14 15:09:18;1594764574.096467;1;-0.546966552734375;0.7295684814453125;-0.045928955078125;0
2020-07-14 15:09:18;1594764574.13955;1;-0.47662353515625;0.6881561279296875;0.12420654296875;0
2020-07-14 15:09:18;1594764574.175764;1;-0.45733642578125;0.678497314453125;0.08404541015625;0
2020-07-14 15:09:18;1594764574.215417;1;-0.5290374755859375;0.7221527099609375;-0.0413970947265625;0
2020-07-14 15:09:18;1594764574.256033;1;-0.529266357421875;0.7366180419921875;-0.0860137939453125;0
2020-07-14 15:09:18;1594764574.2963328;1;-0.5793914794921875;0.7097015380859375;-0.0804595947265625;0
2020-07-14 15:09:18;1594764574.336855;1;-0.644927978515625;0.706085205078125;-0.08599853515625;0
2020-07-14 15:09:18;1594764574.3760529;1;-0.673583984375;0.814208984375;-0.1498870849609375;0
2020-07-14 15:09:18;1594764574.4189649;1;-0.6626129150390625;0.89971923828125;-0.1725311279296875;0
2020-07-14 15:09:18;1594764574.456619;1;-0.627471923828125;0.9451446533203125;-0.20684814453125;0
2020-07-14 15:09:18;1594764574.4993649;1;-0.57037353515625;0.9585723876953125;-0.219757080078125;0
2020-07-14 15:09:18;1594764574.536185;1;-0.5955963134765625;0.930938720703125;-0.23309326171875;0
2020-07-14 15:09:18;1594764574.576631;1;-0.5848846435546875;0.7026824951171875;-0.2073974609375;0
2020-07-14 15:09:18;1594764574.61921;1;-0.64569091796875;0.6590423583984375;-0.07733154296875;0
2020-07-14 15:09:18;1594764574.659338;1;-0.72430419921875;0.7249298095703125;0.0510101318359375;0
2020-07-14 15:09:18;1594764574.698948;1;-0.7154998779296875;0.73822021484375;0.0496978759765625;0
2020-07-14 15:09:18;1594764574.739067;1;-0.6423492431640625;0.7389373779296875;-0.079315185546875;0
2020-07-14 15:09:18;1594764574.776453;1;-0.5734100341796875;0.752716064453125;-0.1944732666015625;0
2020-07-14 15:09:18;1594764574.820428;1;-0.549346923828125;0.717254638671875;-0.1391143798828125;0
2020-07-14 15:09:18;1594764574.858902;1;-0.5662689208984375;0.6802215576171875;-0.0152435302734375;0
2020-07-14 15:09:18;1594764574.8958201;1;-0.586517333984375;0.6963653564453125;0.043060302734375;0
2020-07-14 15:09:18;1594764574.939168;1;-0.6419830322265625;0.746734619140625;0.077972412109375;0
2020-07-14 15:09:18;1594764574.9768481;1;-0.6807098388671875;0.793365478515625;0.041229248046875;0
2020-07-14 15:09:18;1594764575.016855;1;-0.70556640625;0.8404998779296875;-0.0004730224609375;0
2020-07-14 15:09:18;1594764575.0563002;1;-0.69171142578125;0.84503173828125;-0.0464630126953125;0
2020-07-14 15:09:18;1594764575.099204;1;-0.7499237060546875;0.908203125;-0.079864501953125;0
2020-07-14 15:09:18;1594764575.1393108;1;-0.7154083251953125;1.007080078125;-0.140960693359375;0
2020-07-14 15:09:18;1594764575.179532;1;-0.6670989990234375;0.938507080078125;-0.1433258056640625;0
2020-07-14 15:09:18;1594764575.219077;1;-0.6839599609375;0.7928009033203125;-0.09820556640625;0
2020-07-14 15:09:18;1594764575.259531;1;-0.706573486328125;0.8603973388671875;-0.1188507080078125;0
2020-07-14 15:09:18;1594764575.300288;1;-0.658294677734375;0.9645843505859375;-0.1395721435546875;0
2020-07-14 15:09:18;1594764575.3397;1;-0.542083740234375;0.864715576171875;-0.1774749755859375;0
2020-07-14 15:09:18;1594764575.379096;1;-0.5330963134765625;0.7470550537109375;-0.162384033203125;0
2020-07-14 15:09:18;1594764575.420172;1;-0.4952392578125;0.7224578857421875;-0.0977020263671875;0
2020-07-14 15:09:18;1594764575.4595861;1;-0.422576904296875;0.7257232666015625;-0.0715789794921875;0
2020-07-14 15:09:18;1594764575.500432;1;-0.366546630859375;0.7211456298828125;-0.06646728515625;0
2020-07-14 15:09:18;1594764575.539511;1;-0.355133056640625;0.7029266357421875;-0.0459747314453125;0
2020-07-14 15:09:18;1594764575.5788789;1;-0.3962554931640625;0.726409912109375;-0.04437255859375;0
2020-07-14 15:09:18;1594764575.6203818;1;-0.43524169921875;0.8528594970703125;-0.02069091796875;0
2020-07-14 15:09:18;1594764575.658855;1;-0.4977569580078125;0.9404754638671875;-0.0280914306640625;0
2020-07-14 15:09:18;1594764575.699152;1;-0.6139373779296875;0.9387969970703125;-0.0189208984375;0
2020-07-14 15:09:18;1594764575.739869;1;-0.656951904296875;1.1251373291015625;0.0084228515625;0
2020-07-14 15:09:18;1594764575.776698;1;-0.621826171875;1.1115570068359375;-0.14508056640625;0
2020-07-14 15:09:18;1594764575.819597;1;-0.61273193359375;0.8627166748046875;-0.1214752197265625;0
2020-07-14 15:09:18;1594764575.85854;1;-0.7021331787109375;0.68255615234375;0.018829345703125;0
2020-07-14 15:09:18;1594764575.899224;1;-0.789337158203125;0.6893157958984375;0.131683349609375;0
2020-07-14 15:09:18;1594764575.939285;1;-0.70428466796875;0.7260284423828125;0.0962677001953125;0
2020-07-14 15:09:18;1594764575.979013;1;-0.608673095703125;0.687042236328125;-0.049407958984375;0
2020-07-14 15:09:18;1594764576.0206661;1;-0.5344696044921875;0.685882568359375;-0.1544647216796875;0
2020-07-14 15:09:18;1594764576.058608;1;-0.498321533203125;0.7258148193359375;-0.1646728515625;0
2020-07-14 15:09:18;1594764576.098925;1;-0.47528076171875;0.726318359375;-0.0659942626953125;0
2020-07-14 15:09:18;1594764576.139452;1;-0.5044708251953125;0.704132080078125;-0.0331878662109375;0
2020-07-14 15:09:18;1594764576.179698;1;-0.5748443603515625;0.7498779296875;0.00421142578125;0
2020-07-14 15:09:18;1594764576.2189589;1;-0.6415863037109375;0.8858642578125;0.022491455078125;0
2020-07-14 15:09:18;1594764576.258847;1;-0.6619110107421875;0.9407806396484375;-0.0357666015625;0
2020-07-14 15:09:18;1594764576.299506;1;-0.69061279296875;0.86932373046875;-0.075927734375;0
2020-07-14 15:09:18;1594764576.339966;1;-0.7942352294921875;0.932098388671875;-0.0392608642578125;0
2020-07-14 15:09:18;1594764576.379991;1;-0.7274932861328125;1.016143798828125;-0.0375518798828125;0
2020-07-14 15:09:18;1594764576.420401;1;-0.6301422119140625;0.89324951171875;-0.093109130859375;0
2020-07-14 15:09:18;1594764576.4599671;1;-0.6739959716796875;0.7721710205078125;-0.14434814453125;0
2020-07-14 15:09:18;1594764576.4991078;1;-0.66534423828125;0.8343353271484375;-0.10955810546875;0
2020-07-14 15:09:18;1594764576.540565;1;-0.6152496337890625;0.8763885498046875;-0.1251220703125;0
2020-07-14 15:09:18;1594764576.580363;1;-0.5897674560546875;0.7899932861328125;-0.1526031494140625;0
2020-07-14 15:09:18;1594764576.6199942;1;-0.60491943359375;0.7264251708984375;-0.1609954833984375;0
2020-07-14 15:09:18;1594764576.6601129;1;-0.5584869384765625;0.73114013671875;-0.1467132568359375;0
2020-07-14 15:09:18;1594764576.697198;1;-0.4982147216796875;0.7467193603515625;-0.0875701904296875;0
2020-07-14 15:09:18;1594764576.740488;1;-0.4470672607421875;0.752838134765625;-0.0382537841796875;0
2020-07-14 15:09:18;1594764576.7803679;1;-0.430023193359375;0.772735595703125;-0.04742431640625;0
2020-07-14 15:09:18;1594764576.820459;1;-0.4240570068359375;0.788299560546875;-0.0760498046875;0
2020-07-14 15:09:18;1594764576.8593678;1;-0.4683990478515625;0.879638671875;-0.0128326416015625;0
2020-07-14 15:09:18;1594764576.9001188;1;-0.4638214111328125;0.9156036376953125;0.0042724609375;0
2020-07-14 15:09:18;1594764576.9389439;1;-0.551971435546875;0.8854217529296875;-0.0215301513671875;0
2020-07-14 15:09:18;1594764576.979856;1;-0.629119873046875;1.011383056640625;0.0254058837890625;0
2020-07-14 15:09:18;1594764577.0205631;1;-0.5940093994140625;1.008331298828125;-0.097137451171875;0
2020-07-14 15:09:18;1594764577.05929;1;-0.575408935546875;0.8189544677734375;-0.1373138427734375;0
2020-07-14 15:09:18;1594764577.099042;1;-0.656585693359375;0.7298126220703125;-0.020263671875;0
2020-07-14 15:09:18;1594764577.1403189;1;-0.7412567138671875;0.784576416015625;-0.0094451904296875;0
2020-07-14 15:09:18;1594764577.179771;1;-0.68731689453125;0.8135528564453125;-0.0624542236328125;0
2020-07-14 15:09:18;1594764577.221107;1;-0.5941925048828125;0.72296142578125;-0.110809326171875;0
2020-07-14 15:09:18;1594764577.2599602;1;-0.54559326171875;0.676513671875;-0.121063232421875;0
2020-07-14 15:09:18;1594764577.299706;1;-0.4976654052734375;0.67547607421875;-0.0407257080078125;0
2020-07-14 15:09:18;1594764577.340075;1;-0.499847412109375;0.6579437255859375;-0.0086822509765625;0
2020-07-14 15:09:18;1594764577.3805552;1;-0.558380126953125;0.6764678955078125;0.019073486328125;0
2020-07-14 15:09:18;1594764577.421155;1;-0.6646728515625;0.7631072998046875;0.009063720703125;0
2020-07-14 15:09:18;1594764577.459723;1;-0.747589111328125;0.8924560546875;-0.034210205078125;0
2020-07-14 15:09:18;1594764577.501411;1;-0.8053131103515625;0.9323272705078125;-0.0576324462890625;0
2020-07-14 15:09:18;1594764577.532893;1;-0.8149261474609375;0.8384246826171875;-0.072479248046875;0
2020-07-14 15:09:18;1594764577.579609;1;-0.845001220703125;0.8742523193359375;-0.01043701171875;0
2020-07-14 15:09:18;1594764577.621639;1;-0.7686920166015625;1.040191650390625;0.006103515625;0
2020-07-14 15:09:18;1594764577.661127;1;-0.6431121826171875;0.9511566162109375;-0.0857391357421875;0
2020-07-14 15:09:18;1594764577.702489;1;-0.7010345458984375;0.8003387451171875;-0.088775634765625;0
2020-07-14 15:09:18;1594764577.740292;1;-0.70068359375;0.876373291015625;-0.0977020263671875;0
2020-07-14 15:09:18;1594764577.781516;1;-0.608642578125;0.9843292236328125;-0.0631866455078125;0
2020-07-14 15:09:18;1594764577.8208342;1;-0.5086517333984375;0.9270782470703125;-0.082763671875;0
2020-07-14 15:09:18;1594764577.8616118;1;-0.50921630859375;0.830841064453125;-0.0581207275390625;0
2020-07-14 15:09:18;1594764577.90046;1;-0.4776763916015625;0.8007659912109375;0.0229949951171875;0
2020-07-14 15:09:18;1594764577.939918;1;-0.419281005859375;0.7872314453125;0.0485992431640625;0
2020-07-14 15:09:18;1594764577.980276;1;-0.3717193603515625;0.7511444091796875;0.1117095947265625;0
2020-07-14 15:09:18;1594764578.02088;1;-0.385162353515625;0.735260009765625;0.0903472900390625;0
2020-07-14 15:09:18;1594764578.0598311;1;-0.3968048095703125;0.782684326171875;0.046295166015625;0
2020-07-14 15:09:18;1594764578.101531;1;-0.4107666015625;0.9143218994140625;0.021820068359375;0
2020-07-14 15:09:18;1594764578.1411881;1;-0.464141845703125;0.925750732421875;-0.068206787109375;0
2020-07-14 15:09:18;1594764578.1812348;1;-0.582550048828125;0.9543609619140625;-0.1400909423828125;0
2020-07-14 15:09:18;1594764578.2220411;1;-0.6027069091796875;1.0135498046875;-0.198638916015625;0
2020-07-14 15:09:18;1594764578.26138;1;-0.55712890625;0.95721435546875;-0.2313079833984375;0
2020-07-14 15:09:18;1594764578.3007169;1;-0.5833587646484375;0.759063720703125;-0.2350006103515625;0
2020-07-14 15:09:18;1594764578.333527;1;-0.6962127685546875;0.78424072265625;-0.1918792724609375;0
2020-07-14 15:09:18;1594764578.381957;1;-0.68548583984375;0.8691253662109375;-0.1708831787109375;0
2020-07-14 15:09:18;1594764578.421795;1;-0.6117706298828125;0.7740631103515625;-0.1540374755859375;0
2020-07-14 15:09:18;1594764578.460938;1;-0.58636474609375;0.689697265625;-0.1400909423828125;0
2020-07-14 15:09:18;1594764578.5024009;1;-0.556640625;0.7131195068359375;-0.093353271484375;0
2020-07-14 15:09:18;1594764578.540849;1;-0.55853271484375;0.7381439208984375;-0.0485076904296875;0
2020-07-14 15:09:18;1594764578.581332;1;-0.5561676025390625;0.7441253662109375;0.013641357421875;0
2020-07-14 15:09:18;1594764578.622178;1;-0.620391845703125;0.821197509765625;0.03228759765625;0
2020-07-14 15:09:18;1594764578.6618419;1;-0.7411956787109375;0.9472808837890625;-0.012420654296875;0
2020-07-14 15:09:18;1594764578.702404;1;-0.8043060302734375;0.9622344970703125;0.0094757080078125;0
2020-07-14 15:09:18;1594764578.739816;1;-0.858642578125;0.8706817626953125;-0.002593994140625;0
2020-07-14 15:09:18;1594764578.780977;1;-0.9235382080078125;0.839630126953125;-0.0378265380859375;0
2020-07-14 15:09:18;1594764578.822906;1;-0.92626953125;0.9504241943359375;-0.003387451171875;0
2020-07-14 15:09:18;1594764578.8595362;1;-0.8122711181640625;0.9569091796875;-0.0376434326171875;0
2020-07-14 15:09:18;1594764578.904371;1;-0.7742767333984375;0.786102294921875;-0.0944061279296875;0
2020-07-14 15:09:18;1594764578.942888;1;-0.766204833984375;0.8160247802734375;-0.0158843994140625;0
2020-07-14 15:09:18;1594764578.9822779;1;-0.70654296875;0.95989990234375;-0.0380859375;0
2020-07-14 15:09:18;1594764579.0218248;1;-0.6119537353515625;0.987823486328125;-0.2230377197265625;0
2020-07-14 15:09:18;1594764579.0620189;1;-0.6209869384765625;0.904815673828125;-0.291656494140625;0
2020-07-14 15:09:18;1594764579.1021981;1;-0.6046142578125;0.9088897705078125;-0.3182220458984375;0
2020-07-14 15:09:18;1594764579.141564;1;-0.5123443603515625;0.93994140625;-0.2034912109375;0
2020-07-14 15:09:18;1594764579.1827679;1;-0.4371490478515625;0.8817291259765625;-0.081695556640625;0
2020-07-14 15:09:18;1594764579.224062;1;-0.345123291015625;0.797454833984375;-0.0091400146484375;0
2020-07-14 15:09:18;1594764579.261777;1;-0.3093414306640625;0.76263427734375;-0.0511322021484375;0
2020-07-14 15:09:18;1594764579.301367;1;-0.3225555419921875;0.789886474609375;-0.0818939208984375;0
2020-07-14 15:09:18;1594764579.3404;1;-0.36981201171875;0.8183135986328125;-0.0091400146484375;0
2020-07-14 15:09:18;1594764579.382354;1;-0.44378662109375;0.7626190185546875;0.0361328125;0
2020-07-14 15:09:18;1594764579.422457;1;-0.6402740478515625;0.9006500244140625;0.0839080810546875;0
2020-07-14 15:09:18;1594764579.462462;1;-0.5952606201171875;1.050079345703125;0.058837890625;0
2020-07-14 15:09:18;1594764579.5028892;1;-0.5855255126953125;0.876922607421875;-0.07122802734375;0
2020-07-14 15:09:18;1594764579.542618;1;-0.7401580810546875;0.7877044677734375;-0.048980712890625;0
2020-07-14 15:09:18;1594764579.581954;1;-0.8078155517578125;0.8554229736328125;-0.0375823974609375;0
2020-07-14 15:09:18;1594764579.622805;1;-0.7544403076171875;0.8498992919921875;0.0010528564453125;0
2020-07-14 15:09:18;1594764579.66202;1;-0.6743011474609375;0.7138519287109375;-0.0648345947265625;0
2020-07-14 15:09:18;1594764579.7021708;1;-0.6443939208984375;0.6961822509765625;-0.13494873046875;0
2020-07-14 15:09:18;1594764579.7418962;1;-0.5750885009765625;0.742950439453125;-0.1823577880859375;0
2020-07-14 15:09:18;1594764579.781918;1;-0.5236663818359375;0.737213134765625;-0.1256866455078125;0
2020-07-14 15:09:18;1594764579.8224769;1;-0.5701904296875;0.7188262939453125;-0.094024658203125;0
2020-07-14 15:09:18;1594764579.862152;1;-0.6151885986328125;0.7506866455078125;-0.068603515625;0
2020-07-14 15:09:18;1594764579.903204;1;-0.7355499267578125;0.81048583984375;-0.0765533447265625;0
2020-07-14 15:09:18;1594764579.9429312;1;-0.8219757080078125;0.8621673583984375;-0.1057281494140625;0
2020-07-14 15:09:18;1594764579.982562;1;-0.87188720703125;0.873687744140625;-0.1361236572265625;0
2020-07-14 15:09:18;1594764580.022969;1;-0.90216064453125;0.8621063232421875;-0.1060943603515625;0
2020-07-14 15:09:18;1594764580.062262;1;-0.888275146484375;0.9904632568359375;-0.087677001953125;0
2020-07-14 15:09:18;1594764580.102145;1;-0.8399505615234375;1.023956298828125;-0.0883331298828125;0
2020-07-14 15:09:18;1594764580.142542;1;-0.7596893310546875;0.81756591796875;-0.090057373046875;0
2020-07-14 15:09:18;1594764580.182678;1;-0.769866943359375;0.8477783203125;-0.12298583984375;0
2020-07-14 15:09:18;1594764580.2236872;1;-0.7181243896484375;0.998199462890625;-0.1424713134765625;0
2020-07-14 15:09:18;1594764580.262752;1;-0.6302947998046875;1.039764404296875;-0.1780548095703125;0
2020-07-14 15:09:18;1594764580.3036819;1;-0.556365966796875;0.9357147216796875;-0.1810455322265625;0
2020-07-14 15:09:18;1594764580.3430939;1;-0.503082275390625;0.8460540771484375;-0.1775665283203125;0
2020-07-14 15:09:18;1594764580.3824081;1;-0.437103271484375;0.8048553466796875;-0.1616973876953125;0
2020-07-14 15:09:18;1594764580.423071;1;-0.4147491455078125;0.759613037109375;-0.0985260009765625;0
2020-07-14 15:09:18;1594764580.4632602;1;-0.408538818359375;0.713287353515625;-0.0477752685546875;0
2020-07-14 15:09:18;1594764580.502843;1;-0.37921142578125;0.68621826171875;-0.06304931640625;0
2020-07-14 15:09:18;1594764580.542377;1;-0.3441162109375;0.6692657470703125;-0.0874481201171875;0
2020-07-14 15:09:18;1594764580.582927;1;-0.36761474609375;0.7201385498046875;-0.076080322265625;0
2020-07-14 15:09:18;1594764580.623378;1;-0.3957672119140625;0.73248291015625;-0.0812225341796875;0
2020-07-14 15:09:18;1594764580.663111;1;-0.5270538330078125;0.84197998046875;-0.1334228515625;0
2020-07-14 15:09:18;1594764580.704277;1;-0.6491546630859375;1.0473480224609375;-0.09600830078125;0
2020-07-14 15:09:18;1594764580.7433;1;-0.613311767578125;1.0035858154296875;-0.13592529296875;0
2020-07-14 15:09:18;1594764580.7843099;1;-0.60919189453125;0.851104736328125;-0.2589263916015625;0
2020-07-14 15:09:18;1594764580.823636;1;-0.701568603515625;0.76385498046875;-0.249786376953125;0
2020-07-14 15:09:18;1594764580.862529;1;-0.7833099365234375;0.8437652587890625;-0.18115234375;0
2020-07-14 15:09:18;1594764580.903291;1;-0.827911376953125;0.8857421875;-0.179962158203125;0
2020-07-14 15:09:18;1594764580.943547;1;-0.779449462890625;0.83624267578125;-0.212066650390625;0
2020-07-14 15:09:18;1594764580.983432;1;-0.696136474609375;0.772186279296875;-0.2152252197265625;0
2020-07-14 15:09:18;1594764581.022969;1;-0.6219329833984375;0.756805419921875;-0.1343841552734375;0
2020-07-14 15:09:18;1594764581.063107;1;-0.6263427734375;0.7327117919921875;-0.07965087890625;0
2020-07-14 15:09:18;1594764581.102431;1;-0.6082916259765625;0.711700439453125;-0.00274658203125;0
2020-07-14 15:09:18;1594764581.1434479;1;-0.6788787841796875;0.7543792724609375;0.0186309814453125;0
2020-07-14 15:09:18;1594764581.1836061;1;-0.842742919921875;0.787811279296875;-0.1265869140625;0
2020-07-14 15:09:18;1594764581.224495;1;-0.864532470703125;0.7807159423828125;-0.1601104736328125;0
2020-07-14 15:09:18;1594764581.265199;1;-0.7998199462890625;0.81463623046875;-0.1473236083984375;0
2020-07-14 15:09:18;1594764581.304342;1;-0.69671630859375;0.83148193359375;-0.24444580078125;0
2020-07-14 15:09:18;1594764581.343988;1;-0.5663604736328125;0.8336181640625;-0.2740631103515625;0
2020-07-14 15:09:18;1594764581.384407;1;-0.5146026611328125;0.8540191650390625;-0.3486480712890625;0
2020-07-14 15:09:18;1594764581.423324;1;-0.5334625244140625;0.8971405029296875;-0.2987518310546875;0
2020-07-14 15:09:18;1594764581.463777;1;-0.487152099609375;0.957550048828125;-0.238067626953125;0
2020-07-14 15:09:18;1594764581.503477;1;-0.435150146484375;0.818603515625;-0.2240753173828125;0
2020-07-14 15:09:18;1594764581.544073;1;-0.43304443359375;0.73065185546875;-0.2130584716796875;0
2020-07-14 15:09:18;1594764581.583602;1;-0.4158477783203125;0.79473876953125;-0.2350006103515625;0
2020-07-14 15:09:18;1594764581.625632;1;-0.3387298583984375;0.8628692626953125;-0.2608184814453125;0
2020-07-14 15:09:18;1594764581.6645231;1;-0.309844970703125;0.827789306640625;-0.365509033203125;0
2020-07-14 15:09:18;1594764581.705018;1;-0.3912811279296875;0.8246002197265625;-0.509552001953125;0
2020-07-14 15:09:18;1594764581.74437;1;-0.4714508056640625;0.8412628173828125;-0.524749755859375;0
2020-07-14 15:09:18;1594764581.783677;1;-0.5255889892578125;0.849365234375;-0.40704345703125;0
2020-07-14 15:09:18;1594764581.825079;1;-0.612457275390625;0.8731842041015625;-0.3489532470703125;0
2020-07-14 15:09:18;1594764581.863816;1;-0.6986541748046875;0.91900634765625;-0.3798828125;0
2020-07-14 15:09:18;1594764581.904218;1;-0.7352294921875;0.9452667236328125;-0.3904266357421875;0
2020-07-14 15:09:18;1594764581.943513;1;-0.738189697265625;0.933502197265625;-0.3493804931640625;0
2020-07-14 15:09:18;1594764581.984422;1;-0.6682281494140625;0.9243316650390625;-0.3296051025390625;0
2020-07-14 15:09:18;1594764582.025439;1;-0.5943145751953125;0.9241790771484375;-0.2998809814453125;0
2020-07-14 15:09:18;1594764582.064713;1;-0.55450439453125;0.9375457763671875;-0.2251739501953125;0
2020-07-14 15:09:18;1594764582.10532;1;-0.4984893798828125;0.9832763671875;-0.18304443359375;0
2020-07-14 15:09:18;1594764582.145;1;-0.3950347900390625;0.9744720458984375;-0.233489990234375;0
2020-07-14 15:09:18;1594764582.1840281;1;-0.3475189208984375;0.9168853759765625;-0.261383056640625;0
2020-07-14 15:09:18;1594764582.22351;1;-0.3775177001953125;0.8538970947265625;-0.1905670166015625;0
2020-07-14 15:09:18;1594764582.2634501;1;-0.4306182861328125;0.8642425537109375;-0.111724853515625;0
2020-07-14 15:09:18;1594764582.304712;1;-0.4555511474609375;0.8365020751953125;-0.16754150390625;0
2020-07-14 15:09:18;1594764582.3437529;1;-0.515533447265625;0.7758636474609375;-0.217681884765625;0
2020-07-14 15:09:18;1594764582.38394;1;-0.5458526611328125;0.7967681884765625;-0.1313018798828125;0
2020-07-14 15:09:18;1594764582.4245582;1;-0.4599151611328125;0.81640625;0.0050811767578125;0
2020-07-14 15:09:18;1594764582.463031;1;-0.3733673095703125;0.941253662109375;0.0431671142578125;0
2020-07-14 15:09:18;1594764582.505743;1;-0.320465087890625;1.0084381103515625;-0.0048828125;0
2020-07-14 15:09:18;1594764582.5458689;1;-0.403656005859375;0.919525146484375;0.0226593017578125;0
2020-07-14 15:09:18;1594764582.583352;1;-0.48724365234375;0.897430419921875;0.1139678955078125;0
2020-07-14 15:09:18;1594764582.62531;1;-0.5487060546875;0.886260986328125;0.1355133056640625;0
2020-07-14 15:09:18;1594764582.664454;1;-0.5470733642578125;0.8507537841796875;0.1298675537109375;0
2020-07-14 15:09:18;1594764582.705425;1;-0.5152435302734375;0.8101043701171875;0.115875244140625;0
2020-07-14 15:09:18;1594764582.743744;1;-0.5175628662109375;0.8088836669921875;0.1079559326171875;0
2020-07-14 15:09:18;1594764582.785719;1;-0.5504302978515625;0.84686279296875;0.0558624267578125;0
2020-07-14 15:09:18;1594764582.826046;1;-0.563934326171875;0.8358612060546875;-0.0036468505859375;0
2020-07-14 15:09:18;1594764582.865577;1;-0.5973968505859375;0.8189544677734375;-0.0243377685546875;0
2020-07-14 15:09:18;1594764582.904171;1;-0.627227783203125;0.81463623046875;-0.0257110595703125;0
2020-07-14 15:09:18;1594764582.9434462;1;-0.666015625;0.8194580078125;-0.04974365234375;0
2020-07-14 15:09:18;1594764582.9854589;1;-0.7379150390625;0.87921142578125;-0.0864410400390625;0
2020-07-14 15:09:18;1594764583.024191;1;-0.78424072265625;0.9817657470703125;-0.1624908447265625;0
2020-07-14 15:09:18;1594764583.063842;1;-0.7017364501953125;0.855804443359375;-0.152740478515625;0
2020-07-14 15:09:18;1594764583.1051989;1;-0.7210235595703125;0.793121337890625;-0.0381011962890625;0
2020-07-14 15:09:18;1594764583.1453671;1;-0.688629150390625;0.91961669921875;-0.0961151123046875;0
2020-07-14 15:09:18;1594764583.185876;1;-0.65911865234375;1.0366973876953125;-0.17279052734375;0
2020-07-14 15:09:18;1594764583.2249541;1;-0.6173553466796875;0.9875030517578125;-0.2606353759765625;0
2020-07-14 15:09:18;1594764583.265317;1;-0.595184326171875;0.9297027587890625;-0.2519683837890625;0
2020-07-14 15:09:18;1594764583.3049412;1;-0.52288818359375;0.9170989990234375;-0.2151947021484375;0
2020-07-14 15:09:18;1594764583.34391;1;-0.4221038818359375;0.8990020751953125;-0.1506195068359375;0
2020-07-14 15:09:18;1594764583.385137;1;-0.3568267822265625;0.863006591796875;-0.135162353515625;0
2020-07-14 15:09:18;1594764583.4259949;1;-0.33013916015625;0.82440185546875;-0.1648101806640625;0
2020-07-14 15:09:18;1594764583.46555;1;-0.3743896484375;0.8207244873046875;-0.1377716064453125;0
2020-07-14 15:09:18;1594764583.5060549;1;-0.3948516845703125;0.8550262451171875;-0.00323486328125;0
2020-07-14 15:09:18;1594764583.54453;1;-0.376617431640625;0.9015045166015625;0.0244140625;0
2020-07-14 15:09:18;1594764583.5846071;1;-0.3712921142578125;0.9416046142578125;-0.093475341796875;0
2020-07-14 15:09:18;1594764583.624363;1;-0.4238128662109375;1.0299835205078125;-0.0264892578125;0
2020-07-14 15:09:18;1594764583.663742;1;-0.386962890625;1.0588836669921875;-0.0391998291015625;0
2020-07-14 15:09:18;1594764583.7051802;1;-0.4087066650390625;0.9608154296875;-0.1021270751953125;0
2020-07-14 15:09:18;1594764583.745401;1;-0.55792236328125;0.803802490234375;0.042388916015625;0
2020-07-14 15:09:18;1594764583.7850552;1;-0.7287139892578125;0.8346405029296875;0.16412353515625;0
2020-07-14 15:09:18;1594764583.8251882;1;-0.7490234375;0.9047698974609375;0.0385589599609375;0
2020-07-14 15:09:18;1594764583.863418;1;-0.6293182373046875;0.823638916015625;-0.0948486328125;0
2020-07-14 15:09:18;1594764583.9068298;1;-0.5198211669921875;0.707244873046875;-0.146728515625;0
2020-07-14 15:09:18;1594764583.9450011;1;-0.4853973388671875;0.7206573486328125;-0.1938323974609375;0
2020-07-14 15:09:18;1594764583.9851289;1;-0.4502410888671875;0.7186431884765625;0.0239715576171875;0
2020-07-14 15:09:18;1594764584.024496;1;-0.4824371337890625;0.699981689453125;0.1782989501953125;0
2020-07-14 15:09:18;1594764584.064612;1;-0.5496826171875;0.7708892822265625;0.1052398681640625;0
2020-07-14 15:09:18;1594764584.105074;1;-0.63909912109375;0.9416961669921875;0.004180908203125;0
2020-07-14 15:09:18;1594764584.1451402;1;-0.7422027587890625;1.00604248046875;-0.1117401123046875;0
2020-07-14 15:09:18;1594764584.185069;1;-0.81292724609375;0.926116943359375;-0.16363525390625;0
2020-07-14 15:09:18;1594764584.225923;1;-0.835723876953125;0.94970703125;-0.08917236328125;0
2020-07-14 15:09:18;1594764584.2653341;1;-0.764068603515625;1.075469970703125;0.046417236328125;0
2020-07-14 15:09:18;1594764584.3062968;1;-0.6176910400390625;0.957000732421875;0.0532073974609375;0
2020-07-14 15:09:18;1594764584.345583;1;-0.625823974609375;0.94183349609375;-0.09149169921875;0
2020-07-14 15:09:18;1594764584.384752;1;-0.6013641357421875;1.03485107421875;-0.141357421875;0
2020-07-14 15:09:18;1594764584.4258962;1;-0.5146331787109375;0.9640350341796875;-0.184783935546875;0
2020-07-14 15:09:18;1594764584.465139;1;-0.486572265625;0.8441009521484375;-0.14837646484375;0
2020-07-14 15:09:18;1594764584.5043669;1;-0.4414825439453125;0.7718353271484375;-0.1015167236328125;0
2020-07-14 15:09:18;1594764584.544001;1;-0.377044677734375;0.7194061279296875;-0.08740234375;0
2020-07-14 15:09:18;1594764584.5850039;1;-0.3419952392578125;0.6943817138671875;-0.03057861328125;0
2020-07-14 15:09:18;1594764584.6245298;1;-0.330291748046875;0.7212677001953125;0.03448486328125;0
2020-07-14 15:09:18;1594764584.663865;1;-0.373443603515625;0.790802001953125;0.051422119140625;0
2020-07-14 15:09:18;1594764584.703006;1;-0.413299560546875;0.847808837890625;-0.020233154296875;0
2020-07-14 15:09:18;1594764584.7447472;1;-0.4300537109375;0.8811187744140625;-0.13104248046875;0
2020-07-14 15:09:18;1594764584.7849112;1;-0.4432830810546875;0.8746185302734375;-0.1896514892578125;0
2020-07-14 15:09:18;1594764584.8262172;1;-0.6041717529296875;1.0450286865234375;-0.0527191162109375;0
2020-07-14 15:09:18;1594764584.864777;1;-0.69293212890625;1.135772705078125;-0.0094146728515625;0
2020-07-14 15:09:18;1594764584.904053;1;-0.644561767578125;0.8620147705078125;-0.0317535400390625;0
2020-07-14 15:09:18;1594764584.944123;1;-0.6456756591796875;0.67333984375;-0.011932373046875;0
2020-07-14 15:09:18;1594764584.985101;1;-0.698028564453125;0.72711181640625;-0.0527191162109375;0
2020-07-14 15:09:18;1594764585.0259519;1;-0.7113037109375;0.8000335693359375;-0.1125335693359375;0
2020-07-14 15:09:18;1594764585.06524;1;-0.64324951171875;0.803253173828125;-0.154693603515625;0
2020-07-14 15:09:18;1594764585.105947;1;-0.5609893798828125;0.810211181640625;-0.1907958984375;0
2020-07-14 15:09:18;1594764585.1461868;1;-0.516693115234375;0.804840087890625;-0.191741943359375;0
2020-07-14 15:09:18;1594764585.184695;1;-0.5151214599609375;0.779205322265625;-0.106048583984375;0
2020-07-14 15:09:18;1594764585.226085;1;-0.5470733642578125;0.7407073974609375;-0.0504608154296875;0
2020-07-14 15:09:18;1594764585.265934;1;-0.6428680419921875;0.764190673828125;-0.0247650146484375;0
2020-07-14 15:09:18;1594764585.3058171;1;-0.71807861328125;0.7910919189453125;-0.0975494384765625;0
2020-07-14 15:09:18;1594764585.344346;1;-0.7470550537109375;0.8535614013671875;-0.1663665771484375;0
2020-07-14 15:09:18;1594764585.3858352;1;-0.7772216796875;0.85272216796875;-0.1827850341796875;0
2020-07-14 15:09:18;1594764585.426385;1;-0.774749755859375;0.920806884765625;-0.05865478515625;0
2020-07-14 15:09:18;1594764585.465909;1;-0.657196044921875;1.02587890625;-0.1490631103515625;0
2020-07-14 15:09:18;1594764585.506915;1;-0.5443572998046875;0.980316162109375;-0.206939697265625;0
2020-07-14 15:09:18;1594764585.5458732;1;-0.577789306640625;0.9402008056640625;-0.227386474609375;0
2020-07-14 15:09:18;1594764585.586381;1;-0.633270263671875;0.9557647705078125;-0.1286163330078125;0
2020-07-14 15:09:18;1594764585.626684;1;-0.577728271484375;0.904388427734375;-0.0815887451171875;0
2020-07-14 15:09:18;1594764585.666219;1;-0.5311431884765625;0.7792205810546875;-0.1727294921875;0
2020-07-14 15:09:18;1594764585.708658;1;-0.5136260986328125;0.7161712646484375;-0.2114410400390625;0
2020-07-14 15:09:18;1594764585.746525;1;-0.471038818359375;0.74005126953125;-0.135650634765625;0
2020-07-14 15:09:18;1594764585.788384;1;-0.4331207275390625;0.76361083984375;-0.0994720458984375;0
2020-07-14 15:09:18;1594764585.82697;1;-0.3686981201171875;0.77557373046875;-0.0771942138671875;0
2020-07-14 15:09:18;1594764585.865859;1;-0.401214599609375;0.8301544189453125;-0.13232421875;0
2020-07-14 15:09:18;1594764585.90582;1;-0.466156005859375;0.902496337890625;-0.1310577392578125;0
2020-07-14 15:09:18;1594764585.94505;1;-0.472900390625;0.972564697265625;-0.0840301513671875;0
2020-07-14 15:09:18;1594764585.984844;1;-0.43499755859375;0.9290313720703125;-0.1025848388671875;0
2020-07-14 15:09:18;1594764586.025607;1;-0.5445098876953125;0.9921417236328125;-0.012969970703125;0
2020-07-14 15:09:18;1594764586.06597;1;-0.458221435546875;1.0299072265625;-0.0475616455078125;0
2020-07-14 15:09:18;1594764586.106421;1;-0.442718505859375;0.826934814453125;-0.106903076171875;0
2020-07-14 15:09:18;1594764586.1465359;1;-0.5675811767578125;0.7598724365234375;0.0028533935546875;0
2020-07-14 15:09:18;1594764586.185996;1;-0.635833740234375;0.8494873046875;0.07537841796875;0
2020-07-14 15:09:18;1594764586.225544;1;-0.6616363525390625;0.9023895263671875;-0.0533447265625;0
2020-07-14 15:09:18;1594764586.2651339;1;-0.649932861328125;0.7782440185546875;-0.1690521240234375;0
2020-07-14 15:09:18;1594764586.306246;1;-0.6843109130859375;0.718017578125;-0.17523193359375;0
2020-07-14 15:09:18;1594764586.348875;1;-0.6604766845703125;0.7215118408203125;-0.1202850341796875;0
2020-07-14 15:09:18;1594764586.385614;1;-0.591278076171875;0.7249755859375;-0.0507354736328125;0
2020-07-14 15:09:18;1594764586.425895;1;-0.5653839111328125;0.7127838134765625;-0.04608154296875;0
2020-07-14 15:09:18;1594764586.4656959;1;-0.556610107421875;0.765869140625;-0.0497894287109375;0
2020-07-14 15:09:18;1594764586.5059462;1;-0.601593017578125;0.8609161376953125;-0.0670623779296875;0
2020-07-14 15:09:18;1594764586.544339;1;-0.6522979736328125;0.889678955078125;-0.0659637451171875;0
2020-07-14 15:09:18;1594764586.585314;1;-0.6769256591796875;0.91522216796875;-0.126312255859375;0
2020-07-14 15:09:18;1594764586.626521;1;-0.7273406982421875;0.8890838623046875;-0.1114349365234375;0
2020-07-14 15:09:18;1594764586.666449;1;-0.8297882080078125;1.07098388671875;-0.092010498046875;0
2020-07-14 15:09:18;1594764586.7065458;1;-0.8011474609375;1.10107421875;-0.152374267578125;0
2020-07-14 15:09:18;1594764586.7488542;1;-0.7537384033203125;0.8372955322265625;-0.16888427734375;0
2020-07-14 15:09:18;1594764586.789482;1;-0.8037567138671875;0.8548126220703125;-0.1705780029296875;0
2020-07-14 15:09:18;1594764586.8291368;1;-0.6987152099609375;0.987060546875;-0.1214599609375;0
2020-07-14 15:09:18;1594764586.868592;1;-0.54571533203125;1.02313232421875;-0.154205322265625;0
2020-07-14 15:09:18;1594764586.90539;1;-0.434173583984375;0.9210357666015625;-0.1790771484375;0
2020-07-14 15:09:18;1594764586.9467092;1;-0.3807830810546875;0.8242034912109375;-0.133392333984375;0
2020-07-14 15:09:18;1594764586.98693;1;-0.3507537841796875;0.7667388916015625;-0.0694732666015625;0
2020-07-14 15:09:18;1594764587.027158;1;-0.2820587158203125;0.706634521484375;0.02203369140625;0
2020-07-14 15:09:18;1594764587.0664601;1;-0.246917724609375;0.6627349853515625;0.0532379150390625;0
2020-07-14 15:09:18;1594764587.108768;1;-0.2995758056640625;0.6672821044921875;-0.025390625;0
2020-07-14 15:09:18;1594764587.146744;1;-0.41400146484375;0.7434539794921875;-0.0096282958984375;0
2020-07-14 15:09:18;1594764587.187176;1;-0.459564208984375;0.8516387939453125;-0.04046630859375;0
2020-07-14 15:09:18;1594764587.2289019;1;-0.491485595703125;0.885040283203125;-0.189056396484375;0
2020-07-14 15:09:18;1594764587.265398;1;-0.6465911865234375;1.1738433837890625;-0.130401611328125;0
2020-07-14 15:09:18;1594764587.3097239;1;-0.519622802734375;1.162139892578125;-0.2710723876953125;0
2020-07-14 15:09:18;1594764587.348721;1;-0.570220947265625;0.996551513671875;-0.3859710693359375;0
2020-07-14 15:09:18;1594764587.389148;1;-0.722503662109375;0.81939697265625;-0.298492431640625;0
2020-07-14 15:09:18;1594764587.4290628;1;-0.816925048828125;0.7684783935546875;-0.087921142578125;0
2020-07-14 15:09:18;1594764587.466852;1;-0.7837371826171875;0.7528839111328125;-0.0444793701171875;0
2020-07-14 15:09:18;1594764587.509825;1;-0.65032958984375;0.73785400390625;-0.1329345703125;0
2020-07-14 15:09:18;1594764587.548646;1;-0.496002197265625;0.760009765625;-0.2011260986328125;0
2020-07-14 15:09:18;1594764587.5868158;1;-0.4072723388671875;0.7479095458984375;-0.183258056640625;0
2020-07-14 15:09:18;1594764587.629408;1;-0.432281494140625;0.6960296630859375;-0.119293212890625;0
2020-07-14 15:09:18;1594764587.66717;1;-0.491455078125;0.69488525390625;-0.0710601806640625;0
2020-07-14 15:09:18;1594764587.709334;1;-0.61395263671875;0.794097900390625;-0.083160400390625;0
2020-07-14 15:09:18;1594764587.746681;1;-0.7392120361328125;0.8871002197265625;-0.104705810546875;0
2020-07-14 15:09:18;1594764587.7887568;1;-0.8656158447265625;0.9161224365234375;-0.137786865234375;0
2020-07-14 15:09:18;1594764587.827069;1;-0.9095458984375;0.8217926025390625;-0.0972137451171875;0
2020-07-14 15:09:18;1594764587.8691568;1;-0.928619384765625;1.001739501953125;-0.0139007568359375;0
2020-07-14 15:09:18;1594764587.909377;1;-0.746490478515625;0.983428955078125;-0.060638427734375;0
2020-07-14 15:09:18;1594764587.9492378;1;-0.721893310546875;0.7754669189453125;-0.1393585205078125;0
2020-07-14 15:09:18;1594764587.986963;1;-0.80938720703125;0.8453369140625;-0.0576934814453125;0
2020-07-14 15:09:18;1594764588.0301461;1;-0.82061767578125;1.0479888916015625;0.0392913818359375;0
2020-07-14 15:09:18;1594764588.068728;1;-0.7112884521484375;1.1295013427734375;-0.0551300048828125;0
2020-07-14 15:09:18;1594764588.1094608;1;-0.622955322265625;1.0408782958984375;-0.1728057861328125;0
2020-07-14 15:09:18;1594764588.1485949;1;-0.534881591796875;0.9071502685546875;-0.1150360107421875;0
2020-07-14 15:09:18;1594764588.186892;1;-0.442108154296875;0.8229827880859375;0.001678466796875;0
2020-07-14 15:09:18;1594764588.228724;1;-0.3354339599609375;0.739501953125;0.049285888671875;0
2020-07-14 15:09:18;1594764588.269361;1;-0.26983642578125;0.656280517578125;0.031005859375;0
2020-07-14 15:09:18;1594764588.306885;1;-0.2548370361328125;0.6527862548828125;-0.02264404296875;0
2020-07-14 15:09:18;1594764588.349196;1;-0.2518310546875;0.68231201171875;-0.031890869140625;0
2020-07-14 15:09:18;1594764588.390349;1;-0.307525634765625;0.749420166015625;-0.0446929931640625;0
2020-07-14 15:09:18;1594764588.4294062;1;-0.3871612548828125;0.8944244384765625;-0.0844879150390625;0
2020-07-14 15:09:18;1594764588.469441;1;-0.4996795654296875;1.061767578125;-0.1604461669921875;0
2020-07-14 15:09:18;1594764588.51047;1;-0.6839141845703125;1.1974334716796875;-0.1560211181640625;0
2020-07-14 15:09:18;1594764588.549683;1;-0.7513885498046875;1.286041259765625;-0.20770263671875;0
2020-07-14 15:09:18;1594764588.5896502;1;-0.7002410888671875;1.12786865234375;-0.376190185546875;0
2020-07-14 15:09:18;1594764588.629533;1;-0.732421875;0.8381805419921875;-0.3164520263671875;0
2020-07-14 15:09:18;1594764588.6695828;1;-0.8140411376953125;0.7933807373046875;-0.2015228271484375;0
2020-07-14 15:09:18;1594764588.7097201;1;-0.81536865234375;0.7647247314453125;-0.0849609375;0
2020-07-14 15:09:18;1594764588.748599;1;-0.7442779541015625;0.6946563720703125;-0.0575714111328125;0
2020-07-14 15:09:18;1594764588.7865171;1;-0.584503173828125;0.655181884765625;-0.0300140380859375;0
2020-07-14 15:09:18;1594764588.828754;1;-0.4557342529296875;0.666839599609375;-0.0846405029296875;0
2020-07-14 15:09:18;1594764588.8688688;1;-0.39691162109375;0.713287353515625;-0.1022796630859375;0
2020-07-14 15:09:18;1594764588.910032;1;-0.4045562744140625;0.7573089599609375;-0.10308837890625;0
2020-07-14 15:09:18;1594764588.949955;1;-0.4779205322265625;0.766754150390625;-0.1183319091796875;0
2020-07-14 15:09:18;1594764588.990972;1;-0.623504638671875;0.80322265625;-0.068267822265625;0
2020-07-14 15:09:18;1594764589.029968;1;-0.7808837890625;0.9402008056640625;0.0232391357421875;0
2020-07-14 15:09:18;1594764589.069017;1;-0.7863616943359375;0.923309326171875;0.0487518310546875;0
2020-07-14 15:09:18;1594764589.110641;1;-0.8707427978515625;1.035797119140625;-0.056427001953125;0
2020-07-14 15:09:18;1594764589.15012;1;-0.808685302734375;1.1467437744140625;-0.1233673095703125;0
2020-07-14 15:09:18;1594764589.191051;1;-0.6427459716796875;1.016876220703125;-0.2248992919921875;0
2020-07-14 15:09:18;1594764589.2302918;1;-0.64068603515625;0.87689208984375;-0.2387542724609375;0
2020-07-14 15:09:18;1594764589.270575;1;-0.6328582763671875;0.93023681640625;-0.0795745849609375;0
2020-07-14 15:09:18;1594764589.310553;1;-0.5585784912109375;0.991241455078125;-0.063201904296875;0
2020-07-14 15:09:18;1594764589.350687;1;-0.451873779296875;0.928070068359375;-0.1583709716796875;0
2020-07-14 15:09:18;1594764589.390306;1;-0.354522705078125;0.837890625;-0.19097900390625;0
2020-07-14 15:09:18;1594764589.430654;1;-0.2840423583984375;0.7999267578125;-0.1275177001953125;0
2020-07-14 15:09:18;1594764589.470361;1;-0.2573394775390625;0.753875732421875;-0.0600738525390625;0
2020-07-14 15:09:18;1594764589.5085092;1;-0.2871551513671875;0.693145751953125;0.0263824462890625;0
2020-07-14 15:09:18;1594764589.550447;1;-0.3073577880859375;0.6763458251953125;0.057220458984375;0
2020-07-14 15:09:18;1594764589.5909472;1;-0.3589019775390625;0.752410888671875;-0.0118255615234375;0
2020-07-14 15:09:18;1594764589.630052;1;-0.4190673828125;0.8976898193359375;-0.000946044921875;0
2020-07-14 15:09:18;1594764589.6699991;1;-0.4483642578125;0.9700469970703125;-0.0106964111328125;0
2020-07-14 15:09:18;1594764589.7094278;1;-0.5784454345703125;0.985748291015625;-0.025360107421875;0
2020-07-14 15:09:18;1594764589.749449;1;-0.64288330078125;1.160003662109375;0.006744384765625;0
2020-07-14 15:09:18;1594764589.791193;1;-0.607818603515625;1.184356689453125;-0.12237548828125;0
2020-07-14 15:09:18;1594764589.829901;1;-0.5996856689453125;0.927825927734375;-0.22113037109375;0
2020-07-14 15:09:18;1594764589.8702378;1;-0.7114715576171875;0.7548370361328125;-0.065032958984375;0
2020-07-14 15:09:18;1594764589.91131;1;-0.7709197998046875;0.7909088134765625;0.043243408203125;0
2020-07-14 15:09:18;1594764589.950716;1;-0.7539215087890625;0.8219146728515625;-0.0172271728515625;0
2020-07-14 15:09:18;1594764589.990855;1;-0.6711578369140625;0.7302093505859375;-0.13421630859375;0
2020-07-14 15:09:18;1594764590.029509;1;-0.6097412109375;0.722381591796875;-0.16986083984375;0
2020-07-14 15:09:18;1594764590.068943;1;-0.5404052734375;0.7338714599609375;-0.0944671630859375;0
2020-07-14 15:09:18;1594764590.110246;1;-0.51409912109375;0.72479248046875;-0.05999755859375;0
2020-07-14 15:09:18;1594764590.1507812;1;-0.5612640380859375;0.73504638671875;-0.0941619873046875;0
2020-07-14 15:09:18;1594764590.191489;1;-0.6348876953125;0.76300048828125;-0.07403564453125;0
2020-07-14 15:09:18;1594764590.230719;1;-0.7204742431640625;0.8119354248046875;-0.03271484375;0
2020-07-14 15:09:18;1594764590.2708979;1;-0.744476318359375;0.8761138916015625;-0.0814056396484375;0
2020-07-14 15:09:18;1594764590.311634;1;-0.7136688232421875;0.91326904296875;-0.12603759765625;0
2020-07-14 15:09:18;1594764590.351258;1;-0.7076263427734375;1.0234375;-0.1488037109375;0
2020-07-14 15:09:18;1594764590.391424;1;-0.65380859375;1.1093292236328125;-0.1973419189453125;0
2020-07-14 15:09:18;1594764590.4308128;1;-0.587127685546875;1.0774993896484375;-0.2482452392578125;0
2020-07-14 15:09:18;1594764590.470757;1;-0.5287628173828125;0.8201141357421875;-0.2448577880859375;0
2020-07-14 15:09:18;1594764590.512395;1;-0.5928955078125;0.7849273681640625;-0.1396942138671875;0
2020-07-14 15:09:18;1594764590.551414;1;-0.5524444580078125;0.8868865966796875;-0.10321044921875;0
2020-07-14 15:09:18;1594764590.592412;1;-0.438934326171875;0.9247894287109375;-0.1471099853515625;0
2020-07-14 15:09:18;1594764590.631345;1;-0.390472412109375;0.810791015625;-0.20166015625;0
2020-07-14 15:09:18;1594764590.671063;1;-0.4721221923828125;0.7139739990234375;-0.1589202880859375;0
2020-07-14 15:09:18;1594764590.7118201;1;-0.472625732421875;0.6923370361328125;-0.106536865234375;0
2020-07-14 15:09:18;1594764590.749522;1;-0.4338836669921875;0.67694091796875;-0.0792388916015625;0
2020-07-14 15:09:18;1594764590.792176;1;-0.41204833984375;0.7473602294921875;-0.049072265625;0
2020-07-14 15:09:18;1594764590.831388;1;-0.381805419921875;0.8147735595703125;-0.0603179931640625;0
2020-07-14 15:09:18;1594764590.871609;1;-0.3997802734375;0.8413848876953125;-0.06451416015625;0
2020-07-14 15:09:18;1594764590.912019;1;-0.453948974609375;0.86370849609375;-0.0292510986328125;0
2020-07-14 15:09:18;1594764590.950949;1;-0.551116943359375;0.93243408203125;0.0169219970703125;0
2020-07-14 15:09:18;1594764590.9918342;1;-0.6851959228515625;1.179779052734375;0.0474090576171875;0
2020-07-14 15:09:18;1594764591.031423;1;-0.688995361328125;1.013824462890625;-0.06927490234375;0
2020-07-14 15:09:18;1594764591.071657;1;-0.6983795166015625;0.7487335205078125;0.003021240234375;0
2020-07-14 15:09:18;1594764591.112544;1;-0.76483154296875;0.68182373046875;0.0842437744140625;0
2020-07-14 15:09:18;1594764591.1516829;1;-0.8186798095703125;0.790191650390625;0.08404541015625;0
2020-07-14 15:09:18;1594764591.192309;1;-0.81201171875;0.834716796875;-0.026702880859375;0
2020-07-14 15:09:18;1594764591.230301;1;-0.7205810546875;0.7777862548828125;-0.172698974609375;0
2020-07-14 15:09:18;1594764591.271809;1;-0.6254119873046875;0.73065185546875;-0.2217254638671875;0
2020-07-14 15:09:18;1594764591.3121018;1;-0.5306396484375;0.726470947265625;-0.13043212890625;0
2020-07-14 15:09:18;1594764591.351629;1;-0.49676513671875;0.72979736328125;-0.1064605712890625;0
2020-07-14 15:09:18;1594764591.391381;1;-0.4941558837890625;0.72955322265625;-0.086883544921875;0
2020-07-14 15:09:18;1594764591.4340901;1;-0.5754852294921875;0.767730712890625;-0.0923614501953125;0
2020-07-14 15:09:18;1594764591.4712481;1;-0.6754608154296875;0.8099365234375;-0.12060546875;0
2020-07-14 15:09:18;1594764591.512682;1;-0.734649658203125;0.8502044677734375;-0.136260986328125;0
2020-07-14 15:09:18;1594764591.552112;1;-0.7525482177734375;0.86273193359375;-0.1580657958984375;0
2020-07-14 15:09:18;1594764591.592413;1;-0.71563720703125;0.90234375;-0.2033538818359375;0
2020-07-14 15:09:18;1594764591.632901;1;-0.6764068603515625;0.9829254150390625;-0.2569732666015625;0
2020-07-14 15:09:18;1594764591.672744;1;-0.6424560546875;1.1317138671875;-0.2826385498046875;0
2020-07-14 15:09:18;1594764591.7130089;1;-0.50103759765625;1.0810699462890625;-0.265869140625;0
2020-07-14 15:09:18;1594764591.752276;1;-0.4249725341796875;0.8643341064453125;-0.2027435302734375;0
2020-07-14 15:09:18;1594764591.793051;1;-0.4479522705078125;0.74468994140625;-0.06622314453125;0
2020-07-14 15:09:18;1594764591.8316832;1;-0.4124755859375;0.8237152099609375;-0.0225830078125;0
2020-07-14 15:09:18;1594764591.8726091;1;-0.3211822509765625;0.9153900146484375;-0.096527099609375;0
2020-07-14 15:09:18;1594764591.912733;1;-0.2764129638671875;0.8187713623046875;-0.1212310791015625;0
2020-07-14 15:09:18;1594764591.951967;1;-0.3675994873046875;0.7090911865234375;-0.1284332275390625;0
2020-07-14 15:09:18;1594764591.992639;1;-0.417022705078125;0.695343017578125;-0.1787567138671875;0
2020-07-14 15:09:18;1594764592.0319638;1;-0.4024200439453125;0.7677154541015625;-0.1925506591796875;0
2020-07-14 15:09:18;1594764592.072235;1;-0.3833770751953125;0.77978515625;-0.054443359375;0
2020-07-14 15:09:18;1594764592.112444;1;-0.4307708740234375;0.7353668212890625;-0.0054931640625;0
2020-07-14 15:09:18;1594764592.151689;1;-0.45684814453125;0.680999755859375;-0.032073974609375;0
2020-07-14 15:09:18;1594764592.1927218;1;-0.4250335693359375;0.6613006591796875;-0.0118408203125;0
2020-07-14 15:09:18;1594764592.2313418;1;-0.3906097412109375;0.626495361328125;-0.0308837890625;0
2020-07-14 15:09:18;1594764592.271953;1;-0.3883056640625;0.5698089599609375;-0.0098876953125;0
2020-07-14 15:09:18;1594764592.309983;1;-0.4311065673828125;0.5608062744140625;0.036956787109375;0
2020-07-14 15:09:18;1594764592.3519468;1;-0.7450714111328125;1.048187255859375;0.1219329833984375;0
2020-07-14 15:09:18;1594764592.39203;1;-0.7357025146484375;1.4307098388671875;-0.07720947265625;0
2020-07-14 15:09:18;1594764592.432673;1;-1.0162353515625;1.1810760498046875;-0.2631072998046875;0
2020-07-14 15:09:18;1594764592.471653;1;-1.491668701171875;1.68865966796875;-0.2350616455078125;0
2020-07-14 15:09:18;1594764592.512754;1;-1.0372772216796875;1.0002288818359375;-0.1250762939453125;0
2020-07-14 15:09:18;1594764592.5511909;1;-0.8152313232421875;0.753662109375;0.0667724609375;0
2020-07-14 15:09:18;1594764592.593244;1;-0.5787200927734375;0.65673828125;0.20452880859375;0
2020-07-14 15:09:18;1594764592.631762;1;-0.4252471923828125;0.6075439453125;0.190277099609375;0
2020-07-14 15:09:18;1594764592.6731858;1;-0.3255462646484375;0.6225738525390625;0.068389892578125;0
2020-07-14 15:09:18;1594764592.7132468;1;-0.260772705078125;0.6140899658203125;-0.0419769287109375;0
2020-07-14 15:09:18;1594764592.753093;1;-0.243804931640625;0.64111328125;-0.079315185546875;0
2020-07-14 15:09:18;1594764592.793483;1;-0.276824951171875;0.632659912109375;-0.0339202880859375;0
2020-07-14 15:09:18;1594764592.831932;1;-0.3192291259765625;0.6901702880859375;-0.04583740234375;0
2020-07-14 15:09:18;1594764592.870163;1;-0.4290618896484375;0.9259490966796875;-0.0387725830078125;0
2020-07-14 15:09:18;1594764592.912653;1;-0.5533447265625;1.3386993408203125;-0.0015411376953125;0
2020-07-14 15:09:18;1594764592.952715;1;-0.579742431640625;1.4669342041015625;0.016815185546875;0
2020-07-14 15:09:18;1594764592.992155;1;-0.7186126708984375;1.642791748046875;-0.033966064453125;0
2020-07-14 15:09:18;1594764593.032391;1;-0.595672607421875;1.332855224609375;-0.2477264404296875;0
2020-07-14 15:09:18;1594764593.072561;1;-0.569976806640625;0.9977569580078125;-0.2522430419921875;0
2020-07-14 15:09:18;1594764593.1133409;1;-0.5288238525390625;0.8054656982421875;-0.1123809814453125;0
2020-07-14 15:09:18;1594764593.151492;1;-0.49169921875;0.7013397216796875;0.082733154296875;0
2020-07-14 15:09:18;1594764593.1925468;1;-0.478607177734375;0.61151123046875;0.2435302734375;0
2020-07-14 15:09:18;1594764593.2321172;1;-0.4813232421875;0.5566558837890625;0.2692413330078125;0
2020-07-14 15:09:18;1594764593.272814;1;-0.543701171875;0.550628662109375;0.1319732666015625;0
2020-07-14 15:09:18;1594764593.313459;1;-0.5668792724609375;0.585235595703125;-0.041900634765625;0
2020-07-14 15:09:18;1594764593.352689;1;-0.5737762451171875;0.5392303466796875;-0.1314697265625;0
2020-07-14 15:09:18;1594764593.392242;1;-0.628143310546875;0.51763916015625;-0.175811767578125;0
2020-07-14 15:09:18;1594764593.432528;1;-0.8377227783203125;0.9131622314453125;-0.1666107177734375;0
2020-07-14 15:09:18;1594764593.474928;1;-0.897491455078125;1.33984375;-0.2001190185546875;0
2020-07-14 15:09:18;1594764593.514395;1;-1.0311431884765625;1.55419921875;-0.30255126953125;0
2020-07-14 15:09:18;1594764593.554628;1;-0.990875244140625;1.6460723876953125;-0.399810791015625;0
2020-07-14 15:09:18;1594764593.594046;1;-0.7785186767578125;1.0918731689453125;-0.09710693359375;0
2020-07-14 15:09:18;1594764593.6342092;1;-0.7264404296875;0.9790496826171875;0.302001953125;0
2020-07-14 15:09:18;1594764593.672384;1;-0.496978759765625;0.9366302490234375;0.378509521484375;0
2020-07-14 15:09:18;1594764593.71454;1;-0.343536376953125;0.786407470703125;0.269561767578125;0
2020-07-14 15:09:18;1594764593.753756;1;-0.331695556640625;0.6751708984375;0.098907470703125;0
2020-07-14 15:09:18;1594764593.7924562;1;-0.2869110107421875;0.591583251953125;0.00018310546875;0
2020-07-14 15:09:18;1594764593.835057;1;-0.222686767578125;0.504913330078125;0.00439453125;0
2020-07-14 15:09:18;1594764593.874743;1;-0.142730712890625;0.4797821044921875;0.1160736083984375;0
2020-07-14 15:09:18;1594764593.9138021;1;-0.12548828125;0.492523193359375;0.153564453125;0
2020-07-14 15:09:18;1594764593.953464;1;-0.2098846435546875;0.669891357421875;0.05078125;0
2020-07-14 15:09:18;1594764593.9941;1;-0.30963134765625;1.06158447265625;0.08074951171875;0
2020-07-14 15:09:18;1594764594.033095;1;-0.3680572509765625;1.5087738037109375;-0.0614166259765625;0
2020-07-14 15:09:18;1594764594.073935;1;-0.7686767578125;1.88275146484375;-0.2799835205078125;0
2020-07-14 15:09:18;1594764594.1159658;1;-1.0294952392578125;1.872161865234375;-0.2930450439453125;0
2020-07-14 15:09:18;1594764594.154313;1;-0.95855712890625;1.314727783203125;-0.0987091064453125;0
2020-07-14 15:09:18;1594764594.193932;1;-0.8931884765625;0.865753173828125;0.130340576171875;0
2020-07-14 15:09:18;1594764594.2329578;1;-0.879974365234375;0.6538848876953125;0.240203857421875;0
2020-07-14 15:09:18;1594764594.2737;1;-0.65252685546875;0.5425872802734375;0.3993682861328125;0
2020-07-14 15:09:18;1594764594.3133569;1;-0.4786834716796875;0.48455810546875;0.3387298583984375;0
2020-07-14 15:09:18;1594764594.352289;1;-0.4048614501953125;0.5107574462890625;0.1117706298828125;0
2020-07-14 15:09:18;1594764594.392936;1;-0.409820556640625;0.5552520751953125;-0.106048583984375;0
2020-07-14 15:09:18;1594764594.4330301;1;-0.4434051513671875;0.594390869140625;-0.223297119140625;0
2020-07-14 15:09:18;1594764594.4722471;1;-0.4686279296875;0.592803955078125;-0.23291015625;0
2020-07-14 15:09:18;1594764594.514735;1;-0.640899658203125;0.86346435546875;-0.1899871826171875;0
2020-07-14 15:09:18;1594764594.553159;1;-0.7487030029296875;1.2891998291015625;-0.348541259765625;0
2020-07-14 15:09:18;1594764594.5948272;1;-0.960723876953125;1.4275054931640625;-0.44647216796875;0
2020-07-14 15:09:18;1594764594.633168;1;-1.27593994140625;1.5546112060546875;-0.164520263671875;0
2020-07-14 15:09:18;1594764594.6743;1;-1.09930419921875;1.0452423095703125;0.2370452880859375;0
2020-07-14 15:09:18;1594764594.713258;1;-0.85223388671875;0.8531341552734375;0.4564056396484375;0
2020-07-14 15:09:18;1594764594.754679;1;-0.672271728515625;0.8973388671875;0.2698516845703125;0
2020-07-14 15:09:18;1594764594.7933989;1;-0.4997406005859375;0.9236297607421875;0.087493896484375;0
2020-07-14 15:09:18;1594764594.8351269;1;-0.3397674560546875;0.8765411376953125;0.0797119140625;0
2020-07-14 15:09:18;1594764594.874224;1;-0.2764892578125;0.7952117919921875;-0.0042724609375;0
2020-07-14 15:09:18;1594764594.913835;1;-0.233642578125;0.637359619140625;0.0113677978515625;0
2020-07-14 15:09:18;1594764594.95287;1;-0.236083984375;0.4695892333984375;0.0667572021484375;0
2020-07-14 15:09:18;1594764594.9944072;1;-0.2807159423828125;0.4003753662109375;0.1695404052734375;0
2020-07-14 15:09:18;1594764595.0335798;1;-0.219970703125;0.446014404296875;0.2198486328125;0
2020-07-14 15:09:18;1594764595.075155;1;-0.1996917724609375;0.6197967529296875;0.1558990478515625;0
2020-07-14 15:09:18;1594764595.116321;1;-0.364105224609375;0.93951416015625;0.10064697265625;0
2020-07-14 15:09:18;1594764595.154467;1;-0.5050506591796875;1.349609375;-0.022064208984375;0
2020-07-14 15:09:18;1594764595.1935592;1;-0.7466278076171875;1.63458251953125;-0.2146453857421875;0
2020-07-14 15:09:18;1594764595.234861;1;-0.89007568359375;1.7933197021484375;-0.3084259033203125;0
2020-07-14 15:09:18;1594764595.273212;1;-0.797637939453125;1.5039825439453125;-0.35137939453125;0
2020-07-14 15:09:18;1594764595.3151078;1;-0.7752532958984375;1.1035003662109375;-0.13763427734375;0
2020-07-14 15:09:18;1594764595.354578;1;-0.7998504638671875;0.827545166015625;0.0208892822265625;0
2020-07-14 15:09:18;1594764595.3950272;1;-0.7239837646484375;0.7265472412109375;0.0407257080078125;0
2020-07-14 15:09:18;1594764595.4336991;1;-0.596435546875;0.64813232421875;0.057952880859375;0
2020-07-14 15:09:18;1594764595.475021;1;-0.5730743408203125;0.5811614990234375;0.0703582763671875;0
2020-07-14 15:09:18;1594764595.515007;1;-0.6260833740234375;0.5761871337890625;0.0373687744140625;0
2020-07-14 15:09:18;1594764595.553787;1;-0.6830291748046875;0.6264801025390625;-0.0238037109375;0
2020-07-14 15:09:18;1594764595.594492;1;-0.7122802734375;0.7437591552734375;-0.126312255859375;0
2020-07-14 15:09:18;1594764595.6348572;1;-0.6289825439453125;0.725067138671875;-0.227813720703125;0
2020-07-14 15:09:18;1594764595.674684;1;-0.543304443359375;0.58575439453125;-0.22686767578125;0
2020-07-14 15:09:18;1594764595.7150102;1;-0.673431396484375;0.7731781005859375;-0.0290069580078125;0
2020-07-14 15:09:18;1594764595.75508;1;-0.74102783203125;1.2864837646484375;0.034393310546875;0
2020-07-14 15:09:18;1594764595.7957559;1;-0.636749267578125;1.181365966796875;0.0125579833984375;0
2020-07-14 15:09:18;1594764595.836339;1;-0.9926910400390625;1.4708404541015625;-0.084228515625;0
2020-07-14 15:09:18;1594764595.8758879;1;-0.772705078125;1.289093017578125;-0.1078643798828125;0
2020-07-14 15:09:18;1594764595.9160728;1;-0.66925048828125;0.8402557373046875;0.2085113525390625;0
2020-07-14 15:09:18;1594764595.95512;1;-0.5533599853515625;0.6779937744140625;0.1793212890625;0
2020-07-14 15:09:18;1594764595.9951692;1;-0.4019317626953125;0.71337890625;0.06060791015625;0
2020-07-14 15:09:18;1594764596.035351;1;-0.324554443359375;0.7483673095703125;-0.037567138671875;0
2020-07-14 15:09:18;1594764596.07612;1;-0.2770843505859375;0.697662353515625;-0.0743408203125;0
2020-07-14 15:09:18;1594764596.115689;1;-0.28729248046875;0.653564453125;-0.0980682373046875;0
2020-07-14 15:09:18;1594764596.155261;1;-0.279022216796875;0.6132965087890625;-0.0876922607421875;0
2020-07-14 15:09:18;1594764596.195584;1;-0.267669677734375;0.6271209716796875;-0.0428009033203125;0
2020-07-14 15:09:18;1594764596.2349138;1;-0.2641754150390625;0.6500091552734375;0.022979736328125;0
2020-07-14 15:09:18;1594764596.275604;1;-0.3182525634765625;0.6724853515625;0.0919647216796875;0
2020-07-14 15:09:18;1594764596.3165588;1;-0.43359375;0.6517181396484375;0.11956787109375;0
2020-07-14 15:09:18;1594764596.355078;1;-0.544708251953125;0.7576446533203125;0.0774688720703125;0
2020-07-14 15:09:18;1594764596.395187;1;-0.5728607177734375;0.896514892578125;0.0084228515625;0
2020-07-14 15:09:18;1594764596.435337;1;-0.6559295654296875;1.2322235107421875;-0.0468902587890625;0
2020-07-14 15:09:18;1594764596.473911;1;-0.4542999267578125;1.121368408203125;-0.2136688232421875;0
2020-07-14 15:09:18;1594764596.518614;1;-0.6276702880859375;0.734375;-0.26385498046875;0
2020-07-14 15:09:18;1594764596.5543342;1;-0.7406463623046875;0.7682037353515625;-0.14862060546875;0
2020-07-14 15:09:18;1594764596.595086;1;-0.531829833984375;0.6971282958984375;-0.169921875;0
2020-07-14 15:09:18;1594764596.634824;1;-0.6204376220703125;0.5034332275390625;-0.164794921875;0
2020-07-14 15:09:18;1594764596.674474;1;-0.687347412109375;0.420989990234375;-0.0908966064453125;0
2020-07-14 15:09:18;1594764596.7154999;1;-0.6511077880859375;0.5238800048828125;-0.165863037109375;0
2020-07-14 15:09:18;1594764596.7536712;1;-0.5894927978515625;0.581634521484375;-0.2324371337890625;0
2020-07-14 15:09:18;1594764596.794616;1;-0.6638946533203125;0.471343994140625;-0.28155517578125;0
2020-07-14 15:09:18;1594764596.83489;1;-0.8917999267578125;0.464996337890625;-0.3922119140625;0
2020-07-14 15:09:18;1594764596.875119;1;-0.873199462890625;0.698883056640625;-0.36895751953125;0
2020-07-14 15:09:18;1594764596.9155378;1;-0.9662628173828125;0.6783599853515625;-0.534698486328125;0
2020-07-14 15:09:18;1594764596.9552422;1;-1.1431427001953125;0.7299346923828125;-0.8720855712890625;0
2020-07-14 15:09:18;1594764596.9948459;1;-1.0528717041015625;0.8337554931640625;-0.887451171875;0
2020-07-14 15:09:18;1594764597.034265;1;-1.0216522216796875;0.8134613037109375;-1.096649169921875;0
2020-07-14 15:09:18;1594764597.0756679;1;-1.0735321044921875;0.8278350830078125;-1.2037506103515625;0
2020-07-14 15:09:18;1594764597.1141071;1;-1.184600830078125;0.8076934814453125;-1.5997161865234375;0
2020-07-14 15:09:18;1594764597.1558151;1;-1.087066650390625;0.7400665283203125;-1.3972015380859375;0
2020-07-14 15:09:18;1594764597.1960502;1;-0.6744232177734375;0.52459716796875;-1.02099609375;0
2020-07-14 15:09:18;1594764597.235502;1;-0.335113525390625;0.45501708984375;-1.1545562744140625;0
2020-07-14 15:09:18;1594764597.2757459;1;-0.1587677001953125;0.39520263671875;-0.847198486328125;0
2020-07-14 15:09:18;1594764597.3143969;1;0.0303955078125;0.1773834228515625;-0.897857666015625;0
2020-07-14 15:09:18;1594764597.355541;1;0.0871734619140625;0.1935577392578125;-0.9044189453125;0
2020-07-14 15:09:18;1594764597.3889399;1;-0.009796142578125;0.110504150390625;-0.554443359375;0
2020-07-14 15:09:18;1594764597.435307;1;-0.12652587890625;-0.166473388671875;-0.650054931640625;0
2020-07-14 15:09:18;1594764597.4742699;1;0.027099609375;-0.148773193359375;-0.735809326171875;0
2020-07-14 15:09:18;1594764597.5151792;1;-0.062896728515625;-0.2528228759765625;-0.69464111328125;0
2020-07-14 15:09:18;1594764597.555387;1;-0.102996826171875;-0.3457183837890625;-0.63775634765625;0
2020-07-14 15:09:18;1594764597.594411;1;-0.02886962890625;-0.4718170166015625;-0.59332275390625;0
2020-07-14 15:09:18;1594764597.634427;1;0.0001678466796875;-0.5193023681640625;-0.69354248046875;0
2020-07-14 15:09:18;1594764597.673658;1;0.0010223388671875;-0.5453948974609375;-0.7904510498046875;0
2020-07-14 15:09:18;1594764597.715183;1;0.1617584228515625;-0.49560546875;-0.8625335693359375;0
2020-07-14 15:09:18;1594764597.749529;1;0.1272430419921875;-0.4652252197265625;-0.850494384765625;0
2020-07-14 15:09:18;1594764597.7962961;1;0.1656494140625;-0.4578857421875;-0.7552947998046875;0
