2020-07-16 14:56:40;1594936600.389324;DeviceOrientation;-0.2085113525390625;-0.6484375;-0.7637939453125;1
2020-07-16 14:56:40;1594936600.397015;0;-0.181884765625;-0.635772705078125;-0.7333984375;1
2020-07-16 14:56:40;1594936600.4036732;0;-0.1729583740234375;-0.6229705810546875;-0.680633544921875;1
2020-07-16 14:56:40;1594936600.4097981;0;-0.176483154296875;-0.6470947265625;-0.7909088134765625;1
2020-07-16 14:56:40;1594936600.4148068;0;-0.158721923828125;-0.636199951171875;-0.7153472900390625;1
2020-07-16 14:56:40;1594936600.4224539;0;-0.1669921875;-0.654541015625;-0.7524871826171875;1
2020-07-16 14:56:40;1594936600.457226;0;-0.192047119140625;-0.648406982421875;-0.6939849853515625;1
2020-07-16 14:56:40;1594936600.496698;0;-0.21533203125;-0.666534423828125;-0.73590087890625;1
2020-07-16 14:56:40;1594936600.537366;0;-0.1728363037109375;-0.654266357421875;-0.7205963134765625;1
2020-07-16 14:56:40;1594936600.578421;0;-0.18377685546875;-0.6436767578125;-0.742218017578125;1
2020-07-16 14:56:40;1594936600.6185598;0;-0.0596466064453125;-0.6025390625;-0.6673126220703125;1
2020-07-16 14:56:40;1594936600.658673;0;0.131744384765625;-0.411590576171875;-0.8124237060546875;1
2020-07-16 14:56:40;1594936600.700461;0;0.53985595703125;-0.07110595703125;-0.4238739013671875;1
2020-07-16 14:56:40;1594936600.740806;0;0.0015716552734375;-0.079742431640625;-0.0735931396484375;1
2020-07-16 14:56:40;1594936600.779183;0;-2.58062744140625;-0.129974365234375;-0.8100433349609375;1
2020-07-16 14:56:40;1594936600.823544;0;-2.2392730712890625;-0.5529022216796875;-0.5211944580078125;1
2020-07-16 14:56:40;1594936600.864804;0;-0.3181915283203125;-0.6951904296875;-0.289337158203125;1
2020-07-16 14:56:40;1594936600.9009151;0;-0.600982666015625;-0.816619873046875;-0.8494720458984375;1
2020-07-16 14:56:40;1594936600.9427319;0;-0.667327880859375;-0.51092529296875;-0.9924468994140625;1
2020-07-16 14:56:40;1594936600.980351;0;-0.480499267578125;-0.4081878662109375;-0.7868194580078125;1
2020-07-16 14:56:40;1594936601.019304;0;-0.383514404296875;-0.370941162109375;-0.656951904296875;1
2020-07-16 14:56:40;1594936601.062409;0;-0.3835906982421875;-0.463134765625;-1.5305938720703125;1
2020-07-16 14:56:40;1594936601.100739;0;-0.307159423828125;-0.268890380859375;-0.8359375;1
2020-07-16 14:56:40;1594936601.1402478;0;-0.38836669921875;-0.8204498291015625;-1.113128662109375;1
2020-07-16 14:56:40;1594936601.1804461;0;-0.2799530029296875;-0.5301666259765625;-0.7457275390625;1
2020-07-16 14:56:40;1594936601.218703;0;-0.5433807373046875;-0.3009185791015625;-0.9962158203125;1
2020-07-16 14:56:40;1594936601.258955;0;-0.3146820068359375;-0.301605224609375;-0.913970947265625;1
2020-07-16 14:56:40;1594936601.3026571;0;-0.402435302734375;-0.37506103515625;-0.7036285400390625;1
2020-07-16 14:56:40;1594936601.3400111;0;-0.47564697265625;-0.3431854248046875;-0.626800537109375;1
2020-07-16 14:56:40;1594936601.381168;0;-0.247039794921875;-0.3676910400390625;-0.698211669921875;1
2020-07-16 14:56:40;1594936601.4213;0;-0.2975616455078125;-0.4501495361328125;-0.5114288330078125;1
2020-07-16 14:56:40;1594936601.4597712;0;-0.291015625;-0.3296966552734375;-0.6975860595703125;1
2020-07-16 14:56:40;1594936601.499446;0;-0.35870361328125;-0.3709716796875;-0.635101318359375;1
2020-07-16 14:56:40;1594936601.5414171;0;-0.4435577392578125;-0.3258819580078125;-0.736602783203125;1
2020-07-16 14:56:40;1594936601.579026;0;-0.3782958984375;-0.3265380859375;-0.7111053466796875;1
2020-07-16 14:56:40;1594936601.621414;0;-0.4326324462890625;-0.3519287109375;-0.63800048828125;1
2020-07-16 14:56:40;1594936601.660914;0;-0.54510498046875;-0.382232666015625;-0.8384552001953125;1
2020-07-16 14:56:40;1594936601.699362;0;-0.517425537109375;-0.340789794921875;-0.864227294921875;1
2020-07-16 14:56:40;1594936601.7401419;0;-0.460205078125;-0.34228515625;-0.9860076904296875;1
2020-07-16 14:56:40;1594936601.778325;0;-0.430755615234375;-0.36773681640625;-1.3126373291015625;1
2020-07-16 14:56:40;1594936601.821022;0;-0.3884429931640625;-0.2130584716796875;-1.109710693359375;1
2020-07-16 14:56:40;1594936601.860616;0;0.0226593017578125;-0.2620086669921875;-0.302032470703125;1
2020-07-16 14:56:40;1594936601.900082;0;0.1093292236328125;0.10870361328125;-2.896148681640625;1
2020-07-16 14:56:40;1594936601.940156;0;-0.281890869140625;-0.2087860107421875;-1.461273193359375;1
2020-07-16 14:56:40;1594936601.978477;0;-0.1979827880859375;-0.25250244140625;-1.17828369140625;1
2020-07-16 14:56:40;1594936602.0192652;0;-0.2289886474609375;-0.2830963134765625;-1.0517730712890625;1
2020-07-16 14:56:40;1594936602.0603042;0;-0.0836029052734375;-0.307403564453125;-1.1770782470703125;1
2020-07-16 14:56:40;1594936602.099602;0;-0.199432373046875;-0.25848388671875;-1.1900177001953125;1
2020-07-16 14:56:40;1594936602.13708;0;-0.23602294921875;-0.18115234375;-1.0987396240234375;1
2020-07-16 14:56:40;1594936602.179584;0;-0.3239898681640625;-0.1661834716796875;-1.0845489501953125;1
2020-07-16 14:56:40;1594936602.220154;0;-0.37835693359375;-0.1074066162109375;-1.0580596923828125;1
2020-07-16 14:56:40;1594936602.2592568;0;-0.3690032958984375;-0.110321044921875;-0.7844085693359375;1
2020-07-16 14:56:40;1594936602.2997289;0;-0.2808685302734375;0.0552978515625;-0.6312103271484375;1
2020-07-16 14:56:40;1594936602.339745;0;-0.167388916015625;0.11236572265625;-0.3470306396484375;1
2020-07-16 14:56:40;1594936602.381031;0;-0.4962158203125;-0.25592041015625;-0.411773681640625;1
2020-07-16 14:56:40;1594936602.420656;0;-0.29791259765625;-0.4236602783203125;-0.3139190673828125;1
2020-07-16 14:56:40;1594936602.458531;0;-0.289642333984375;-0.4568328857421875;-0.6937255859375;1
2020-07-16 14:56:40;1594936602.4984422;0;-0.3759918212890625;-0.517791748046875;-0.5509185791015625;1
2020-07-16 14:56:40;1594936602.5385551;0;0.25372314453125;0.019317626953125;-1.13409423828125;1
2020-07-16 14:56:40;1594936602.5806541;0;-0.0958709716796875;-0.028900146484375;-1.727203369140625;1
2020-07-16 14:56:40;1594936602.619639;0;-0.02337646484375;-0.0958404541015625;-1.9846954345703125;1
2020-07-16 14:56:40;1594936602.659377;0;-0.0360260009765625;-0.0986785888671875;-1.3625640869140625;1
2020-07-16 14:56:40;1594936602.7001839;0;-0.0227813720703125;-0.3477020263671875;-1.64715576171875;1
2020-07-16 14:56:40;1594936602.740336;0;-0.1967315673828125;-0.1724853515625;-1.3027496337890625;1
2020-07-16 14:56:40;1594936602.779172;0;-0.1427001953125;-0.1410675048828125;-1.2191925048828125;1
2020-07-16 14:56:40;1594936602.817395;0;-0.073089599609375;-0.123199462890625;-0.9753265380859375;1
2020-07-16 14:56:40;1594936602.8587809;0;0.05499267578125;-0.109130859375;-0.9145660400390625;1
2020-07-16 14:56:40;1594936602.897715;0;0.03094482421875;-0.0240325927734375;-0.8805389404296875;1
2020-07-16 14:56:40;1594936602.938602;0;-0.031951904296875;0.008758544921875;-0.9271392822265625;1
2020-07-16 14:56:40;1594936602.9776669;0;-0.048370361328125;0.0186767578125;-0.8555755615234375;1
2020-07-16 14:56:40;1594936603.019207;0;-0.1212005615234375;-0.08740234375;-0.6851959228515625;1
2020-07-16 14:56:40;1594936603.0575938;0;-0.080810546875;-0.2406463623046875;-0.504547119140625;1
2020-07-16 14:56:40;1594936603.0993772;0;-0.080963134765625;-0.130401611328125;-0.8716888427734375;1
2020-07-16 14:56:40;1594936603.1432161;0;-0.3308563232421875;-0.2934417724609375;-0.7930145263671875;1
2020-07-16 14:56:40;1594936603.1777658;0;-0.2923583984375;-0.479522705078125;-0.6983184814453125;1
2020-07-16 14:56:40;1594936603.219407;0;-0.35589599609375;-0.3144073486328125;-0.945159912109375;1
2020-07-16 14:56:40;1594936603.258769;0;-0.2029876708984375;-0.30645751953125;-1.175506591796875;1
2020-07-16 14:56:40;1594936603.2986;0;0.023651123046875;-0.3876953125;-0.9478912353515625;1
2020-07-16 14:56:40;1594936603.339159;0;-0.122833251953125;-0.4091949462890625;-1.1930999755859375;1
2020-07-16 14:56:40;1594936603.379272;0;-0.129974365234375;-0.5790863037109375;-1.1035308837890625;1
2020-07-16 14:56:40;1594936603.418479;0;-0.0799102783203125;-0.6339111328125;-0.843017578125;1
2020-07-16 14:56:40;1594936603.4574099;0;-0.2197113037109375;-0.66925048828125;-0.51324462890625;1
2020-07-16 14:56:40;1594936603.498683;0;-0.3403167724609375;-0.6867218017578125;-0.2454833984375;1
2020-07-16 14:56:40;1594936603.539726;0;-0.2564697265625;-0.2947235107421875;-0.33221435546875;1
2020-07-16 14:56:40;1594936603.583072;0;-0.30560302734375;0.139495849609375;-0.4865264892578125;1
2020-07-16 14:56:40;1594936603.618294;0;-0.3499755859375;0.4017181396484375;-0.6055450439453125;1
2020-07-16 14:56:40;1594936603.656715;0;-0.137969970703125;0.259307861328125;-0.697235107421875;1
2020-07-16 14:56:40;1594936603.699069;0;0.109375;0.2553863525390625;-0.8735198974609375;1
2020-07-16 14:56:40;1594936603.740034;0;0.460693359375;0.302459716796875;-0.9055023193359375;1
2020-07-16 14:56:40;1594936603.779087;0;0.128509521484375;0.0304107666015625;-0.7397918701171875;1
2020-07-16 14:56:40;1594936603.818118;0;0.135345458984375;-0.0378265380859375;-0.677459716796875;1
2020-07-16 14:56:40;1594936603.8593302;0;0.194549560546875;-0.055877685546875;-0.7616424560546875;1
2020-07-16 14:56:40;1594936603.8990521;0;0.2354736328125;-0.026214599609375;-0.877899169921875;1
2020-07-16 14:56:40;1594936603.938839;0;0.3447113037109375;-0.0220794677734375;-1.08135986328125;1
2020-07-16 14:56:40;1594936603.979443;0;0.5823974609375;0.182830810546875;-1.308013916015625;1
2020-07-16 14:56:40;1594936604.019659;0;0.7985687255859375;0.1519775390625;-1.313751220703125;1
2020-07-16 14:56:40;1594936604.0588741;0;0.7913665771484375;0.2169342041015625;-1.4238739013671875;1
2020-07-16 14:56:40;1594936604.099463;0;0.805755615234375;0.228363037109375;-1.3769378662109375;1
2020-07-16 14:56:40;1594936604.140225;0;0.8480072021484375;0.24786376953125;-1.40655517578125;1
2020-07-16 14:56:40;1594936604.1765609;0;0.6253662109375;0.205963134765625;-1.0442047119140625;1
2020-07-16 14:56:40;1594936604.216685;0;0.5932159423828125;0.19744873046875;-1.0498046875;1
2020-07-16 14:56:40;1594936604.258031;0;0.5316314697265625;0.1779022216796875;-1.0161285400390625;1
2020-07-16 14:56:40;1594936604.298682;0;0.453460693359375;0.1450347900390625;-0.9654388427734375;1
2020-07-16 14:56:40;1594936604.3382192;0;0.4103240966796875;0.1313934326171875;-0.88555908203125;1
2020-07-16 14:56:40;1594936604.3782802;0;0.367889404296875;0.07977294921875;-0.80438232421875;1
2020-07-16 14:56:40;1594936604.419056;0;0.3990020751953125;0.0913238525390625;-0.8486175537109375;1
2020-07-16 14:56:40;1594936604.458926;0;0.426849365234375;0.06024169921875;-0.8569488525390625;1
2020-07-16 14:56:40;1594936604.498218;0;0.4729766845703125;0.0788116455078125;-0.9969482421875;1
2020-07-16 14:56:40;1594936604.538097;0;0.5954437255859375;0.0880584716796875;-1.176055908203125;1
2020-07-16 14:56:40;1594936604.5799031;0;0.62652587890625;0.0670318603515625;-1.19879150390625;1
2020-07-16 14:56:40;1594936604.618212;0;0.613861083984375;0.0901336669921875;-1.194793701171875;1
2020-07-16 14:56:40;1594936604.658469;0;0.695220947265625;0.1779937744140625;-1.2857818603515625;1
2020-07-16 14:56:40;1594936604.699269;0;0.6993408203125;0.2344512939453125;-1.2991790771484375;1
2020-07-16 14:56:40;1594936604.738445;0;0.656036376953125;0.180419921875;-1.138641357421875;1
2020-07-16 14:56:40;1594936604.778283;0;0.6577606201171875;0.2276763916015625;-1.2223968505859375;1
2020-07-16 14:56:40;1594936604.818925;0;0.7048492431640625;0.293182373046875;-1.3080291748046875;1
2020-07-16 14:56:40;1594936604.858756;0;0.662872314453125;0.3719940185546875;-1.377838134765625;1
2020-07-16 14:56:40;1594936604.898108;0;0.54937744140625;0.35455322265625;-1.1627655029296875;1
2020-07-16 14:56:40;1594936604.9365711;0;0.4796905517578125;0.366851806640625;-1.12213134765625;1
2020-07-16 14:56:40;1594936604.9775681;0;0.4633331298828125;0.3768768310546875;-1.06243896484375;1
2020-07-16 14:56:40;1594936605.019017;0;0.4282379150390625;0.358612060546875;-1.0110931396484375;1
2020-07-16 14:56:40;1594936605.049994;0;0.408477783203125;0.319549560546875;-0.9377288818359375;1
2020-07-16 14:56:40;1594936605.0992432;0;0.3589935302734375;0.278228759765625;-0.806610107421875;1
2020-07-16 14:56:40;1594936605.138608;0;0.3249359130859375;0.2526397705078125;-0.7060699462890625;1
2020-07-16 14:56:40;1594936605.179033;0;0.2716064453125;0.2755126953125;-0.712310791015625;1
2020-07-16 14:56:40;1594936605.218182;0;0.252960205078125;0.2467041015625;-0.692626953125;1
2020-07-16 14:56:40;1594936605.257216;0;0.3323516845703125;0.238311767578125;-0.8856201171875;1
2020-07-16 14:56:40;1594936605.2976398;0;0.4394378662109375;0.233795166015625;-1.1613922119140625;1
2020-07-16 14:56:40;1594936605.3374228;0;0.277587890625;0.060028076171875;-0.7679901123046875;1
2020-07-16 14:56:40;1594936605.3759851;0;0.196044921875;0.0918731689453125;-0.6601715087890625;1
2020-07-16 14:56:40;1594936605.417902;0;0.4216156005859375;0.2310638427734375;-1.1416168212890625;1
2020-07-16 14:56:40;1594936605.459475;0;0.4698944091796875;0.2309722900390625;-1.280792236328125;1
2020-07-16 14:56:40;1594936605.497734;0;0.4127960205078125;0.1784820556640625;-1.064483642578125;1
2020-07-16 14:56:40;1594936605.536711;0;0.3477935791015625;0.1556854248046875;-0.954925537109375;1
2020-07-16 14:56:40;1594936605.580316;0;0.3770904541015625;0.1727752685546875;-1.01397705078125;1
2020-07-16 14:56:40;1594936605.6179972;0;0.441436767578125;0.17218017578125;-1.147247314453125;1
2020-07-16 14:56:40;1594936605.656796;0;0.5333709716796875;0.168426513671875;-1.1501007080078125;1
2020-07-16 14:56:40;1594936605.6963592;0;0.4983673095703125;0.1302490234375;-1.153778076171875;1
2020-07-16 14:56:40;1594936605.7372952;0;0.5208892822265625;0.132049560546875;-1.166778564453125;1
2020-07-16 14:56:40;1594936605.776207;0;0.5473480224609375;0.1298370361328125;-1.1734619140625;1
2020-07-16 14:56:40;1594936605.82133;0;0.5446624755859375;0.1231842041015625;-1.1169281005859375;1
2020-07-16 14:56:40;1594936605.85716;0;0.5308990478515625;0.112457275390625;-1.047393798828125;1
2020-07-16 14:56:40;1594936605.897924;0;0.5647735595703125;0.219329833984375;-1.21600341796875;1
2020-07-16 14:56:40;1594936605.937659;0;0.6653594970703125;0.251007080078125;-1.2883758544921875;1
2020-07-16 14:56:40;1594936605.9779549;0;0.6036834716796875;0.2263031005859375;-1.1950836181640625;1
2020-07-16 14:56:40;1594936606.014931;0;0.5607147216796875;0.262603759765625;-1.136444091796875;1
2020-07-16 14:56:40;1594936606.058937;0;0.562835693359375;0.28070068359375;-1.14013671875;1
2020-07-16 14:56:40;1594936606.094559;0;0.5658721923828125;0.3410491943359375;-1.366455078125;1
2020-07-16 14:56:40;1594936606.13784;0;0.5723876953125;0.32379150390625;-1.2903900146484375;1
2020-07-16 14:56:40;1594936606.176028;0;0.5078582763671875;0.334075927734375;-1.2430419921875;1
2020-07-16 14:56:40;1594936606.214913;0;0.5028228759765625;0.337066650390625;-1.2423248291015625;1
2020-07-16 14:56:40;1594936606.2548509;0;0.4933624267578125;0.320404052734375;-1.2313690185546875;1
2020-07-16 14:56:40;1594936606.299849;0;0.4858856201171875;0.3063812255859375;-1.19189453125;1
2020-07-16 14:56:40;1594936606.3372788;0;0.430999755859375;0.2657470703125;-1.08404541015625;1
2020-07-16 14:56:40;1594936606.374919;0;0.38543701171875;0.253204345703125;-0.9612884521484375;1
2020-07-16 14:56:40;1594936606.418013;0;0.3330535888671875;0.2828826904296875;-0.9015350341796875;1
2020-07-16 14:56:40;1594936606.457817;0;0.33502197265625;0.281402587890625;-0.9140472412109375;1
2020-07-16 14:56:40;1594936606.502441;0;0.337310791015625;0.242523193359375;-0.9135284423828125;1
2020-07-16 14:56:40;1594936606.536335;0;0.3028717041015625;0.1928253173828125;-0.861053466796875;1
2020-07-16 14:56:40;1594936606.576473;0;0.280670166015625;0.152130126953125;-0.8339385986328125;1
2020-07-16 14:56:40;1594936606.6192431;0;0.23681640625;0.078826904296875;-0.720947265625;1
2020-07-16 14:56:40;1594936606.656255;0;0.1619720458984375;0.0341033935546875;-0.5547943115234375;1
2020-07-16 14:56:40;1594936606.69555;0;0.11431884765625;0.0171051025390625;-0.4230804443359375;1
2020-07-16 14:56:40;1594936606.736744;0;0.256744384765625;0.0805511474609375;-0.854888916015625;1
2020-07-16 14:56:40;1594936606.774961;0;0.37725830078125;0.131805419921875;-1.0727691650390625;1
2020-07-16 14:56:40;1594936606.816235;0;0.3666229248046875;0.1368560791015625;-1.0387725830078125;1
2020-07-16 14:56:40;1594936606.856739;0;0.3274383544921875;0.1612396240234375;-0.99957275390625;1
2020-07-16 14:56:40;1594936606.895073;0;0.4168243408203125;0.1979217529296875;-1.1483917236328125;1
2020-07-16 14:56:40;1594936606.933971;0;0.4830169677734375;0.2101898193359375;-1.29046630859375;1
2020-07-16 14:56:40;1594936606.9761481;0;0.5381011962890625;0.2084503173828125;-1.3576202392578125;1
2020-07-16 14:56:40;1594936607.0112;0;0.566741943359375;0.194366455078125;-1.413787841796875;1
2020-07-16 14:56:40;1594936607.055213;0;0.5170745849609375;0.1449127197265625;-1.2867279052734375;1
2020-07-16 14:56:40;1594936607.0951939;0;0.46649169921875;0.12982177734375;-1.1909942626953125;1
2020-07-16 14:56:40;1594936607.136055;0;0.4799652099609375;0.135009765625;-1.24310302734375;1
2020-07-16 14:56:40;1594936607.176148;0;0.5219879150390625;0.147705078125;-1.25311279296875;1
2020-07-16 14:56:40;1594936607.215578;0;0.518890380859375;0.1527252197265625;-1.2401123046875;1
2020-07-16 14:56:40;1594936607.253926;0;0.5714263916015625;0.1823883056640625;-1.307861328125;1
2020-07-16 14:56:40;1594936607.2970428;0;0.555267333984375;0.1867218017578125;-1.2617645263671875;1
2020-07-16 14:56:40;1594936607.3366508;0;0.481414794921875;0.152557373046875;-1.0438079833984375;1
2020-07-16 14:56:40;1594936607.376463;0;0.4213104248046875;0.194854736328125;-0.9830474853515625;1
2020-07-16 14:56:40;1594936607.416171;0;0.4691162109375;0.2178955078125;-1.0612335205078125;1
2020-07-16 14:56:40;1594936607.454112;0;0.485504150390625;0.2755889892578125;-1.127197265625;1
2020-07-16 14:56:40;1594936607.495486;0;0.4981689453125;0.3051910400390625;-1.183837890625;1
2020-07-16 14:56:40;1594936607.535238;0;0.493408203125;0.33197021484375;-1.212158203125;1
2020-07-16 14:56:40;1594936607.573355;0;0.4570159912109375;0.341339111328125;-1.204681396484375;1
2020-07-16 14:56:40;1594936607.6166182;0;0.4849853515625;0.3586883544921875;-1.291656494140625;1
2020-07-16 14:56:40;1594936607.653455;0;0.4949798583984375;0.362091064453125;-1.340087890625;1
2020-07-16 14:56:40;1594936607.6928859;0;0.46923828125;0.3250732421875;-1.2621307373046875;1
2020-07-16 14:56:40;1594936607.735266;0;0.43560791015625;0.2558441162109375;-1.1922454833984375;1
2020-07-16 14:56:40;1594936607.775526;0;0.40185546875;0.20611572265625;-1.06494140625;1
2020-07-16 14:56:40;1594936607.814651;0;0.3759613037109375;0.2214813232421875;-1.0571746826171875;1
2020-07-16 14:56:40;1594936607.8562012;0;0.3104248046875;0.197021484375;-0.925140380859375;1
2020-07-16 14:56:40;1594936607.89637;0;0.2370758056640625;0.1404876708984375;-0.715606689453125;1
2020-07-16 14:56:40;1594936607.935466;0;0.2712249755859375;0.140411376953125;-0.8556060791015625;1
2020-07-16 14:56:40;1594936607.97544;0;0.274444580078125;0.13671875;-0.8512115478515625;1
2020-07-16 14:56:40;1594936608.014583;0;0.2042388916015625;0.1149139404296875;-0.7148590087890625;1
2020-07-16 14:56:40;1594936608.052448;0;0.124237060546875;0.0463714599609375;-0.49310302734375;1
2020-07-16 14:56:40;1594936608.0943441;0;0.2445068359375;0.1073455810546875;-0.8180999755859375;1
2020-07-16 14:56:40;1594936608.135505;0;0.3117828369140625;0.1026458740234375;-0.9586181640625;1
2020-07-16 14:56:40;1594936608.1744962;0;0.311126708984375;0.10546875;-0.960662841796875;1
2020-07-16 14:56:40;1594936608.214849;0;0.2760162353515625;0.1094970703125;-0.8900299072265625;1
2020-07-16 14:56:40;1594936608.2552052;0;0.324798583984375;0.140350341796875;-0.9984588623046875;1
2020-07-16 14:56:40;1594936608.295682;0;0.4149322509765625;0.163055419921875;-1.2147674560546875;1
2020-07-16 14:56:40;1594936608.33272;0;0.4769744873046875;0.18572998046875;-1.3551483154296875;1
2020-07-16 14:56:40;1594936608.3722792;0;0.5283203125;0.188934326171875;-1.475128173828125;1
2020-07-16 14:56:40;1594936608.410018;0;0.561431884765625;0.1836090087890625;-1.434783935546875;1
2020-07-16 14:56:40;1594936608.446763;0;0.5107574462890625;0.1551055908203125;-1.33209228515625;1
2020-07-16 14:56:40;1594936608.491273;0;0.4988250732421875;0.168060302734375;-1.2805328369140625;1
2020-07-16 14:56:40;1594936608.533045;0;0.5303497314453125;0.1609344482421875;-1.312774658203125;1
2020-07-16 14:56:40;1594936608.570753;0;0.607208251953125;0.20379638671875;-1.48876953125;1
2020-07-16 14:56:40;1594936608.614324;0;0.640167236328125;0.18255615234375;-1.4617919921875;1
2020-07-16 14:56:40;1594936608.6546159;0;0.497406005859375;0.107269287109375;-1.102783203125;1
2020-07-16 14:56:40;1594936608.692081;0;0.4096221923828125;0.0894927978515625;-0.8977813720703125;1
2020-07-16 14:56:40;1594936608.732904;0;0.389892578125;0.1072235107421875;-0.8791656494140625;1
2020-07-16 14:56:40;1594936608.77218;0;0.4468231201171875;0.1797027587890625;-1.06719970703125;1
2020-07-16 14:56:40;1594936608.8119721;0;0.471893310546875;0.227752685546875;-1.1354522705078125;1
2020-07-16 14:56:40;1594936608.852466;0;0.4476776123046875;0.247161865234375;-1.091094970703125;1
2020-07-16 14:56:40;1594936608.886132;0;0.458343505859375;0.314483642578125;-1.1721649169921875;1
2020-07-16 14:56:40;1594936608.932199;0;0.5314178466796875;0.337249755859375;-1.3886566162109375;1
2020-07-16 14:56:40;1594936608.972499;0;0.604736328125;0.33404541015625;-1.4571380615234375;1
2020-07-16 14:56:40;1594936609.011139;0;0.571990966796875;0.3385772705078125;-1.51165771484375;1
2020-07-16 14:56:40;1594936609.051084;0;0.511322021484375;0.2966766357421875;-1.350677490234375;1
2020-07-16 14:56:40;1594936609.094629;0;0.409332275390625;0.237518310546875;-1.1017608642578125;1
2020-07-16 14:56:40;1594936609.133708;0;0.3578033447265625;0.2052001953125;-0.9924468994140625;1
2020-07-16 14:56:40;1594936609.173706;0;0.312652587890625;0.216644287109375;-0.9391021728515625;1
2020-07-16 14:56:40;1594936609.214328;0;0.28643798828125;0.21343994140625;-0.9074859619140625;1
2020-07-16 14:56:40;1594936609.250839;0;0.27813720703125;0.1705780029296875;-0.8761749267578125;1
2020-07-16 14:56:40;1594936609.2926888;0;0.327880859375;0.159332275390625;-1.0117645263671875;1
2020-07-16 14:56:40;1594936609.332305;0;0.332733154296875;0.12237548828125;-0.9820556640625;1
2020-07-16 14:56:40;1594936609.373213;0;0.20562744140625;0.0845489501953125;-0.709381103515625;1
2020-07-16 14:56:40;1594936609.412959;0;0.0779876708984375;0.0383148193359375;-0.445648193359375;1
2020-07-16 14:56:40;1594936609.454629;0;0.216064453125;0.064910888671875;-0.76934814453125;1
2020-07-16 14:56:40;1594936609.4930139;0;0.2890777587890625;0.0652923583984375;-0.9048004150390625;1
2020-07-16 14:56:40;1594936609.5255032;0;0.2753143310546875;0.0472564697265625;-0.879058837890625;1
2020-07-16 14:56:40;1594936609.5727649;0;0.272308349609375;0.0574188232421875;-0.8509979248046875;1
2020-07-16 14:56:40;1594936609.61033;0;0.307037353515625;0.08123779296875;-0.9613494873046875;1
2020-07-16 14:56:40;1594936609.653235;0;0.4071044921875;0.1054229736328125;-1.19049072265625;1
2020-07-16 14:56:40;1594936609.6934881;0;0.4812469482421875;0.1114044189453125;-1.32318115234375;1
2020-07-16 14:56:40;1594936609.731096;0;0.51361083984375;0.104461669921875;-1.362091064453125;1
2020-07-16 14:56:40;1594936609.7702;0;0.5042877197265625;0.0673675537109375;-1.318756103515625;1
2020-07-16 14:56:40;1594936609.812862;0;0.4991912841796875;0.0552825927734375;-1.261810302734375;1
2020-07-16 14:56:40;1594936609.8520799;0;0.5233306884765625;0.0893402099609375;-1.339874267578125;1
2020-07-16 14:56:40;1594936609.89242;0;0.5503692626953125;0.105682373046875;-1.3320159912109375;1
2020-07-16 14:56:40;1594936609.9325771;0;0.566375732421875;0.1183624267578125;-1.328369140625;1
2020-07-16 14:56:40;1594936609.973131;0;0.6419219970703125;0.15936279296875;-1.407501220703125;1
2020-07-16 14:56:40;1594936610.013273;0;0.5906219482421875;0.099273681640625;-1.2490081787109375;1
2020-07-16 14:56:40;1594936610.050499;0;0.4894866943359375;0.098419189453125;-1.03619384765625;1
2020-07-16 14:56:40;1594936610.092454;0;0.5157012939453125;0.155364990234375;-1.1331634521484375;1
2020-07-16 14:56:40;1594936610.13399;0;0.5591888427734375;0.2030181884765625;-1.211578369140625;1
2020-07-16 14:56:40;1594936610.173768;0;0.50408935546875;0.21221923828125;-1.129486083984375;1
2020-07-16 14:56:40;1594936610.2128801;0;0.420745849609375;0.2190399169921875;-1.020904541015625;1
2020-07-16 14:56:40;1594936610.253231;0;0.407318115234375;0.2470550537109375;-1.062286376953125;1
2020-07-16 14:56:40;1594936610.2899199;0;0.4181060791015625;0.27001953125;-1.1437530517578125;1
2020-07-16 14:56:40;1594936610.333668;0;0.43609619140625;0.2751617431640625;-1.21099853515625;1
2020-07-16 14:56:40;1594936610.3736649;0;0.497283935546875;0.283843994140625;-1.370635986328125;1
2020-07-16 14:56:40;1594936610.412737;0;0.4919281005859375;0.2527008056640625;-1.3332366943359375;1
2020-07-16 14:56:40;1594936610.455266;0;0.3950042724609375;0.20123291015625;-1.129180908203125;1
2020-07-16 14:56:40;1594936610.4888659;0;0.3475189208984375;0.156707763671875;-0.984283447265625;1
2020-07-16 14:56:40;1594936610.532443;0;0.362457275390625;0.1929168701171875;-1.0586395263671875;1
2020-07-16 14:56:40;1594936610.5712261;0;0.34661865234375;0.174102783203125;-0.9932708740234375;1
2020-07-16 14:56:40;1594936610.6128721;0;0.3280181884765625;0.143524169921875;-0.94171142578125;1
2020-07-16 14:56:40;1594936610.651905;0;0.3259735107421875;0.12127685546875;-1.007049560546875;1
2020-07-16 14:56:40;1594936610.691886;0;0.2098236083984375;0.073028564453125;-0.726287841796875;1
2020-07-16 14:56:40;1594936610.73068;0;0.095611572265625;0.0165252685546875;-0.3777923583984375;1
2020-07-16 14:56:40;1594936610.771048;0;0.257232666015625;0.0908050537109375;-0.8936767578125;1
2020-07-16 14:56:40;1594936610.80918;0;0.4080963134765625;0.128265380859375;-1.176727294921875;1
2020-07-16 14:56:40;1594936610.852273;0;0.33050537109375;0.0768280029296875;-0.9572601318359375;1
2020-07-16 14:56:40;1594936610.892236;0;0.23114013671875;0.053009033203125;-0.709564208984375;1
2020-07-16 14:56:40;1594936610.929288;0;0.2320098876953125;0.064422607421875;-0.721954345703125;1
2020-07-16 14:56:40;1594936610.969661;0;0.265411376953125;0.04803466796875;-0.7849884033203125;1
2020-07-16 14:56:40;1594936611.009526;0;0.3036041259765625;0.0741424560546875;-0.8796234130859375;1
2020-07-16 14:56:40;1594936611.050757;0;0.3969573974609375;0.0859222412109375;-1.078887939453125;1
2020-07-16 14:56:40;1594936611.090698;0;0.4429931640625;0.0244140625;-1.1689605712890625;1
2020-07-16 14:56:40;1594936611.129428;0;0.40802001953125;-0.0140533447265625;-1.1583099365234375;1
2020-07-16 14:56:40;1594936611.170802;0;0.4574127197265625;-0.005279541015625;-1.2997894287109375;1
2020-07-16 14:56:40;1594936611.209372;0;0.4865875244140625;0.05340576171875;-1.2431488037109375;1
2020-07-16 14:56:40;1594936611.249085;0;0.526947021484375;0.065887451171875;-1.287109375;1
2020-07-16 14:56:40;1594936611.289808;0;0.6407012939453125;0.1341400146484375;-1.4825286865234375;1
2020-07-16 14:56:40;1594936611.3302689;0;0.707733154296875;0.130157470703125;-1.54541015625;1
2020-07-16 14:56:40;1594936611.372652;0;0.5381317138671875;0.073272705078125;-1.1153717041015625;1
2020-07-16 14:56:40;1594936611.4108338;0;0.5290985107421875;0.1244354248046875;-1.16876220703125;1
2020-07-16 14:56:40;1594936611.450019;0;0.5594635009765625;0.136383056640625;-1.20166015625;1
2020-07-16 14:56:40;1594936611.4891648;0;0.480224609375;0.1377716064453125;-1.0577545166015625;1
2020-07-16 14:56:40;1594936611.5305681;0;0.426025390625;0.129669189453125;-0.9384918212890625;1
2020-07-16 14:56:40;1594936611.572021;0;0.41094970703125;0.137603759765625;-0.9203338623046875;1
2020-07-16 14:56:40;1594936611.610389;0;0.4058990478515625;0.1647796630859375;-0.9774017333984375;1
2020-07-16 14:56:40;1594936611.649787;0;0.4296875;0.1797027587890625;-1.0502777099609375;1
2020-07-16 14:56:40;1594936611.690758;0;0.4463958740234375;0.1717529296875;-1.118011474609375;1
2020-07-16 14:56:40;1594936611.728706;0;0.4456329345703125;0.1768341064453125;-1.1454925537109375;1
2020-07-16 14:56:40;1594936611.76844;0;0.4755096435546875;0.15985107421875;-1.2615509033203125;1
2020-07-16 14:56:40;1594936611.806891;0;0.512542724609375;0.153350830078125;-1.2899169921875;1
2020-07-16 14:56:40;1594936611.850426;0;0.5106048583984375;0.134368896484375;-1.331451416015625;1
2020-07-16 14:56:40;1594936611.89458;0;0.5273284912109375;0.1220855712890625;-1.40106201171875;1
2020-07-16 14:56:40;1594936611.930809;0;0.437103271484375;0.07830810546875;-1.1508636474609375;1
2020-07-16 14:56:40;1594936611.970957;0;0.239593505859375;0.050994873046875;-0.72943115234375;1
2020-07-16 14:56:40;1594936612.010714;0;0.155242919921875;0.047393798828125;-0.4925079345703125;1
2020-07-16 14:56:40;1594936612.0494518;0;0.1811676025390625;0.0608062744140625;-0.5414276123046875;1
2020-07-16 14:56:40;1594936612.089037;0;0.1749420166015625;0.0503082275390625;-0.6050567626953125;1
2020-07-16 14:56:40;1594936612.130785;0;0.2053985595703125;0.0198211669921875;-0.6792144775390625;1
2020-07-16 14:56:40;1594936612.17101;0;0.2909393310546875;0.0447845458984375;-0.9161376953125;1
2020-07-16 14:56:40;1594936612.209877;0;0.38427734375;0.0307464599609375;-1.1128387451171875;1
2020-07-16 14:56:40;1594936612.2482371;0;0.4111480712890625;-0.0213623046875;-1.086181640625;1
2020-07-16 14:56:40;1594936612.290331;0;0.35064697265625;-0.0404205322265625;-0.9003448486328125;1
2020-07-16 14:56:40;1594936612.3275108;0;0.30126953125;-0.04339599609375;-0.7716217041015625;1
2020-07-16 14:56:40;1594936612.369878;0;0.3490142822265625;-0.022857666015625;-0.8200225830078125;1
2020-07-16 14:56:40;1594936612.4097261;0;0.3827056884765625;-0.002349853515625;-0.849761962890625;1
2020-07-16 14:56:40;1594936612.450148;0;0.4111785888671875;0.0057220458984375;-0.8929901123046875;1
2020-07-16 14:56:40;1594936612.488702;0;0.421295166015625;-0.0126800537109375;-0.916259765625;1
2020-07-16 14:56:40;1594936612.527629;0;0.4953460693359375;-0.001129150390625;-1.0775146484375;1
2020-07-16 14:56:40;1594936612.567003;0;0.54803466796875;0.025146484375;-1.2457427978515625;1
2020-07-16 14:56:40;1594936612.608918;0;0.6055450439453125;0.073699951171875;-1.45220947265625;1
2020-07-16 14:56:40;1594936612.649848;0;0.570068359375;0.0840301513671875;-1.3857574462890625;1
2020-07-16 14:56:40;1594936612.689419;0;0.575592041015625;0.1421966552734375;-1.43017578125;1
2020-07-16 14:56:40;1594936612.728514;0;0.5564117431640625;0.165069580078125;-1.42926025390625;1
2020-07-16 14:56:40;1594936612.768776;0;0.5500335693359375;0.1973419189453125;-1.454925537109375;1
2020-07-16 14:56:40;1594936612.808883;0;0.476715087890625;0.1869964599609375;-1.295013427734375;1
2020-07-16 14:56:40;1594936612.848785;0;0.3768463134765625;0.1741485595703125;-1.0764617919921875;1
2020-07-16 14:56:40;1594936612.889072;0;0.3314666748046875;0.1791839599609375;-1.0175933837890625;1
2020-07-16 14:56:40;1594936612.928829;0;0.3444976806640625;0.1792755126953125;-1.0287322998046875;1
2020-07-16 14:56:40;1594936612.9690108;0;0.3405303955078125;0.1712493896484375;-1.0032958984375;1
2020-07-16 14:56:40;1594936613.0135388;0;0.3218231201171875;0.1499176025390625;-0.9445343017578125;1
2020-07-16 14:56:40;1594936613.052753;0;0.3293914794921875;0.1283721923828125;-0.9515228271484375;1
2020-07-16 14:56:40;1594936613.088486;0;0.3499755859375;0.1718292236328125;-1.020294189453125;1
2020-07-16 14:56:40;1594936613.132879;0;0.340362548828125;0.182220458984375;-1.02777099609375;1
2020-07-16 14:56:40;1594936613.16893;0;0.27227783203125;0.168243408203125;-0.9582061767578125;1
2020-07-16 14:56:40;1594936613.208909;0;0.24090576171875;0.1254119873046875;-0.8980712890625;1
2020-07-16 14:56:40;1594936613.2493582;0;0.2225341796875;0.10302734375;-0.833587646484375;1
2020-07-16 14:56:40;1594936613.2889209;0;0.123626708984375;0.03643798828125;-0.6399993896484375;1
2020-07-16 14:56:40;1594936613.327736;0;0.062957763671875;-0.015472412109375;-0.441009521484375;1
2020-07-16 14:56:40;1594936613.3673139;0;0.1292266845703125;0.0250091552734375;-0.6976318359375;1
2020-07-16 14:56:40;1594936613.409581;0;0.2836761474609375;0.0225677490234375;-1.011962890625;1
2020-07-16 14:56:40;1594936613.448494;0;0.39764404296875;0.0364532470703125;-1.227203369140625;1
2020-07-16 14:56:40;1594936613.490316;0;0.3572540283203125;0.0440673828125;-1.1246185302734375;1
2020-07-16 14:56:40;1594936613.527814;0;0.362884521484375;0.05609130859375;-1.0959930419921875;1
2020-07-16 14:56:40;1594936613.5689368;0;0.4111328125;0.0721588134765625;-1.1380615234375;1
2020-07-16 14:56:40;1594936613.615917;0;0.4308929443359375;0.0553131103515625;-1.1623382568359375;1
2020-07-16 14:56:40;1594936613.648602;0;0.434356689453125;0.0748138427734375;-1.129425048828125;1
2020-07-16 14:56:40;1594936613.688113;0;0.44500732421875;0.0095977783203125;-1.0880584716796875;1
2020-07-16 14:56:40;1594936613.7304611;0;0.432037353515625;0.0260467529296875;-1.0889129638671875;1
2020-07-16 14:56:40;1594936613.769108;0;0.4220733642578125;0.008697509765625;-1.00848388671875;1
2020-07-16 14:56:40;1594936613.806757;0;0.4472808837890625;0.01116943359375;-1.0565948486328125;1
2020-07-16 14:56:40;1594936613.8532639;0;0.510650634765625;0.0591888427734375;-1.1737060546875;1
2020-07-16 14:56:40;1594936613.8898668;0;0.58148193359375;0.130157470703125;-1.328216552734375;1
2020-07-16 14:56:40;1594936613.929429;0;0.6795196533203125;0.213653564453125;-1.555999755859375;1
2020-07-16 14:56:40;1594936613.969697;0;0.5755615234375;0.134033203125;-1.286041259765625;1
2020-07-16 14:56:40;1594936614.0092301;0;0.4962158203125;0.1229095458984375;-1.1464691162109375;1
2020-07-16 14:56:40;1594936614.049679;0;0.438720703125;0.14013671875;-1.0438385009765625;1
2020-07-16 14:56:40;1594936614.088897;0;0.43017578125;0.17193603515625;-1.10882568359375;1
2020-07-16 14:56:40;1594936614.12714;0;0.4430389404296875;0.1900634765625;-1.1384124755859375;1
2020-07-16 14:56:40;1594936614.17415;0;0.407623291015625;0.1772613525390625;-1.0926513671875;1
2020-07-16 14:56:40;1594936614.208003;0;0.3881683349609375;0.1611480712890625;-1.0496063232421875;1
2020-07-16 14:56:40;1594936614.248246;0;0.3573150634765625;0.1767730712890625;-1.014617919921875;1
2020-07-16 14:56:40;1594936614.288223;0;0.3478851318359375;0.17340087890625;-1.001190185546875;1
2020-07-16 14:56:40;1594936614.332111;0;0.3424835205078125;0.149627685546875;-0.9704132080078125;1
2020-07-16 14:56:40;1594936614.36797;0;0.3340911865234375;0.1332855224609375;-0.91033935546875;1
2020-07-16 14:56:40;1594936614.410512;0;0.252410888671875;0.126129150390625;-0.742156982421875;1
2020-07-16 14:56:40;1594936614.451421;0;0.23126220703125;0.130462646484375;-0.7989044189453125;1
2020-07-16 14:56:40;1594936614.488315;0;0.2874298095703125;0.145599365234375;-0.9181671142578125;1
2020-07-16 14:56:40;1594936614.527049;0;0.303619384765625;0.146728515625;-1.0087127685546875;1
2020-07-16 14:56:40;1594936614.567823;0;0.3164520263671875;0.1314697265625;-1.0383758544921875;1
2020-07-16 14:56:40;1594936614.608629;0;0.3253326416015625;0.109100341796875;-1.049163818359375;1
2020-07-16 14:56:40;1594936614.649101;0;0.2447052001953125;0.060882568359375;-0.830780029296875;1
2020-07-16 14:56:40;1594936614.687757;0;0.166961669921875;0.05792236328125;-0.646697998046875;1
2020-07-16 14:56:40;1594936614.7293348;0;0.2913055419921875;0.0900421142578125;-0.9639892578125;1
2020-07-16 14:56:40;1594936614.766418;0;0.4002838134765625;0.12689208984375;-1.2234344482421875;1
2020-07-16 14:56:40;1594936614.807234;0;0.4009857177734375;0.10052490234375;-1.1551361083984375;1
2020-07-16 14:56:40;1594936614.8472152;0;0.2600250244140625;0.022613525390625;-0.856475830078125;1
2020-07-16 14:56:40;1594936614.888809;0;0.2576141357421875;0.01171875;-0.8182525634765625;1
2020-07-16 14:56:40;1594936614.92661;0;0.3212432861328125;0.0440673828125;-0.995452880859375;1
2020-07-16 14:56:40;1594936614.968497;0;0.3917388916015625;0.059478759765625;-1.0493011474609375;1
2020-07-16 14:56:40;1594936615.00743;0;0.428314208984375;0.0595245361328125;-1.106842041015625;1
2020-07-16 14:56:40;1594936615.048254;0;0.460174560546875;0.0669708251953125;-1.1826171875;1
2020-07-16 14:56:40;1594936615.086966;0;0.4866485595703125;0.0572509765625;-1.15032958984375;1
2020-07-16 14:56:40;1594936615.128067;0;0.49017333984375;0.066864013671875;-1.1804351806640625;1
2020-07-16 14:56:40;1594936615.167381;0;0.5366363525390625;0.0806427001953125;-1.27789306640625;1
2020-07-16 14:56:40;1594936615.211118;0;0.6116485595703125;0.1428070068359375;-1.4924774169921875;1
2020-07-16 14:56:40;1594936615.251175;0;0.58624267578125;0.1058502197265625;-1.4027252197265625;1
2020-07-16 14:56:40;1594936615.285089;0;0.43011474609375;0.0253143310546875;-1.031494140625;1
2020-07-16 14:56:40;1594936615.327458;0;0.3485565185546875;0.0424957275390625;-0.9265594482421875;1
2020-07-16 14:56:40;1594936615.368311;0;0.4150238037109375;0.107513427734375;-1.1220245361328125;1
2020-07-16 14:56:40;1594936615.408143;0;0.4942779541015625;0.2023773193359375;-1.3559112548828125;1
2020-07-16 14:56:40;1594936615.450726;0;0.4568328857421875;0.207244873046875;-1.2808380126953125;1
2020-07-16 14:56:40;1594936615.486167;0;0.42022705078125;0.218109130859375;-1.22100830078125;1
2020-07-16 14:56:40;1594936615.529639;0;0.4110870361328125;0.235443115234375;-1.2557830810546875;1
2020-07-16 14:56:40;1594936615.5677528;0;0.4119873046875;0.2420196533203125;-1.2570037841796875;1
2020-07-16 14:56:40;1594936615.613266;0;0.3961944580078125;0.2343902587890625;-1.2297515869140625;1
2020-07-16 14:56:40;1594936615.648347;0;0.358795166015625;0.180419921875;-1.057647705078125;1
2020-07-16 14:56:40;1594936615.687221;0;0.288543701171875;0.1280364990234375;-0.8932342529296875;1
2020-07-16 14:56:40;1594936615.726995;0;0.2323760986328125;0.070343017578125;-0.754974365234375;1
2020-07-16 14:56:40;1594936615.7685761;0;0.221038818359375;0.0517730712890625;-0.70428466796875;1
2020-07-16 14:56:40;1594936615.806529;0;0.196990966796875;0.0366973876953125;-0.68768310546875;1
2020-07-16 14:56:40;1594936615.84724;0;0.186126708984375;0.027984619140625;-0.67291259765625;1
2020-07-16 14:56:40;1594936615.887568;0;0.2687835693359375;0.026153564453125;-0.854766845703125;1
2020-07-16 14:56:40;1594936615.9270139;0;0.351318359375;0.0184173583984375;-0.9974517822265625;1
2020-07-16 14:56:40;1594936615.967867;0;0.34930419921875;0.001068115234375;-0.9648590087890625;1
2020-07-16 14:56:40;1594936616.008236;0;0.3126068115234375;0.0146484375;-0.9100494384765625;1
2020-07-16 14:56:40;1594936616.043707;0;0.3056640625;0.0577239990234375;-0.9131927490234375;1
2020-07-16 14:56:40;1594936616.08673;0;0.3409881591796875;0.097808837890625;-1.03350830078125;1
2020-07-16 14:56:40;1594936616.127715;0;0.3653564453125;0.1072540283203125;-1.078094482421875;1
2020-07-16 14:56:40;1594936616.166504;0;0.3394775390625;0.07928466796875;-0.9604034423828125;1
2020-07-16 14:56:40;1594936616.2063498;0;0.302215576171875;0.0471649169921875;-0.8735809326171875;1
2020-07-16 14:56:40;1594936616.246069;0;0.4087371826171875;0.0655517578125;-1.083404541015625;1
2020-07-16 14:56:40;1594936616.285972;0;0.530364990234375;0.0735931396484375;-1.2905426025390625;1
2020-07-16 14:56:40;1594936616.327239;0;0.526824951171875;0.04833984375;-1.274932861328125;1
2020-07-16 14:56:40;1594936616.370874;0;0.4901275634765625;0.0413055419921875;-1.1634674072265625;1
2020-07-16 14:56:40;1594936616.4057322;0;0.4622650146484375;0.0287017822265625;-1.1009674072265625;1
2020-07-16 14:56:40;1594936616.4468231;0;0.4936981201171875;0.017303466796875;-1.2064971923828125;1
2020-07-16 14:56:40;1594936616.487195;0;0.54815673828125;0.040496826171875;-1.3199005126953125;1
2020-07-16 14:56:40;1594936616.525737;0;0.61322021484375;0.0833892822265625;-1.52490234375;1
2020-07-16 14:56:40;1594936616.567638;0;0.5664825439453125;0.0533905029296875;-1.389495849609375;1
2020-07-16 14:56:40;1594936616.604456;0;0.43023681640625;-0.0030517578125;-1.100189208984375;1
2020-07-16 14:56:40;1594936616.646771;0;0.3524017333984375;-0.0043792724609375;-0.973876953125;1
2020-07-16 14:56:40;1594936616.686151;0;0.4163360595703125;0.043914794921875;-1.10693359375;1
2020-07-16 14:56:40;1594936616.729056;0;0.423736572265625;0.0930023193359375;-1.1670989990234375;1
2020-07-16 14:56:40;1594936616.7676811;0;0.3984832763671875;0.089599609375;-1.1686859130859375;1
2020-07-16 14:56:40;1594936616.806088;0;0.3646087646484375;0.084381103515625;-1.12493896484375;1
2020-07-16 14:56:40;1594936616.845536;0;0.3741302490234375;0.15704345703125;-1.2139434814453125;1
2020-07-16 14:56:40;1594936616.887059;0;0.3510589599609375;0.24884033203125;-1.32421875;1
2020-07-16 14:56:40;1594936616.929389;0;0.42913818359375;0.28253173828125;-1.2773590087890625;1
2020-07-16 14:56:40;1594936616.9656749;0;0.391845703125;0.1947174072265625;-1.137176513671875;1
2020-07-16 14:56:40;1594936617.004596;0;0.3504486083984375;0.216156005859375;-0.9958343505859375;1
2020-07-16 14:56:40;1594936617.045768;0;0.3187408447265625;0.1583709716796875;-0.93878173828125;1
2020-07-16 14:56:40;1594936617.086155;0;0.336334228515625;0.1343536376953125;-0.9680938720703125;1
2020-07-16 14:56:40;1594936617.1247082;0;0.295440673828125;0.1320037841796875;-0.9523162841796875;1
2020-07-16 14:56:40;1594936617.165938;0;0.3018951416015625;0.1355133056640625;-0.9367523193359375;1
2020-07-16 14:56:40;1594936617.2058392;0;0.34808349609375;0.12506103515625;-1.05169677734375;1
2020-07-16 14:56:40;1594936617.24892;0;0.336151123046875;0.059051513671875;-0.9548492431640625;1
2020-07-16 14:56:40;1594936617.285465;0;0.3469696044921875;0.0109710693359375;-0.938140869140625;1
2020-07-16 14:56:40;1594936617.326785;0;0.3944244384765625;-0.0080718994140625;-1.0356903076171875;1
2020-07-16 14:56:40;1594936617.3653731;0;0.349639892578125;0.0196533203125;-0.9362030029296875;1
2020-07-16 14:56:40;1594936617.40523;0;0.257476806640625;0.0480804443359375;-0.8115692138671875;1
2020-07-16 14:56:40;1594936617.445555;0;0.255096435546875;0.0291900634765625;-0.7440643310546875;1
2020-07-16 14:56:40;1594936617.486022;0;0.2873687744140625;0.03643798828125;-0.82611083984375;1
2020-07-16 14:56:40;1594936617.524471;0;0.29931640625;0.0314788818359375;-0.870025634765625;1
2020-07-16 14:56:40;1594936617.564939;0;0.3278656005859375;0.035491943359375;-0.9517669677734375;1
2020-07-16 14:56:40;1594936617.604564;0;0.35595703125;0.0142822265625;-1.069854736328125;1
2020-07-16 14:56:40;1594936617.645057;0;0.4023590087890625;-0.01751708984375;-1.098846435546875;1
2020-07-16 14:56:40;1594936617.686016;0;0.462921142578125;0.0235748291015625;-1.2335662841796875;1
2020-07-16 14:56:40;1594936617.725702;0;0.5623626708984375;0.0752716064453125;-1.4213409423828125;1
2020-07-16 14:56:40;1594936617.764652;0;0.6167449951171875;0.0684814453125;-1.4771728515625;1
2020-07-16 14:56:40;1594936617.804251;0;0.706390380859375;0.103729248046875;-1.636627197265625;1
2020-07-16 14:56:40;1594936617.842675;0;0.73651123046875;0.1072540283203125;-1.6246185302734375;1
2020-07-16 14:56:40;1594936617.884506;0;0.54425048828125;0.039398193359375;-1.19671630859375;1
2020-07-16 14:56:40;1594936617.924968;0;0.389678955078125;0.003021240234375;-0.8665008544921875;1
2020-07-16 14:56:40;1594936617.964174;0;0.4128265380859375;0.0426177978515625;-0.9545745849609375;1
2020-07-16 14:56:40;1594936618.002172;0;0.4631805419921875;0.065460205078125;-0.989776611328125;1
2020-07-16 14:56:40;1594936618.047073;0;0.4610748291015625;0.074920654296875;-0.9935455322265625;1
2020-07-16 14:56:40;1594936618.0847669;0;0.4011077880859375;0.080322265625;-0.88916015625;1
2020-07-16 14:56:40;1594936618.125081;0;0.37432861328125;0.1247406005859375;-0.90411376953125;1
2020-07-16 14:56:40;1594936618.1639;0;0.3732452392578125;0.1507415771484375;-0.958740234375;1
2020-07-16 14:56:40;1594936618.205803;0;0.4202423095703125;0.1766357421875;-1.11029052734375;1
2020-07-16 14:56:40;1594936618.241647;0;0.4490814208984375;0.2084808349609375;-1.2365570068359375;1
2020-07-16 14:56:40;1594936618.282933;0;0.486968994140625;0.2345733642578125;-1.340850830078125;1
2020-07-16 14:56:40;1594936618.3244371;0;0.51507568359375;0.2081451416015625;-1.38580322265625;1
2020-07-16 14:56:40;1594936618.3644881;0;0.4763336181640625;0.1977081298828125;-1.28155517578125;1
2020-07-16 14:56:40;1594936618.4024181;0;0.4708099365234375;0.182769775390625;-1.30865478515625;1
2020-07-16 14:56:40;1594936618.441228;0;0.3832855224609375;0.2108154296875;-1.159423828125;1
2020-07-16 14:56:40;1594936618.4819798;0;0.2650909423828125;0.162353515625;-0.9080810546875;1
2020-07-16 14:56:40;1594936618.5217319;0;0.2512969970703125;0.0918121337890625;-0.8585968017578125;1
2020-07-16 14:56:40;1594936618.556421;0;0.25506591796875;0.0677490234375;-0.8606414794921875;1
2020-07-16 14:56:40;1594936618.602205;0;0.1856689453125;0.0540618896484375;-0.687103271484375;1
2020-07-16 14:56:40;1594936618.640831;0;0.10333251953125;0.0624542236328125;-0.533233642578125;1
2020-07-16 14:56:40;1594936618.684588;0;0.172271728515625;0.0520172119140625;-0.674713134765625;1
2020-07-16 14:56:40;1594936618.7218308;0;0.250457763671875;0.0345916748046875;-0.8355560302734375;1
2020-07-16 14:56:40;1594936618.763896;0;0.2849273681640625;0.0311431884765625;-0.89154052734375;1
2020-07-16 14:56:40;1594936618.804164;0;0.25189208984375;0.010833740234375;-0.798553466796875;1
2020-07-16 14:56:40;1594936618.843256;0;0.297637939453125;0.002166748046875;-0.8758087158203125;1
2020-07-16 14:56:40;1594936618.880157;0;0.36968994140625;0.032318115234375;-1.0352935791015625;1
2020-07-16 14:56:40;1594936618.920775;0;0.426910400390625;0.03070068359375;-1.1487884521484375;1
2020-07-16 14:56:40;1594936618.963335;0;0.43914794921875;0.0222015380859375;-1.15606689453125;1
2020-07-16 14:56:40;1594936619.003541;0;0.4431610107421875;0.0419769287109375;-1.1654815673828125;1
2020-07-16 14:56:40;1594936619.03596;0;0.4472198486328125;0.04803466796875;-1.1842193603515625;1
2020-07-16 14:56:40;1594936619.080544;0;0.444000244140625;0.045989990234375;-1.1656951904296875;1
2020-07-16 14:56:40;1594936619.1228309;0;0.4817962646484375;0.0226593017578125;-1.21319580078125;1
2020-07-16 14:56:40;1594936619.1627998;0;0.5550079345703125;0.0131988525390625;-1.3198699951171875;1
2020-07-16 14:56:40;1594936619.203133;0;0.6270904541015625;0.027740478515625;-1.4456634521484375;1
2020-07-16 14:56:40;1594936619.240725;0;0.58642578125;-0.0110015869140625;-1.26837158203125;1
2020-07-16 14:56:40;1594936619.283567;0;0.5276641845703125;-0.00506591796875;-1.171417236328125;1
2020-07-16 14:56:40;1594936619.3249059;0;0.4576263427734375;-0.0259857177734375;-1.045562744140625;1
2020-07-16 14:56:40;1594936619.360787;0;0.387298583984375;-0.0283660888671875;-0.90777587890625;1
2020-07-16 14:56:40;1594936619.399621;0;0.4121856689453125;0.01123046875;-1.00054931640625;1
2020-07-16 14:56:40;1594936619.4434009;0;0.42706298828125;0.0347747802734375;-1.0108184814453125;1
2020-07-16 14:56:40;1594936619.483594;0;0.428741455078125;0.0695343017578125;-1.062774658203125;1
2020-07-16 14:56:40;1594936619.520667;0;0.40753173828125;0.090301513671875;-1.048797607421875;1
2020-07-16 14:56:40;1594936619.563795;0;0.39337158203125;0.11669921875;-1.04656982421875;1
2020-07-16 14:56:40;1594936619.599722;0;0.440826416015625;0.117645263671875;-1.146026611328125;1
2020-07-16 14:56:40;1594936619.642178;0;0.5101165771484375;0.082794189453125;-1.2451324462890625;1
2020-07-16 14:56:40;1594936619.681349;0;0.5609893798828125;0.05120849609375;-1.29345703125;1
2020-07-16 14:56:40;1594936619.719594;0;0.548065185546875;0.0041656494140625;-1.2612152099609375;1
2020-07-16 14:56:40;1594936619.761415;0;0.5390625;-0.0706329345703125;-1.170654296875;1
2020-07-16 14:56:40;1594936619.799917;0;0.562652587890625;-0.169342041015625;-1.1412506103515625;1
2020-07-16 14:56:40;1594936619.840066;0;0.5283203125;-0.16497802734375;-1.1272735595703125;1
2020-07-16 14:56:40;1594936619.8831248;0;0.5221405029296875;-0.199981689453125;-1.0637054443359375;1
2020-07-16 14:56:40;1594936619.923967;0;0.50494384765625;-0.2126922607421875;-1.0289154052734375;1
2020-07-16 14:56:40;1594936619.9618979;0;0.5536651611328125;-0.21746826171875;-1.1172943115234375;1
2020-07-16 14:56:40;1594936620.0001721;0;0.576629638671875;-0.2166290283203125;-1.170623779296875;1
2020-07-16 14:56:40;1594936620.039911;0;0.534576416015625;-0.21466064453125;-1.0513916015625;1
2020-07-16 14:56:40;1594936620.0792298;0;0.4286651611328125;-0.1811981201171875;-0.8185272216796875;1
2020-07-16 14:56:40;1594936620.1237931;0;0.443817138671875;-0.1356964111328125;-0.8827362060546875;1
2020-07-16 14:56:40;1594936620.162967;0;0.424224853515625;-0.100250244140625;-0.8260040283203125;1
2020-07-16 14:56:40;1594936620.203635;0;0.3749847412109375;-0.085235595703125;-0.7887725830078125;1
2020-07-16 14:56:40;1594936620.2429929;0;0.2822265625;-0.092315673828125;-0.6387176513671875;1
2020-07-16 14:56:40;1594936620.274796;0;0.2118988037109375;-0.1006622314453125;-0.6094970703125;1
2020-07-16 14:56:40;1594936620.3233352;0;0.21148681640625;-0.08380126953125;-0.64593505859375;1
2020-07-16 14:56:40;1594936620.363092;0;0.2060394287109375;-0.07855224609375;-0.7004852294921875;1
2020-07-16 14:56:40;1594936620.40009;0;0.208740234375;-0.0940093994140625;-0.722076416015625;1
2020-07-16 14:56:40;1594936620.440003;0;0.2001190185546875;-0.111175537109375;-0.7714080810546875;1
2020-07-16 14:56:40;1594936620.482578;0;0.1948394775390625;-0.121429443359375;-0.7372894287109375;1
2020-07-16 14:56:40;1594936620.5225658;0;0.18841552734375;-0.1162109375;-0.74420166015625;1
2020-07-16 14:56:40;1594936620.5627809;0;0.1986541748046875;-0.130279541015625;-0.750732421875;1
2020-07-16 14:56:40;1594936620.603061;0;0.2159576416015625;-0.1376953125;-0.7551116943359375;1
2020-07-16 14:56:40;1594936620.642905;0;0.21588134765625;-0.132598876953125;-0.7454376220703125;1
2020-07-16 14:56:40;1594936620.682599;0;0.2029876708984375;-0.124176025390625;-0.7106781005859375;1
2020-07-16 14:56:40;1594936620.7185001;0;0.219451904296875;-0.1104888916015625;-0.7266693115234375;1
2020-07-16 14:56:40;1594936620.759676;0;0.2328643798828125;-0.0858917236328125;-0.72003173828125;1
2020-07-16 14:56:40;1594936620.798327;0;0.269134521484375;-0.044647216796875;-0.761627197265625;1
2020-07-16 14:56:40;1594936620.837409;0;0.318695068359375;-0.0418548583984375;-0.788330078125;1
2020-07-16 14:56:40;1594936620.877925;0;0.3214874267578125;-0.0349884033203125;-0.80810546875;1
2020-07-16 14:56:40;1594936620.917931;0;0.3177490234375;-0.03741455078125;-0.7972259521484375;1
2020-07-16 14:56:40;1594936620.95735;0;0.3534393310546875;-0.0396728515625;-0.850830078125;1
2020-07-16 14:56:40;1594936620.998296;0;0.361663818359375;-0.0528717041015625;-0.879913330078125;1
2020-07-16 14:56:40;1594936621.037843;0;0.4056243896484375;-0.0658111572265625;-0.976318359375;1
2020-07-16 14:56:40;1594936621.077736;0;0.3939971923828125;-0.0940093994140625;-0.9428863525390625;1
2020-07-16 14:56:40;1594936621.1181068;0;0.368011474609375;-0.1007232666015625;-0.9388885498046875;1
2020-07-16 14:56:40;1594936621.1585832;0;0.3756256103515625;-0.0813140869140625;-0.91015625;1
2020-07-16 14:56:40;1594936621.202825;0;0.2965240478515625;-0.066009521484375;-0.7946319580078125;1
2020-07-16 14:56:40;1594936621.239952;0;0.2288818359375;-0.05181884765625;-0.5537872314453125;1
2020-07-16 14:56:40;1594936621.281976;0;0.1569366455078125;-0.0088348388671875;-0.40679931640625;1
2020-07-16 14:56:40;1594936621.320922;0;0.0879058837890625;0.040283203125;-0.2778778076171875;1
2020-07-16 14:56:40;1594936621.358265;0;0.0684814453125;0.016876220703125;-0.1525726318359375;1
2020-07-16 14:56:40;1594936621.3998199;0;-0.002227783203125;-0.0056915283203125;-0.0991973876953125;1
2020-07-16 14:56:40;1594936621.44172;0;0.0018310546875;0.0296630859375;-0.0370025634765625;1
2020-07-16 14:56:40;1594936621.482534;0;-0.011962890625;0.04010009765625;-0.0154266357421875;1
2020-07-16 14:56:40;1594936621.520185;0;-0.036285400390625;0.04736328125;-0.0172576904296875;1
2020-07-16 14:56:40;1594936621.5574589;0;-0.0526885986328125;0.0537872314453125;0.1062469482421875;1
2020-07-16 14:56:40;1594936621.6047668;0;-0.0876922607421875;0.0184783935546875;0.0320587158203125;1
2020-07-16 14:56:40;1594936621.63971;0;-0.1309051513671875;-0.0169525146484375;-0.056243896484375;1
2020-07-16 14:56:40;1594936621.678791;0;-0.1668243408203125;-0.0282745361328125;-0.1121978759765625;1
2020-07-16 14:56:40;1594936621.718779;0;-0.1458740234375;-0.0027618408203125;-0.114898681640625;1
2020-07-16 14:56:40;1594936621.759193;0;-0.1692962646484375;4.57763671875e-05;-0.0747528076171875;1
2020-07-16 14:56:40;1594936621.7993689;0;-0.191314697265625;-0.0061187744140625;-0.0513763427734375;1
2020-07-16 14:56:40;1594936621.840667;0;-0.205413818359375;-0.0147247314453125;-0.04644775390625;1
2020-07-16 14:56:40;1594936621.878609;0;-0.1942901611328125;-0.0198974609375;-0.0619049072265625;1
2020-07-16 14:56:40;1594936621.918791;0;-0.2239837646484375;-0.02886962890625;-0.0673828125;1
2020-07-16 14:56:40;1594936621.9591951;0;-0.26373291015625;-0.0303802490234375;-0.0718841552734375;1
2020-07-16 14:56:40;1594936622.0047889;0;-0.248046875;-0.0141754150390625;-0.0662689208984375;1
2020-07-16 14:56:40;1594936622.0407429;0;-0.4699554443359375;-0.0431671142578125;-0.435028076171875;1
2020-07-16 14:56:40;1594936622.083158;0;3.502410888671875;-3.9903106689453125;-0.3240966796875;1
2020-07-16 14:56:40;1594936622.1208339;0;0.1032562255859375;0.8041229248046875;-0.1718902587890625;1
2020-07-16 14:56:40;1594936622.1594071;0;0.62738037109375;-0.1116485595703125;-0.611572265625;1
2020-07-16 14:56:40;1594936622.197949;0;0.1454925537109375;-0.216949462890625;0.1292877197265625;1
2020-07-16 14:56:40;1594936622.239787;0;-0.274871826171875;-0.1728363037109375;0.3054351806640625;1
2020-07-16 14:56:40;1594936622.279813;0;-0.5753631591796875;-0.7341461181640625;0.0146026611328125;1
2020-07-16 14:56:40;1594936622.320838;0;-0.7445220947265625;-0.9976959228515625;-1.3041534423828125;1
2020-07-16 14:56:40;1594936622.358365;0;-0.7353363037109375;0.01593017578125;-1.2648468017578125;1
2020-07-16 14:56:40;1594936622.399866;0;-0.6439056396484375;0.250457763671875;-0.873443603515625;1
2020-07-16 14:56:40;1594936622.4377651;0;-0.7575836181640625;0.0237884521484375;-0.7801666259765625;1
2020-07-16 14:56:40;1594936622.47896;0;-0.593048095703125;-0.071868896484375;-0.785797119140625;1
2020-07-16 14:56:40;1594936622.517483;0;-0.637420654296875;-0.0009918212890625;-0.8101806640625;1
2020-07-16 14:56:40;1594936622.558903;0;-0.6081085205078125;-0.036468505859375;-0.8034210205078125;1
2020-07-16 14:56:40;1594936622.596276;0;-0.600189208984375;-0.03851318359375;-0.827545166015625;1
2020-07-16 14:56:40;1594936622.639532;0;-0.5975341796875;-0.0439910888671875;-0.8051605224609375;1
2020-07-16 14:56:40;1594936622.683224;0;-0.6057586669921875;-0.03424072265625;-0.8171844482421875;1
2020-07-16 14:56:40;1594936622.7180839;0;-0.6097412109375;-0.038482666015625;-0.8131256103515625;1
2020-07-16 14:56:40;1594936622.755456;0;-0.604278564453125;-0.03936767578125;-0.81317138671875;1
2020-07-16 14:56:40;1594936622.799995;0;-0.59912109375;-0.0385894775390625;-0.814239501953125;1
2020-07-16 14:56:40;1594936622.837131;0;-0.6040496826171875;-0.0378875732421875;-0.811370849609375;1
2020-07-16 14:56:40;1594936622.8827538;0;-0.57666015625;-0.0477752685546875;-0.7576141357421875;1
2020-07-16 14:56:40;1594936622.9190888;0;-0.7645721435546875;0.03619384765625;-0.86444091796875;1
2020-07-16 14:56:40;1594936622.956904;0;-0.441131591796875;-0.097686767578125;-0.8216400146484375;1
2020-07-16 14:56:40;1594936623.00238;0;-0.6036834716796875;-0.1000823974609375;-0.7150421142578125;1
2020-07-16 14:56:40;1594936623.0380058;0;-0.5726776123046875;-0.0596923828125;-0.798828125;1
2020-07-16 14:56:40;1594936623.0779672;0;-0.5605926513671875;-0.013671875;-0.8215484619140625;1
2020-07-16 14:56:40;1594936623.118418;0;-0.5514373779296875;-0.0351409912109375;-0.853607177734375;1
2020-07-16 14:56:40;1594936623.162768;0;-0.667694091796875;0.0769195556640625;-0.70623779296875;1
2020-07-16 14:56:40;1594936623.1989331;0;-0.619842529296875;-0.0447235107421875;-0.82293701171875;1
2020-07-16 14:56:40;1594936623.2387319;0;-0.6754302978515625;0.1296234130859375;-0.768646240234375;1
2020-07-16 14:56:40;1594936623.2783399;0;-0.74566650390625;0.1466522216796875;-0.7407684326171875;1
2020-07-16 14:56:40;1594936623.317802;0;-0.6205596923828125;-0.01702880859375;-0.741302490234375;1
2020-07-16 14:56:40;1594936623.360423;0;-0.5777587890625;0.123687744140625;-0.949310302734375;1
2020-07-16 14:56:40;1594936623.3989592;0;-0.6378173828125;0.05438232421875;-0.780181884765625;1
2020-07-16 14:56:40;1594936623.437958;0;-0.6104278564453125;-0.0802154541015625;-0.756103515625;1
2020-07-16 14:56:40;1594936623.476325;0;-0.4842529296875;-0.0710906982421875;-0.7981109619140625;1
2020-07-16 14:56:40;1594936623.5185142;0;-0.4804534912109375;-0.0586395263671875;-0.94561767578125;1
2020-07-16 14:56:40;1594936623.558069;0;-0.433197021484375;-0.064483642578125;-0.9554443359375;1
2020-07-16 14:56:40;1594936623.5985808;0;-0.6312408447265625;-0.0882568359375;-0.7781982421875;1
2020-07-16 14:56:40;1594936623.6376228;0;-0.6290740966796875;-0.08734130859375;-0.726043701171875;1
2020-07-16 14:56:40;1594936623.683517;0;-0.492431640625;-0.16644287109375;-0.783935546875;1
2020-07-16 14:56:40;1594936623.717737;0;-0.5200958251953125;-0.09716796875;-0.8594970703125;1
2020-07-16 14:56:40;1594936623.75755;0;-0.60516357421875;0.0150146484375;-0.9139862060546875;1
2020-07-16 14:56:40;1594936623.798244;0;-0.2864227294921875;-0.0434112548828125;-1.0668792724609375;1
2020-07-16 14:56:40;1594936623.83809;0;-0.3231201171875;-0.24188232421875;-0.806640625;1
2020-07-16 14:56:40;1594936623.880907;0;-0.477325439453125;-0.1997528076171875;-0.8703765869140625;1
2020-07-16 14:56:40;1594936623.9185581;0;-0.5323486328125;-0.0874481201171875;-0.7794036865234375;1
2020-07-16 14:56:40;1594936623.956923;0;-0.621673583984375;-0.04876708984375;-0.895172119140625;1
2020-07-16 14:56:40;1594936623.999387;0;-0.637908935546875;-0.047027587890625;-0.7861175537109375;1
2020-07-16 14:56:40;1594936624.03904;0;-0.7335357666015625;0.0384521484375;-0.7326812744140625;1
2020-07-16 14:56:40;1594936624.0782552;0;-0.75640869140625;0.06781005859375;-0.78472900390625;1
2020-07-16 14:56:40;1594936624.118328;0;-0.6385345458984375;0.0103607177734375;-0.8599700927734375;1
2020-07-16 14:56:40;1594936624.1581988;0;-0.39923095703125;-0.1201019287109375;-0.914154052734375;1
2020-07-16 14:56:40;1594936624.1979399;0;-0.40771484375;-0.1555633544921875;-0.8888397216796875;1
2020-07-16 14:56:40;1594936624.237687;0;-0.4885101318359375;-0.0861968994140625;-0.8447723388671875;1
2020-07-16 14:56:40;1594936624.277879;0;-0.5137939453125;0.009674072265625;-0.9351654052734375;1
2020-07-16 14:56:40;1594936624.317706;0;-0.494354248046875;-0.063690185546875;-0.8805694580078125;1
2020-07-16 14:56:40;1594936624.358453;0;-0.563568115234375;-0.030914306640625;-0.8546905517578125;1
2020-07-16 14:56:40;1594936624.394722;0;-0.6200103759765625;-0.1941070556640625;-0.8227386474609375;1
2020-07-16 14:56:40;1594936624.434863;0;-0.417449951171875;-0.1595611572265625;-0.88916015625;1
2020-07-16 14:56:40;1594936624.477732;0;-0.322021484375;-0.1871795654296875;-0.930999755859375;1
2020-07-16 14:56:40;1594936624.518877;0;-0.3889617919921875;-0.1031951904296875;-0.8890533447265625;1
2020-07-16 14:56:40;1594936624.556956;0;-0.407623291015625;-0.1359100341796875;-0.895599365234375;1
2020-07-16 14:56:40;1594936624.597872;0;-0.5120697021484375;-0.126190185546875;-0.898223876953125;1
2020-07-16 14:56:40;1594936624.637621;0;-0.5113983154296875;-0.0896759033203125;-0.8848419189453125;1
2020-07-16 14:56:40;1594936624.677647;0;-0.487030029296875;-0.0738067626953125;-0.8927459716796875;1
2020-07-16 14:56:40;1594936624.715857;0;-0.5187835693359375;-0.095550537109375;-0.8670654296875;1
2020-07-16 14:56:40;1594936624.756349;0;-0.5234222412109375;-0.043792724609375;-0.85931396484375;1
2020-07-16 14:56:40;1594936624.797055;0;-0.66302490234375;-0.0119171142578125;-0.5543670654296875;1
2020-07-16 14:56:40;1594936624.836662;0;-0.8211669921875;0.2081451416015625;-1.3798675537109375;1
2020-07-16 14:56:40;1594936624.8775911;0;-0.599700927734375;0.0525665283203125;-0.821533203125;1
2020-07-16 14:56:40;1594936624.9185529;0;-0.4573516845703125;-0.094512939453125;-0.87115478515625;1
2020-07-16 14:56:40;1594936624.957485;0;-0.022247314453125;-0.19036865234375;-0.64154052734375;1
2020-07-16 14:56:40;1594936624.9955;0;-0.21533203125;0.0579071044921875;-0.8884735107421875;1
2020-07-16 14:56:40;1594936625.03843;0;-0.536224365234375;0.0848388671875;-0.8842315673828125;1
2020-07-16 14:56:40;1594936625.078469;0;-0.5904388427734375;0.19207763671875;-0.802947998046875;1
2020-07-16 14:56:40;1594936625.1180239;0;-0.7511444091796875;0.3466796875;-0.9110107421875;1
2020-07-16 14:56:40;1594936625.1577249;0;-0.654937744140625;-0.1139068603515625;-0.9245452880859375;1
2020-07-16 14:56:40;1594936625.1979399;0;-0.36663818359375;-0.6337738037109375;-0.7728729248046875;1
2020-07-16 14:56:40;1594936625.235574;0;-0.2682342529296875;-0.0891571044921875;-0.91058349609375;1
2020-07-16 14:56:40;1594936625.276294;0;-0.4413299560546875;-0.120391845703125;-1.0323944091796875;1
2020-07-16 14:56:40;1594936625.3187032;0;-0.3710479736328125;-0.12286376953125;-0.850616455078125;1
2020-07-16 14:56:40;1594936625.357016;0;-0.5485992431640625;-0.00836181640625;-0.998321533203125;1
2020-07-16 14:56:40;1594936625.397542;0;-0.39935302734375;-0.094482421875;-0.887298583984375;1
2020-07-16 14:56:40;1594936625.437584;0;-0.384033203125;-0.0879364013671875;-0.78955078125;1
2020-07-16 14:56:40;1594936625.478508;0;-0.3086395263671875;-0.0963287353515625;-0.9529876708984375;1
2020-07-16 14:56:40;1594936625.5194411;0;-0.2418212890625;-0.05279541015625;-0.9969635009765625;1
2020-07-16 14:56:40;1594936625.5565748;0;-0.0673065185546875;-0.07586669921875;-1.2317657470703125;1
2020-07-16 14:56:40;1594936625.596538;0;-0.219757080078125;-0.09912109375;-0.9534912109375;1
2020-07-16 14:56:40;1594936625.637233;0;-0.1360931396484375;-0.0358123779296875;-1.0614013671875;1
2020-07-16 14:56:40;1594936625.676945;0;-0.11920166015625;-0.083648681640625;-0.96502685546875;1
2020-07-16 14:56:40;1594936625.715921;0;-0.0418701171875;-0.0936431884765625;-1.0731658935546875;1
2020-07-16 14:56:40;1594936625.757628;0;-0.2755889892578125;-0.0670013427734375;-0.9349517822265625;1
2020-07-16 14:56:40;1594936625.796651;0;-0.049530029296875;-0.08538818359375;-1.0499420166015625;1
2020-07-16 14:56:40;1594936625.836221;0;-0.20135498046875;-0.064849853515625;-1.0101165771484375;1
2020-07-16 14:56:40;1594936625.877396;0;-0.17120361328125;-0.0897064208984375;-1.0402984619140625;1
2020-07-16 14:56:40;1594936625.91673;0;-0.149383544921875;-0.07958984375;-0.9980316162109375;1
2020-07-16 14:56:40;1594936625.9562511;0;-0.1427459716796875;-0.1020965576171875;-0.9538726806640625;1
2020-07-16 14:56:40;1594936625.9961371;0;-0.136444091796875;-0.087646484375;-0.9976654052734375;1
2020-07-16 14:56:40;1594936626.0318542;0;-0.12432861328125;-0.0973663330078125;-1.0387725830078125;1
2020-07-16 14:56:40;1594936626.076544;0;-0.142578125;-0.0971832275390625;-0.9837493896484375;1
2020-07-16 14:56:40;1594936626.114262;0;-0.15167236328125;-0.0713043212890625;-1.02362060546875;1
2020-07-16 14:56:40;1594936626.1566172;0;-0.163848876953125;-0.0703887939453125;-1.0028839111328125;1
2020-07-16 14:56:40;1594936626.196933;0;-0.1421661376953125;-0.0819244384765625;-0.9893646240234375;1
2020-07-16 14:56:40;1594936626.234795;0;-0.115570068359375;-0.068878173828125;-1.0298614501953125;1
2020-07-16 14:56:40;1594936626.279041;0;-0.142181396484375;-0.09869384765625;-1.0011444091796875;1
2020-07-16 14:56:40;1594936626.313899;0;-0.151092529296875;-0.1044158935546875;-1.0040130615234375;1
2020-07-16 14:56:40;1594936626.354189;0;-0.15728759765625;-0.1037139892578125;-0.9924468994140625;1
