2020-07-16 14:35:04;1594935305.0451891;DeviceOrientation;-0.0875396728515625;-0.42333984375;-0.8493804931640625;1
2020-07-16 14:35:04;1594935305.04854;0;0.0451507568359375;-0.4557647705078125;-0.7171173095703125;1
2020-07-16 14:35:04;1594935305.058868;0;0.06964111328125;-0.5091705322265625;-0.6001434326171875;1
2020-07-16 14:35:04;1594935305.0599802;0;-0.042388916015625;-0.5145416259765625;-0.6459808349609375;1
2020-07-16 14:35:04;1594935305.0785034;0;0.03314208984375;-0.5833587646484375;-0.7599639892578125;1
2020-07-16 14:35:04;1594935305.1170518;0;0.0612335205078125;-0.670654296875;-0.697265625;1
2020-07-16 14:35:04;1594935305.1577194;0;0.0571441650390625;-0.7406768798828125;-0.7418670654296875;1
2020-07-16 14:35:04;1594935305.197222;0;0.0774078369140625;-0.674224853515625;-0.834930419921875;1
2020-07-16 14:35:04;1594935305.237664;0;0.1323089599609375;-0.6030426025390625;-0.78155517578125;1
2020-07-16 14:35:04;1594935305.2776098;0;0.0211944580078125;-0.6923065185546875;-0.770233154296875;1
2020-07-16 14:35:04;1594935305.318017;0;0.00848388671875;-0.4444427490234375;-1.28326416015625;1
2020-07-16 14:35:04;1594935305.358233;0;0.1413421630859375;-0.218017578125;-1.11590576171875;1
2020-07-16 14:35:04;1594935305.397943;0;0.126007080078125;-0.3261566162109375;-0.931488037109375;1
2020-07-16 14:35:04;1594935305.438515;0;0.307373046875;-0.7018890380859375;-0.5348663330078125;1
2020-07-16 14:35:04;1594935305.478349;0;0.293212890625;-0.8347625732421875;-0.3448028564453125;1
2020-07-16 14:35:04;1594935305.5185869;0;0.7173614501953125;-0.4607391357421875;-1.7094573974609375;1
2020-07-16 14:35:04;1594935305.5588;0;0.2324676513671875;-0.396087646484375;-0.58319091796875;1
2020-07-16 14:35:04;1594935305.598865;0;1.10919189453125;-0.5661163330078125;-0.447265625;1
2020-07-16 14:35:04;1594935305.6389642;0;-0.9229888916015624;-0.0902099609375;-0.476776123046875;1
2020-07-16 14:35:04;1594935305.679249;0;-0.557098388671875;-0.10406494140625;-0.7659149169921875;1
2020-07-16 14:35:04;1594935305.719335;0;-0.20013427734375;-0.3358612060546875;-0.6971893310546875;1
2020-07-16 14:35:04;1594935305.75969;0;-0.3971405029296875;-0.099578857421875;-0.57635498046875;1
2020-07-16 14:35:04;1594935305.7996788;0;-0.78814697265625;-0.02545166015625;-1.4428253173828125;1
2020-07-16 14:35:04;1594935305.840674;0;-1.965972900390625;-0.6688385009765625;-2.18048095703125;1
2020-07-16 14:35:04;1594935305.880403;0;-1.9315338134765625;-0.7087860107421875;-2.565780639648437;1
2020-07-16 14:35:04;1594935305.91987;0;-0.6265869140625;-1.0461273193359375;-1.05670166015625;1
2020-07-16 14:35:04;1594935305.9599152;0;0.1876983642578125;-0.7626190185546875;-0.0044708251953125;1
2020-07-16 14:35:04;1594935306.0002751;0;0.8369598388671875;-0.3856048583984375;0.2712860107421875;1
2020-07-16 14:35:04;1594935306.0406802;0;1.2446441650390625;-0.2848968505859375;-0.0661468505859375;1
2020-07-16 14:35:04;1594935306.0804288;0;0.62469482421875;-0.8772125244140625;0.4850921630859375;1
2020-07-16 14:35:04;1594935306.121376;0;-0.079803466796875;-1.252716064453125;-0.7739105224609375;1
2020-07-16 14:35:04;1594935306.160631;0;-1.19207763671875;-1.6029815673828125;-1.135711669921875;1
2020-07-16 14:35:04;1594935306.201261;0;-2.1932373046875;-2.622955322265625;-0.8256072998046875;1
2020-07-16 14:35:04;1594935306.2417722;0;-2.597686767578125;-1.2943267822265625;-0.9362030029296876;1
2020-07-16 14:35:04;1594935306.2811332;0;-1.7371978759765625;-0.24639892578125;-0.654876708984375;1
2020-07-16 14:35:04;1594935306.3213289;0;-0.7807159423828125;0.603302001953125;0.2347564697265625;1
2020-07-16 14:35:04;1594935306.3615198;0;-0.0810699462890625;0.877105712890625;0.48114013671875;1
2020-07-16 14:35:04;1594935306.4015038;0;-0.283416748046875;1.0042266845703125;0.4318695068359375;1
2020-07-16 14:35:04;1594935306.441982;0;-0.1850128173828125;0.819244384765625;0.4844207763671875;1
2020-07-16 14:35:04;1594935306.48178;0;-0.511810302734375;0.571197509765625;0.6368865966796875;1
2020-07-16 14:35:04;1594935306.5220768;0;-1.5214385986328125;0.12103271484375;0.4774017333984375;1
2020-07-16 14:35:04;1594935306.562855;0;-3.078109741210937;-2.128997802734375;-0.194366455078125;1
2020-07-16 14:35:04;1594935306.603425;0;-3.5389862060546875;-2.615234375;-0.124786376953125;1
2020-07-16 14:35:04;1594935306.642503;0;-0.8953857421875;-1.531890869140625;-0.2617645263671875;1
2020-07-16 14:35:04;1594935306.682756;0;-0.05133056640625;-0.7342071533203125;0.088470458984375;1
2020-07-16 14:35:04;1594935306.722896;0;0.5061492919921875;-0.4207611083984375;0.0142669677734375;1
2020-07-16 14:35:04;1594935306.762825;0;1.3000335693359375;-0.4019927978515625;0.12615966796875;1
2020-07-16 14:35:04;1594935306.802855;0;1.306976318359375;-0.642791748046875;-0.021148681640625;1
2020-07-16 14:35:04;1594935306.843776;0;0.3506927490234375;-1.10107421875;-0.1174468994140625;1
2020-07-16 14:35:04;1594935306.8832939;0;-0.7801055908203125;-1.865875244140625;-0.2057952880859375;1
2020-07-16 14:35:04;1594935306.924335;0;-2.586334228515625;-3.37066650390625;-0.2924041748046875;1
2020-07-16 14:35:04;1594935306.964128;0;-3.90252685546875;-2.607421875;-0.4056396484375;1
2020-07-16 14:35:04;1594935307.005857;0;-1.8924407958984373;-0.38763427734375;-0.40179443359375;1
2020-07-16 14:35:04;1594935307.044117;0;-0.41265869140625;1.02215576171875;0.37890625;1
2020-07-16 14:35:04;1594935307.0839028;0;-0.0099029541015625;1.4978485107421875;0.136810302734375;1
2020-07-16 14:35:04;1594935307.124066;0;-0.5065765380859375;1.6177215576171875;-0.12408447265625;1
2020-07-16 14:35:04;1594935307.164075;0;-0.3512725830078125;1.058685302734375;0.61181640625;1
2020-07-16 14:35:04;1594935307.205981;0;-0.838531494140625;0.4523773193359375;0.7414093017578125;1
2020-07-16 14:35:04;1594935307.2459311;0;-1.8953857421875;-0.433929443359375;0.4943389892578125;1
2020-07-16 14:35:04;1594935307.2858331;0;-2.34735107421875;-3.26605224609375;-0.48095703125;1
2020-07-16 14:35:04;1594935307.326143;0;-2.8977203369140625;-2.825912475585937;-0.4044189453125;1
2020-07-16 14:35:04;1594935307.366317;0;-0.420166015625;-1.6003570556640625;-0.0558013916015625;1
2020-07-16 14:35:04;1594935307.407026;0;0.2635345458984375;-0.4573822021484375;0.2781524658203125;1
2020-07-16 14:35:04;1594935307.4460511;0;0.8428192138671875;0.0024871826171875;0.42901611328125;1
2020-07-16 14:35:04;1594935307.485491;0;1.42431640625;-0.0828704833984375;0.4728240966796875;1
2020-07-16 14:35:04;1594935307.5258632;0;0.8701629638671875;-0.47772216796875;-0.042144775390625;1
2020-07-16 14:35:04;1594935307.5660632;0;0.4535675048828125;-1.282989501953125;-0.50872802734375;1
2020-07-16 14:35:04;1594935307.606876;0;-0.87567138671875;-2.730255126953125;-0.6495208740234375;1
2020-07-16 14:35:04;1594935307.646627;0;-2.7537994384765625;-3.883880615234375;0.260040283203125;1
2020-07-16 14:35:04;1594935307.6868694;0;-3.19549560546875;-2.42901611328125;0.6468658447265625;1
2020-07-16 14:35:04;1594935307.7260802;0;-1.5462799072265625;-0.1739501953125;-0.0686798095703125;1
2020-07-16 14:35:04;1594935307.7662039;0;-0.7289886474609375;1.21630859375;0.177490234375;1
2020-07-16 14:35:04;1594935307.8066108;0;-0.34246826171875;1.7351837158203125;0.5221405029296875;1
2020-07-16 14:35:04;1594935307.846822;0;-0.0551300048828125;1.4127044677734375;0.3172607421875;1
2020-07-16 14:35:04;1594935307.886684;0;-0.468902587890625;0.6517791748046875;0.246002197265625;1
2020-07-16 14:35:04;1594935307.9269788;0;-0.9224853515625;-0.24212646484375;0.2570953369140625;1
2020-07-16 14:35:04;1594935307.967078;0;-1.8236083984375;-1.74432373046875;0.4020843505859375;1
2020-07-16 14:35:04;1594935308.008796;0;-3.466064453125;-3.1003570556640625;1.5490875244140625;1
2020-07-16 14:35:04;1594935308.0482788;0;-1.4344329833984375;-1.989776611328125;0.199005126953125;1
2020-07-16 14:35:04;1594935308.0879679;0;-0.2160797119140625;-1.0972900390625;0.042449951171875;1
2020-07-16 14:35:04;1594935308.12761;0;0.033233642578125;-0.6239471435546875;0.21044921875;1
2020-07-16 14:35:04;1594935308.167643;0;1.0816497802734375;-0.4755401611328125;0.18115234375;1
2020-07-16 14:35:04;1594935308.207906;0;2.1492462158203125;-0.5887451171875;0.0300750732421875;1
2020-07-16 14:35:04;1594935308.248368;0;1.425079345703125;-0.8559722900390625;-1.0077972412109375;1
2020-07-16 14:35:04;1594935308.288172;0;-0.3231658935546875;-2.025909423828125;-1.136566162109375;1
2020-07-16 14:35:04;1594935308.3296142;0;-2.411529541015625;-3.430770874023437;-0.16259765625;1
2020-07-16 14:35:04;1594935308.3699598;0;-3.316635131835937;-3.29180908203125;0.9644317626953124;1
2020-07-16 14:35:04;1594935308.410757;0;-2.594696044921875;-0.9568328857421876;0.4137115478515625;1
2020-07-16 14:35:04;1594935308.448615;0;-1.007354736328125;0.2033233642578125;-0.1026763916015625;1
2020-07-16 14:35:04;1594935308.4889169;0;-0.38385009765625;0.881134033203125;0.4686279296875;1
2020-07-16 14:35:04;1594935308.5291688;0;-0.486541748046875;1.2800140380859375;0.3964691162109375;1
2020-07-16 14:35:04;1594935308.569166;0;-0.22979736328125;1.103179931640625;0.4256591796875;1
2020-07-16 14:35:04;1594935308.6093721;0;-0.51220703125;0.7402191162109375;0.418975830078125;1
2020-07-16 14:35:04;1594935308.649959;0;-1.0619049072265625;-0.2176055908203125;0.362945556640625;1
2020-07-16 14:35:04;1594935308.689818;0;-2.05218505859375;-2.0228424072265625;0.569366455078125;1
2020-07-16 14:35:04;1594935308.7314072;0;-2.786224365234375;-3.085113525390625;1.2637786865234375;1
2020-07-16 14:35:04;1594935308.772125;0;-1.1666717529296875;-2.256317138671875;0.140899658203125;1
2020-07-16 14:35:04;1594935308.810048;0;-0.164642333984375;-1.414825439453125;-0.1151275634765625;1
2020-07-16 14:35:04;1594935308.8502948;0;0.6100616455078125;-0.7322235107421875;0.0059661865234375;1
2020-07-16 14:35:04;1594935308.890374;0;1.0707855224609375;-0.3569488525390625;0.241424560546875;1
2020-07-16 14:35:04;1594935308.93034;0;1.615966796875;-0.479034423828125;0.2438507080078125;1
2020-07-16 14:35:04;1594935308.970766;0;0.70391845703125;-0.322265625;-0.7238311767578125;1
2020-07-16 14:35:04;1594935309.010649;0;-0.096282958984375;-1.0897979736328125;-0.93505859375;1
2020-07-16 14:35:04;1594935309.052233;0;-1.813140869140625;-3.18341064453125;-1.1844024658203125;1
2020-07-16 14:35:04;1594935309.092339;0;-4.58367919921875;-2.88494873046875;-0.121734619140625;1
2020-07-16 14:35:04;1594935309.131737;0;-2.414901733398437;-0.810089111328125;0.02490234375;1
2020-07-16 14:35:04;1594935309.171778;0;-1.12921142578125;0.380584716796875;0.006500244140625;1
2020-07-16 14:35:04;1594935309.2112534;0;-0.5213165283203125;1.1403045654296875;0.3539276123046875;1
2020-07-16 14:35:04;1594935309.251699;0;-0.1525726318359375;1.5015411376953125;0.4680023193359375;1
2020-07-16 14:35:04;1594935309.2916539;0;-0.014984130859375;1.252197265625;0.2623138427734375;1
2020-07-16 14:35:04;1594935309.3319;0;-0.21929931640625;0.8717803955078125;0.0784149169921875;1
2020-07-16 14:35:04;1594935309.372075;0;-0.5434722900390625;0.587249755859375;-0.0502166748046875;1
2020-07-16 14:35:04;1594935309.4121711;0;-2.290252685546875;-0.3209381103515625;-0.75286865234375;1
2020-07-16 14:35:04;1594935309.4549868;0;-5.012786865234375;-1.69378662109375;-0.9494171142578124;1
2020-07-16 14:35:04;1594935309.493129;0;-2.633270263671875;-1.6933746337890625;0.0038909912109375;1
2020-07-16 14:35:04;1594935309.532294;0;-0.742523193359375;-1.0064849853515625;0.017120361328125;1
2020-07-16 14:35:04;1594935309.5727036;0;0.1080780029296875;-0.733245849609375;0.1041412353515625;1
2020-07-16 14:35:04;1594935309.6127071;0;0.9193267822265624;-1.093994140625;0.5593414306640625;1
2020-07-16 14:35:04;1594935309.653121;0;1.1390380859375;-1.4862060546875;0.6845703125;1
2020-07-16 14:35:04;1594935309.693187;0;0.1220245361328125;-1.2915496826171875;-0.167327880859375;1
2020-07-16 14:35:04;1594935309.733459;0;-0.7032318115234375;-1.335784912109375;-0.916748046875;1
2020-07-16 14:35:04;1594935309.7764502;0;-2.8420562744140625;-2.3989715576171875;-1.174774169921875;1
2020-07-16 14:35:04;1594935309.8140578;0;-4.607345581054688;-2.12261962890625;0.0052947998046875;1
2020-07-16 14:35:04;1594935309.854831;0;-2.70855712890625;0.0301361083984375;0.3206787109375;1
2020-07-16 14:35:04;1594935309.893672;0;-1.002960205078125;0.6910858154296875;-0.443359375;1
2020-07-16 14:35:04;1594935309.9338892;0;-0.4598846435546875;1.2839202880859375;-0.1029052734375;1
2020-07-16 14:35:04;1594935309.973983;0;0.14404296875;1.64373779296875;0.2927093505859375;1
2020-07-16 14:35:04;1594935310.014158;0;0.3197479248046875;1.5491180419921875;0.610198974609375;1
2020-07-16 14:35:04;1594935310.056339;0;0.3061370849609375;1.1797637939453125;0.4945068359375;1
2020-07-16 14:35:04;1594935310.0965018;0;-0.3567657470703125;0.873016357421875;0.0691375732421875;1
2020-07-16 14:35:04;1594935310.1359632;0;-3.3497772216796875;0.0968170166015625;0.8256072998046875;1
2020-07-16 14:35:04;1594935310.175657;0;-4.823745727539063;-1.05224609375;1.689300537109375;1
2020-07-16 14:35:04;1594935310.215517;0;-2.946929931640625;-1.0452728271484375;0.02679443359375;1
2020-07-16 14:35:04;1594935310.256016;0;-1.0027618408203125;-0.9305267333984376;0.00701904296875;1
2020-07-16 14:35:04;1594935310.295835;0;-0.0395965576171875;-0.815155029296875;0.4044036865234375;1
2020-07-16 14:35:04;1594935310.3358278;0;0.8634490966796875;-1.461669921875;0.403717041015625;1
2020-07-16 14:35:04;1594935310.375943;0;1.0955352783203125;-1.562286376953125;0.263671875;1
2020-07-16 14:35:04;1594935310.420371;0;0.955718994140625;-1.494842529296875;-0.833770751953125;1
2020-07-16 14:35:04;1594935310.4558911;0;-1.6602020263671875;-1.5074462890625;-0.9225006103515624;1
2020-07-16 14:35:04;1594935310.496275;0;-4.217315673828125;-1.3560943603515625;-0.447998046875;1
2020-07-16 14:35:04;1594935310.5375679;0;-4.587615966796875;-0.4183807373046875;-0.26409912109375;1
2020-07-16 14:35:04;1594935310.5770972;0;-3.2174224853515625;0.95758056640625;-0.3821563720703125;1
2020-07-16 14:35:04;1594935310.616153;0;-1.2084503173828125;1.72503662109375;-0.333282470703125;1
2020-07-16 14:35:04;1594935310.656842;0;0.0762786865234375;1.98681640625;-0.29302978515625;1
2020-07-16 14:35:04;1594935310.69655;0;0.770416259765625;1.75286865234375;0.90350341796875;1
2020-07-16 14:35:04;1594935310.736878;0;1.5315704345703125;1.364593505859375;0.6871337890625;1
2020-07-16 14:35:04;1594935310.776922;0;0.716796875;1.1757659912109375;0.42816162109375;1
2020-07-16 14:35:04;1594935310.816957;0;-1.252899169921875;0.8230743408203125;0.28466796875;1
2020-07-16 14:35:04;1594935310.8583891;0;-3.791656494140625;0.38616943359375;-1.1309356689453125;1
2020-07-16 14:35:04;1594935310.8978631;0;-4.736984252929688;-0.5642242431640625;-1.8915252685546875;1
2020-07-16 14:35:04;1594935310.9387689;0;-2.244857788085937;-0.648345947265625;-1.167083740234375;1
2020-07-16 14:35:04;1594935310.977653;0;-0.44757080078125;-0.460723876953125;-0.481658935546875;1
2020-07-16 14:35:04;1594935311.0178561;0;-0.0579833984375;-0.596588134765625;0.052337646484375;1
2020-07-16 14:35:04;1594935311.058085;0;0.4434814453125;-1.035369873046875;0.781707763671875;1
2020-07-16 14:35:04;1594935311.097869;0;0.5384368896484375;-1.2718963623046875;1.2035980224609375;1
2020-07-16 14:35:04;1594935311.138524;0;0.24383544921875;-1.37579345703125;0.2437744140625;1
2020-07-16 14:35:04;1594935311.1781108;0;0.2108154296875;-1.326568603515625;-1.2252044677734375;1
2020-07-16 14:35:04;1594935311.219128;0;-2.245849609375;-1.91961669921875;-3.311004638671875;1
2020-07-16 14:35:04;1594935311.259238;0;-4.2347259521484375;-1.082855224609375;-0.988433837890625;1
2020-07-16 14:35:04;1594935311.2996972;0;-3.2052459716796875;0.168670654296875;-0.317291259765625;1
2020-07-16 14:35:04;1594935311.3388221;0;-1.32952880859375;0.93389892578125;-0.3658599853515625;1
2020-07-16 14:35:04;1594935311.378856;0;-0.0896453857421875;1.3652191162109375;0.0313568115234375;1
2020-07-16 14:35:04;1594935311.419271;0;0.5360870361328125;1.5249481201171875;0.039794921875;1
2020-07-16 14:35:04;1594935311.46032;0;0.5733795166015625;1.4430084228515625;0.458587646484375;1
2020-07-16 14:35:04;1594935311.4992301;0;0.245758056640625;1.15985107421875;0.3780517578125;1
2020-07-16 14:35:04;1594935311.5399444;0;-1.0417938232421875;0.9399871826171876;0.127685546875;1
2020-07-16 14:35:04;1594935311.580342;0;-3.1086578369140625;-0.1887054443359375;-0.453338623046875;1
2020-07-16 14:35:04;1594935311.620564;0;-4.7236328125;-1.506927490234375;1.0255126953125;1
2020-07-16 14:35:04;1594935311.66064;0;-2.601913452148437;-1.4198150634765625;1.4824371337890625;1
2020-07-16 14:35:04;1594935311.699976;0;-0.786712646484375;-0.91925048828125;0.1960296630859375;1
2020-07-16 14:35:04;1594935311.7401874;0;0.15966796875;-0.750579833984375;0.1276702880859375;1
2020-07-16 14:35:04;1594935311.7805429;0;0.847076416015625;-0.921478271484375;0.5362701416015625;1
2020-07-16 14:35:04;1594935311.820399;0;1.21868896484375;-1.477020263671875;0.492034912109375;1
2020-07-16 14:35:04;1594935311.861056;0;0.386962890625;-1.255279541015625;-0.2273101806640625;1
2020-07-16 14:35:04;1594935311.9005759;0;-0.50531005859375;-1.4317779541015625;-0.560516357421875;1
2020-07-16 14:35:04;1594935311.941523;0;-2.514144897460937;-2.083114624023437;-0.4306793212890625;1
2020-07-16 14:35:04;1594935311.981755;0;-4.773529052734375;-1.741455078125;0.0865936279296875;1
2020-07-16 14:35:04;1594935312.022028;0;-3.2944793701171875;-0.2619781494140625;0.7916259765625;1
2020-07-16 14:35:04;1594935312.061266;0;-1.6870269775390625;0.6432342529296875;0.4379425048828125;1
2020-07-16 14:35:04;1594935312.101524;0;-0.393707275390625;1.3411102294921875;-0.1365203857421875;1
2020-07-16 14:35:04;1594935312.1416411;0;0.1284942626953125;1.8469390869140625;0.4589996337890625;1
2020-07-16 14:35:04;1594935312.181495;0;0.3025665283203125;1.788726806640625;0.518463134765625;1
2020-07-16 14:35:04;1594935312.222235;0;0.1540069580078125;1.418060302734375;0.2707061767578125;1
2020-07-16 14:35:04;1594935312.2621288;0;-1.2142333984375;0.864501953125;-0.0459136962890625;1
2020-07-16 14:35:04;1594935312.302949;0;-3.664108276367188;-1.3119354248046875;0.0081787109375;1
2020-07-16 14:35:04;1594935312.343173;0;-4.741714477539063;-2.236480712890625;0.9421234130859376;1
2020-07-16 14:35:04;1594935312.382247;0;-1.69317626953125;-1.5743865966796875;0.4980926513671875;1
2020-07-16 14:35:04;1594935312.422607;0;-0.28839111328125;-0.82159423828125;-0.076507568359375;1
2020-07-16 14:35:04;1594935312.463512;0;0.1124114990234375;-0.5030517578125;0.190887451171875;1
2020-07-16 14:35:04;1594935312.5026;0;0.701812744140625;-0.400299072265625;0.478729248046875;1
2020-07-16 14:35:04;1594935312.54299;0;1.4996185302734375;-1.078887939453125;0.1890411376953125;1
2020-07-16 14:35:04;1594935312.583119;0;0.3889617919921875;-0.74395751953125;-0.2723846435546875;1
2020-07-16 14:35:04;1594935312.6232328;0;-0.12274169921875;-0.932586669921875;-0.8543853759765625;1
2020-07-16 14:35:04;1594935312.664077;0;-0.221527099609375;-1.8677825927734373;-2.87030029296875;1
2020-07-16 14:35:04;1594935312.7071738;0;-4.598190307617188;-1.08367919921875;-0.928680419921875;1
2020-07-16 14:35:04;1594935312.7463944;0;-2.37005615234375;-0.582672119140625;0.76641845703125;1
2020-07-16 14:35:04;1594935312.78531;0;-1.901336669921875;0.3267669677734375;0.11260986328125;1
2020-07-16 14:35:04;1594935312.823946;0;-0.9784088134765624;0.6597900390625;0.063507080078125;1
2020-07-16 14:35:04;1594935312.8657088;0;-0.3375396728515625;0.990509033203125;0.336669921875;1
2020-07-16 14:35:04;1594935312.904026;0;0.13458251953125;1.1005096435546875;0.866607666015625;1
2020-07-16 14:35:04;1594935312.9456758;0;0.314453125;1.4804840087890625;0.16351318359375;1
2020-07-16 14:35:04;1594935312.985649;0;-0.036285400390625;1.6416168212890625;-0.2840576171875;1
2020-07-16 14:35:04;1594935313.025825;0;-3.248275756835937;0.110931396484375;-0.333343505859375;1
2020-07-16 14:35:04;1594935313.0652409;0;-6.6474609375;-1.9354095458984373;-0.042022705078125;1
2020-07-16 14:35:04;1594935313.107718;0;-2.192611694335937;-1.9890289306640625;-0.8607635498046875;1
2020-07-16 14:35:04;1594935313.146051;0;-0.46087646484375;-1.13348388671875;0.1125335693359375;1
2020-07-16 14:35:04;1594935313.185308;0;0.6495819091796875;-0.91583251953125;0.251678466796875;1
2020-07-16 14:35:04;1594935313.226273;0;1.377288818359375;-1.1725006103515625;0.9015045166015624;1
2020-07-16 14:35:04;1594935313.265718;0;1.3314056396484375;-1.136260986328125;0.5793609619140625;1
2020-07-16 14:35:04;1594935313.305979;0;0.60247802734375;-1.1079864501953125;-0.8978118896484375;1
2020-07-16 14:35:04;1594935313.3459961;0;-1.6501312255859375;-1.3968505859375;-0.9606170654296876;1
2020-07-16 14:35:04;1594935313.3868802;0;-4.312835693359375;-1.8725738525390625;-2.931304931640625;1
2020-07-16 14:35:04;1594935313.426702;0;-4.871261596679688;-0.762725830078125;-0.802734375;1
2020-07-16 14:35:04;1594935313.4662151;0;-1.774658203125;0.53448486328125;-0.7996978759765625;1
2020-07-16 14:35:04;1594935313.506232;0;-0.917205810546875;1.534942626953125;-0.8041534423828125;1
2020-07-16 14:35:04;1594935313.5465212;0;-0.5841522216796875;1.621917724609375;0.683868408203125;1
2020-07-16 14:35:04;1594935313.586437;0;-0.0106353759765625;1.6451416015625;0.7877197265625;1
2020-07-16 14:35:04;1594935313.626684;0;0.4212188720703125;1.2743682861328125;0.601318359375;1
2020-07-16 14:35:04;1594935313.667021;0;-0.2940216064453125;0.99737548828125;0.281158447265625;1
2020-07-16 14:35:04;1594935313.707032;0;-1.2074127197265625;0.4115753173828125;0.10296630859375;1
2020-07-16 14:35:04;1594935313.748785;0;-4.17730712890625;-1.7950897216796875;-0.830322265625;1
2020-07-16 14:35:04;1594935313.789119;0;-4.049087524414063;-2.3974151611328125;-0.647369384765625;1
2020-07-16 14:35:04;1594935313.827559;0;-1.310333251953125;-1.3419647216796875;-0.1127777099609375;1
2020-07-16 14:35:04;1594935313.8677301;0;-0.136871337890625;-0.588165283203125;-0.0081939697265625;1
2020-07-16 14:35:04;1594935313.907804;0;0.36041259765625;-0.4686737060546875;0.1375732421875;1
2020-07-16 14:35:04;1594935313.947972;0;1.1082305908203125;-0.8334503173828125;0.55810546875;1
2020-07-16 14:35:04;1594935313.9882114;0;1.5818023681640625;-1.435302734375;0.487335205078125;1
2020-07-16 14:35:04;1594935314.0284052;0;0.9247894287109376;-1.1581573486328125;-1.3035736083984375;1
2020-07-16 14:35:04;1594935314.069689;0;-1.1629638671875;-0.9452056884765624;-2.70880126953125;1
2020-07-16 14:35:04;1594935314.1091151;0;-3.056304931640625;-2.2186737060546875;-1.9320220947265625;1
2020-07-16 14:35:04;1594935314.149962;0;-4.6304931640625;-1.714813232421875;-0.06414794921875;1
2020-07-16 14:35:04;1594935314.190292;0;-2.7748565673828125;-0.27734375;-0.854461669921875;1
2020-07-16 14:35:04;1594935314.228774;0;-1.3066558837890625;0.8156890869140625;-0.9613494873046876;1
2020-07-16 14:35:04;1594935314.269229;0;-0.841583251953125;1.3428497314453125;-0.0164794921875;1
2020-07-16 14:35:04;1594935314.3091571;0;-0.1924591064453125;1.8656005859375;0.317413330078125;1
2020-07-16 14:35:04;1594935314.349103;0;0.3878631591796875;1.7980194091796875;0.6258697509765625;1
2020-07-16 14:35:04;1594935314.3899488;0;0.0132904052734375;1.356689453125;0.153594970703125;1
2020-07-16 14:35:04;1594935314.42976;0;-0.8535614013671875;0.675811767578125;-0.027008056640625;1
2020-07-16 14:35:04;1594935314.470861;0;-3.1471710205078125;-1.495849609375;-0.9337921142578124;1
2020-07-16 14:35:04;1594935314.5113142;0;-4.76885986328125;-2.90966796875;-0.3421478271484375;1
2020-07-16 14:35:04;1594935314.5506349;0;-2.44378662109375;-2.146942138671875;0.2178955078125;1
2020-07-16 14:35:04;1594935314.590116;0;-0.4171600341796875;-0.9412384033203124;-0.0265350341796875;1
2020-07-16 14:35:04;1594935314.630238;0;0.1688995361328125;-0.4148406982421875;-0.141876220703125;1
2020-07-16 14:35:04;1594935314.670553;0;0.93658447265625;-0.654541015625;0.346771240234375;1
2020-07-16 14:35:04;1594935314.710459;0;1.1308441162109375;-0.841522216796875;0.5530242919921875;1
2020-07-16 14:35:04;1594935314.750791;0;0.67352294921875;-0.6874237060546875;-0.128692626953125;1
2020-07-16 14:35:04;1594935314.790774;0;0.3137969970703125;-0.6800079345703125;-0.1178741455078125;1
2020-07-16 14:35:04;1594935314.831429;0;-1.014007568359375;-2.414657592773437;-1.83343505859375;1
2020-07-16 14:35:04;1594935314.87274;0;-4.498214721679688;-2.5630035400390625;-1.129180908203125;1
2020-07-16 14:35:04;1594935314.911875;0;-3.190048217773437;-1.048736572265625;-0.0259552001953125;1
2020-07-16 14:35:04;1594935314.951672;0;-0.7763214111328125;0.489013671875;-0.8913726806640625;1
2020-07-16 14:35:04;1594935314.991406;0;-0.326629638671875;1.1602935791015625;-0.5166015625;1
2020-07-16 14:35:04;1594935315.0315251;0;-0.4805450439453125;1.5260162353515625;0.6889801025390625;1
2020-07-16 14:35:04;1594935315.072777;0;0.096282958984375;1.2144775390625;0.8590087890625;1
2020-07-16 14:35:04;1594935315.111903;0;-0.2701568603515625;0.8775787353515625;0.1816864013671875;1
2020-07-16 14:35:04;1594935315.152296;0;-0.8576812744140625;0.4607391357421875;0.082916259765625;1
2020-07-16 14:35:04;1594935315.193145;0;-3.176300048828125;-1.3803863525390625;-1.060211181640625;1
2020-07-16 14:35:04;1594935315.233022;0;-3.8515472412109375;-2.3817596435546875;-0.804962158203125;1
2020-07-16 14:35:04;1594935315.2728689;0;-1.65673828125;-1.5877838134765625;-0.1317596435546875;1
2020-07-16 14:35:04;1594935315.312454;0;-0.43572998046875;-0.8604888916015625;-0.24432373046875;1
2020-07-16 14:35:04;1594935315.3527038;0;0.104766845703125;-0.499420166015625;-0.096282958984375;1
2020-07-16 14:35:04;1594935315.3929741;0;0.5034332275390625;-0.759552001953125;0.0745849609375;1
2020-07-16 14:35:04;1594935315.43322;0;0.9195404052734376;-1.19049072265625;0.4373779296875;1
2020-07-16 14:35:04;1594935315.4734402;0;1.1013031005859375;-0.73382568359375;-0.075927734375;1
2020-07-16 14:35:04;1594935315.513459;0;2.139373779296875;0.3123779296875;-2.0256500244140625;1
2020-07-16 14:35:04;1594935315.5577939;0;-0.86077880859375;-0.3985748291015625;-2.1777496337890625;1
2020-07-16 14:35:04;1594935315.5957851;0;-5.2271881103515625;-2.3223419189453125;-1.7916107177734375;1
2020-07-16 14:35:04;1594935315.6355536;0;-2.700180053710937;-0.512969970703125;-1.7880859375;1
2020-07-16 14:35:04;1594935315.673922;0;-1.3320159912109375;0.4553375244140625;-0.8825531005859375;1
2020-07-16 14:35:04;1594935315.714058;0;-0.7454376220703125;0.960784912109375;0.4981842041015625;1
2020-07-16 14:35:04;1594935315.7541454;0;-0.3449249267578125;1.3929290771484375;0.54632568359375;1
2020-07-16 14:35:04;1594935315.7956636;0;0.2852783203125;1.1568450927734375;0.7358551025390625;1
2020-07-16 14:35:04;1594935315.836416;0;-0.316436767578125;0.8197784423828125;0.72381591796875;1
2020-07-16 14:35:04;1594935315.875866;0;-1.1247406005859375;0.0817718505859375;-0.1666107177734375;1
2020-07-16 14:35:04;1594935315.915829;0;-2.382797241210937;-1.6291351318359375;-0.550506591796875;1
2020-07-16 14:35:04;1594935315.956533;0;-3.4139404296875;-2.463836669921875;0.249237060546875;1
2020-07-16 14:35:04;1594935315.995761;0;-1.25823974609375;-1.6073760986328125;-0.21185302734375;1
2020-07-16 14:35:04;1594935316.035429;0;-0.306884765625;-0.96270751953125;-0.43212890625;1
2020-07-16 14:35:04;1594935316.07589;0;-0.0040740966796875;-0.6143798828125;-0.047454833984375;1
2020-07-16 14:35:04;1594935316.1157024;0;0.5188140869140625;-0.45245361328125;0.1348876953125;1
2020-07-16 14:35:04;1594935316.156506;0;1.2396240234375;-0.5428924560546875;0.2925567626953125;1
2020-07-16 14:35:04;1594935316.1965508;0;1.04669189453125;-0.492919921875;-0.2434539794921875;1
2020-07-16 14:35:04;1594935316.2361069;0;0.842010498046875;-0.41998291015625;-0.4962005615234375;1
2020-07-16 14:35:04;1594935316.276891;0;-0.440216064453125;-2.25634765625;-1.2263641357421875;1
2020-07-16 14:35:04;1594935316.3166342;0;-4.814117431640625;-3.046371459960937;-0.99835205078125;1
2020-07-16 14:35:04;1594935316.3572009;0;-3.130966186523437;-1.526641845703125;0.494293212890625;1
2020-07-16 14:35:04;1594935316.396304;0;-1.316009521484375;-0.04644775390625;0.2192840576171875;1
2020-07-16 14:35:04;1594935316.436461;0;-0.602508544921875;0.4647979736328125;-0.1939239501953125;1
2020-07-16 14:35:04;1594935316.476954;0;-0.7947235107421875;0.93572998046875;-0.0980224609375;1
2020-07-16 14:35:04;1594935316.5168636;0;-0.236663818359375;1.0197906494140625;0.62481689453125;1
2020-07-16 14:35:04;1594935316.5571868;0;0.2260589599609375;1.19622802734375;0.7541656494140625;1
2020-07-16 14:35:04;1594935316.597121;0;-0.4962310791015625;1.25469970703125;0.0105743408203125;1
2020-07-16 14:35:04;1594935316.637085;0;-1.36285400390625;-0.2747802734375;-0.585906982421875;1
2020-07-16 14:35:04;1594935316.679213;0;-4.704803466796875;-2.497406005859375;-0.729034423828125;1
2020-07-16 14:35:04;1594935316.718372;0;-2.38250732421875;-2.4546356201171875;-0.6040191650390625;1
2020-07-16 14:35:04;1594935316.7577536;0;-0.8343353271484375;-1.3537445068359375;-0.4957122802734375;1
2020-07-16 14:35:04;1594935316.7979178;0;0.19110107421875;-0.745758056640625;-0.3013458251953125;1
2020-07-16 14:35:04;1594935316.8379948;0;0.50311279296875;-0.5699920654296875;-0.2104644775390625;1
2020-07-16 14:35:04;1594935316.879428;0;1.1279144287109375;-0.573272705078125;-0.229949951171875;1
2020-07-16 14:35:04;1594935316.9181721;0;1.2785491943359375;-0.55987548828125;-0.4280548095703125;1
2020-07-16 14:35:04;1594935316.9585671;0;0.6184539794921875;-0.4776763916015625;-0.7032012939453125;1
2020-07-16 14:35:04;1594935316.998337;0;-0.0661163330078125;-1.941497802734375;-0.780914306640625;1
2020-07-16 14:35:04;1594935317.039748;0;-5.013397216796875;-3.115463256835937;-1.3057403564453125;1
2020-07-16 14:35:04;1594935317.079447;0;-4.791412353515625;-2.079498291015625;-0.297576904296875;1
2020-07-16 14:35:04;1594935317.1198769;0;-2.007553100585937;0.0073089599609375;0.2089996337890625;1
2020-07-16 14:35:04;1594935317.1591759;0;-0.992767333984375;0.886260986328125;-0.12213134765625;1
2020-07-16 14:35:04;1594935317.199727;0;-0.5807647705078125;1.7978668212890625;0.031036376953125;1
2020-07-16 14:35:04;1594935317.240944;0;0.5634307861328125;2.2069549560546875;1.29205322265625;1
2020-07-16 14:35:04;1594935317.279989;0;-0.0697784423828125;1.9256134033203125;0.58636474609375;1
2020-07-16 14:35:04;1594935317.319382;0;-0.951263427734375;1.2201080322265625;-0.5192413330078125;1
2020-07-16 14:35:04;1594935317.3597949;0;-1.9660186767578125;-0.37652587890625;-0.5620880126953125;1
2020-07-16 14:35:04;1594935317.400871;0;-3.738235473632813;-2.622894287109375;-0.092529296875;1
2020-07-16 14:35:04;1594935317.4408529;0;-3.3327178955078125;-3.2640838623046875;0.389404296875;1
2020-07-16 14:35:04;1594935317.480335;0;-1.0999298095703125;-1.8850860595703125;-0.121734619140625;1
2020-07-16 14:35:04;1594935317.520526;0;0.054901123046875;-0.8153076171875;-0.3782501220703125;1
2020-07-16 14:35:04;1594935317.560566;0;0.413116455078125;-0.2207183837890625;-0.182861328125;1
2020-07-16 14:35:04;1594935317.6006858;0;1.04193115234375;-0.169708251953125;-0.0025177001953125;1
2020-07-16 14:35:04;1594935317.641051;0;1.242950439453125;-0.3403472900390625;0.1626129150390625;1
2020-07-16 14:35:04;1594935317.681008;0;1.282928466796875;-0.432891845703125;0.1182708740234375;1
2020-07-16 14:35:04;1594935317.722073;0;0.3179931640625;-1.1425018310546875;-0.217193603515625;1
2020-07-16 14:35:04;1594935317.762135;0;-3.259521484375;-3.592315673828125;-1.1148834228515625;1
2020-07-16 14:35:04;1594935317.802133;0;-5.5410003662109375;-3.083251953125;-0.7714385986328125;1
2020-07-16 14:35:04;1594935317.842085;0;-2.68988037109375;-0.5514984130859375;-0.0504608154296875;1
2020-07-16 14:35:04;1594935317.881849;0;-0.7305755615234375;0.5031280517578125;-0.48114013671875;1
2020-07-16 14:35:04;1594935317.922083;0;-0.568328857421875;0.7150421142578125;-0.53192138671875;1
2020-07-16 14:35:04;1594935317.961749;0;-0.4255828857421875;1.0222625732421875;0.31939697265625;1
2020-07-16 14:35:04;1594935318.001894;0;0.28900146484375;0.992645263671875;0.7749176025390625;1
2020-07-16 14:35:04;1594935318.0421212;0;0.041259765625;1.01336669921875;0.2272491455078125;1
2020-07-16 14:35:04;1594935318.0828009;0;-0.498626708984375;0.582916259765625;-0.08441162109375;1
2020-07-16 14:35:04;1594935318.1223068;0;-1.929351806640625;-1.255126953125;-0.2584075927734375;1
2020-07-16 14:35:04;1594935318.163604;0;-4.5287628173828125;-2.859603881835937;-0.0259246826171875;1
2020-07-16 14:35:04;1594935318.2041109;0;-1.2833251953125;-2.167327880859375;-0.51702880859375;1
2020-07-16 14:35:04;1594935318.242996;0;-0.19488525390625;-1.309356689453125;-0.042633056640625;1
2020-07-16 14:35:04;1594935318.283101;0;-0.1470184326171875;-0.5078887939453125;-0.09228515625;1
2020-07-16 14:35:04;1594935318.323456;0;0.627288818359375;0.1681365966796875;-0.5547332763671875;1
2020-07-16 14:35:04;1594935318.363227;0;0.4386749267578125;-0.4126129150390625;-0.45330810546875;1
2020-07-16 14:35:04;1594935318.403368;0;1.56268310546875;-0.705657958984375;0.1983184814453125;1
2020-07-16 14:35:04;1594935318.443541;0;0.7511138916015625;-0.623779296875;-0.43524169921875;1
2020-07-16 14:35:04;1594935318.4840178;0;0.09906005859375;-1.69482421875;-1.440093994140625;1
2020-07-16 14:35:04;1594935318.525765;0;-2.789764404296875;-3.89996337890625;-0.5775146484375;1
2020-07-16 14:35:04;1594935318.566475;0;-3.952972412109375;-2.6208953857421875;0.090240478515625;1
2020-07-16 14:35:04;1594935318.607092;0;-2.6053466796875;-0.3402557373046875;0.9886322021484376;1
2020-07-16 14:35:04;1594935318.646199;0;-0.938690185546875;0.7462158203125;0.3073577880859375;1
2020-07-16 14:35:04;1594935318.685466;0;-0.4365997314453125;1.299713134765625;0.21588134765625;1
2020-07-16 14:35:04;1594935318.7256534;0;-0.025726318359375;1.5563812255859375;0.6040496826171875;1
2020-07-16 14:35:04;1594935318.766184;0;0.2941131591796875;1.317657470703125;-0.006988525390625;1
2020-07-16 14:35:04;1594935318.806169;0;-0.9490814208984376;0.858245849609375;0.171875;1
2020-07-16 14:35:04;1594935318.845735;0;-1.0532073974609375;-0.12420654296875;0.1932220458984375;1
2020-07-16 14:35:04;1594935318.88602;0;-3.5008697509765625;-1.9166717529296875;1.1082763671875;1
2020-07-16 14:35:04;1594935318.9267962;0;-4.37066650390625;-1.7482147216796875;0.7257843017578125;1
2020-07-16 14:35:04;1594935318.9655418;0;-1.07965087890625;-1.43426513671875;-1.4961395263671875;1
2020-07-16 14:35:04;1594935319.0068529;0;-0.2806549072265625;-1.1102142333984375;-0.524444580078125;1
2020-07-16 14:35:04;1594935319.045528;0;0.3946685791015625;-0.8599700927734375;-0.0951995849609375;1
2020-07-16 14:35:04;1594935319.0859034;0;0.8358001708984375;-0.7456512451171875;-0.1617431640625;1
2020-07-16 14:35:04;1594935319.126332;0;0.489715576171875;-0.62841796875;0.2845306396484375;1
2020-07-16 14:35:04;1594935319.1663098;0;-0.18707275390625;-1.1731109619140625;0.178619384765625;1
2020-07-16 14:35:04;1594935319.206846;0;-2.016632080078125;-2.571273803710937;-0.5115509033203125;1
2020-07-16 14:35:04;1594935319.247645;0;-4.122528076171875;-3.41412353515625;-0.452117919921875;1
2020-07-16 14:35:04;1594935319.2879288;0;-3.269317626953125;-1.2795562744140625;-0.024017333984375;1
2020-07-16 14:35:04;1594935319.3264802;0;-1.3884429931640625;0.4777679443359375;-0.040191650390625;1
2020-07-16 14:35:04;1594935319.366601;0;-0.5156402587890625;1.7423248291015625;-0.071624755859375;1
2020-07-16 14:35:04;1594935319.4080694;0;0.1838531494140625;2.798080444335937;0.07916259765625;1
2020-07-16 14:35:04;1594935319.447721;0;0.9499359130859376;2.4047088623046875;0.562896728515625;1
2020-07-16 14:35:04;1594935319.487252;0;-0.6594390869140625;1.6880035400390625;0.5689849853515625;1
2020-07-16 14:35:04;1594935319.5274546;0;-1.5302581787109375;-0.325408935546875;0.5777435302734375;1
2020-07-16 14:35:04;1594935319.568742;0;-5.8367767333984375;-1.5888214111328125;0.2003326416015625;1
2020-07-16 14:35:04;1594935319.6091359;0;-4.1857452392578125;-1.3956756591796875;-1.7150726318359375;1
2020-07-16 14:35:04;1594935319.647798;0;-1.9018707275390625;-0.670501708984375;-0.631805419921875;1
2020-07-16 14:35:04;1594935319.687752;0;-0.3509063720703125;-0.1743316650390625;-0.135986328125;1
2020-07-16 14:35:04;1594935319.7280366;0;0.4343109130859375;0.2597503662109375;-0.65069580078125;1
2020-07-16 14:35:04;1594935319.7679946;0;1.158966064453125;-0.0723419189453125;-0.2052459716796875;1
2020-07-16 14:35:04;1594935319.808325;0;1.040802001953125;-0.7886505126953125;0.3054962158203125;1
2020-07-16 14:35:04;1594935319.84846;0;-0.0025482177734375;-1.314178466796875;-0.03546142578125;1
2020-07-16 14:35:04;1594935319.8901849;0;-1.1469879150390625;-2.0628204345703125;-1.3853912353515625;1
2020-07-16 14:35:04;1594935319.9320009;0;-2.005126953125;-3.0807037353515625;-2.3294219970703125;1
2020-07-16 14:35:04;1594935319.9725974;0;-3.578155517578125;-1.998565673828125;-1.8080902099609373;1
2020-07-16 14:35:04;1594935320.00928;0;-1.4443359375;0.5910186767578125;-0.8586273193359375;1
2020-07-16 14:35:04;1594935320.048983;0;-0.094696044921875;1.688690185546875;0.09765625;1
2020-07-16 14:35:04;1594935320.090615;0;-0.2028656005859375;2.3486480712890625;1.0016632080078125;1
2020-07-16 14:35:04;1594935320.1298401;0;-0.452545166015625;1.9273223876953125;0.259735107421875;1
2020-07-16 14:35:04;1594935320.169627;0;-1.2930450439453125;0.03472900390625;0.613983154296875;1
2020-07-16 14:35:04;1594935320.211431;0;-3.09716796875;-2.17327880859375;0.512359619140625;1
2020-07-16 14:35:04;1594935320.2506711;0;-2.658782958984375;-2.0363006591796875;0.5011444091796875;1
2020-07-16 14:35:04;1594935320.292531;0;-2.287506103515625;-2.177001953125;-0.42474365234375;1
2020-07-16 14:35:04;1594935320.329813;0;-1.52374267578125;-1.03924560546875;-0.49517822265625;1
2020-07-16 14:35:04;1594935320.3703392;0;0.6951141357421875;0.095489501953125;-0.1010589599609375;1
2020-07-16 14:35:04;1594935320.4102614;0;0.98486328125;0.67242431640625;0.0420379638671875;1
2020-07-16 14:35:04;1594935320.4504359;0;1.4257659912109375;-0.0188140869140625;-0.09539794921875;1
2020-07-16 14:35:04;1594935320.491609;0;1.9232330322265625;-0.5802764892578125;-0.460357666015625;1
2020-07-16 14:35:04;1594935320.530723;0;1.3570556640625;-1.3117523193359375;-0.74200439453125;1
2020-07-16 14:35:04;1594935320.571137;0;-1.67828369140625;-3.71783447265625;-1.01910400390625;1
2020-07-16 14:35:04;1594935320.612859;0;-3.411773681640625;-6.434051513671875;-2.4048004150390625;1
2020-07-16 14:35:04;1594935320.652227;0;-4.910903930664063;-3.2344970703125;-1.0067596435546875;1
2020-07-16 14:35:04;1594935320.6914446;0;-1.8217315673828125;0.9492340087890624;-0.9148712158203124;1
2020-07-16 14:35:04;1594935320.732143;0;-0.644012451171875;3.24383544921875;-2.3564910888671875;1
2020-07-16 14:35:04;1594935320.77321;0;-0.36590576171875;4.826416015625;-0.4618988037109375;1
2020-07-16 14:35:04;1594935320.812372;0;-0.129058837890625;4.792266845703125;-0.201873779296875;1
2020-07-16 14:35:04;1594935320.852926;0;-3.022705078125;2.8302459716796875;-0.12469482421875;1
2020-07-16 14:35:04;1594935320.893303;0;-5.822357177734375;0.8644256591796875;-0.4976043701171875;1
2020-07-16 14:35:04;1594935320.933402;0;-8.00860595703125;-1.890472412109375;-3.311874389648437;1
2020-07-16 14:35:04;1594935320.974973;0;-3.8868408203125;-2.4390106201171875;-3.5021209716796875;1
2020-07-16 14:35:04;1594935321.013447;0;-1.3145599365234375;-2.1665191650390625;0.22039794921875;1
2020-07-16 14:35:04;1594935321.0525491;0;0.66278076171875;-1.2534637451171875;0.0025177001953125;1
2020-07-16 14:35:04;1594935321.093077;0;2.1481170654296875;-2.2316131591796875;0.87274169921875;1
2020-07-16 14:35:04;1594935321.133042;0;2.250473022460937;-1.9631805419921875;-0.5269622802734375;1
2020-07-16 14:35:04;1594935321.1760519;0;0.6046295166015625;-2.7387237548828125;-2.306625366210937;1
2020-07-16 14:35:04;1594935321.213911;0;-2.67950439453125;-4.30987548828125;-3.731735229492188;1
2020-07-16 14:35:04;1594935321.2565029;0;-8.031906127929688;-2.5841827392578125;-2.77764892578125;1
2020-07-16 14:35:04;1594935321.296207;0;-4.281890869140625;1.8151702880859373;-0.791473388671875;1
2020-07-16 14:35:04;1594935321.3353179;0;-0.785186767578125;3.866180419921875;0.203369140625;1
2020-07-16 14:35:04;1594935321.378289;0;0.3069915771484375;3.7815093994140634;-0.533477783203125;1
2020-07-16 14:35:04;1594935321.415049;0;0.709930419921875;3.9220123291015625;0.1797332763671875;1
2020-07-16 14:35:04;1594935321.4550939;0;-1.257476806640625;3.567611694335937;-1.1839141845703125;1
2020-07-16 14:35:04;1594935321.4958348;0;-2.71319580078125;2.07379150390625;-0.1916046142578125;1
2020-07-16 14:35:04;1594935321.537281;0;-6.5443878173828125;-0.06640625;-0.6092987060546875;1
2020-07-16 14:35:04;1594935321.5765948;0;-7.721282958984375;-3.3739471435546875;-1.1233062744140625;1
2020-07-16 14:35:04;1594935321.6153018;0;-1.678863525390625;-1.310638427734375;-0.9799041748046876;1
2020-07-16 14:35:04;1594935321.6580641;0;1.6557159423828125;-1.2163543701171875;-3.69317626953125;1
2020-07-16 14:35:04;1594935321.6969962;0;3.087860107421875;-1.9223785400390625;-1.0168609619140625;1
2020-07-16 14:35:04;1594935321.7368832;0;2.551498413085937;-0.9629058837890624;-3.759765625;1
2020-07-16 14:35:04;1594935321.776077;0;-0.0462646484375;-0.628509521484375;-5.18865966796875;1
2020-07-16 14:35:04;1594935321.815248;0;-3.1204986572265625;-0.9033050537109376;-6.433013916015625;1
2020-07-16 14:35:04;1594935321.857054;0;-7.355010986328125;-0.7138214111328125;-4.672943115234375;1
2020-07-16 14:35:04;1594935321.897814;0;-5.70379638671875;1.0912017822265625;-2.499725341796875;1
2020-07-16 14:35:04;1594935321.9364226;0;-3.980270385742188;3.152816772460937;1.0986480712890625;1
2020-07-16 14:35:04;1594935321.977151;0;-0.7902984619140625;4.7917022705078125;1.650604248046875;1
2020-07-16 14:35:04;1594935322.016928;0;-0.692291259765625;4.940933227539063;2.242584228515625;1
2020-07-16 14:35:04;1594935322.0567489;0;-3.310791015625;3.7813568115234375;0.415924072265625;1
2020-07-16 14:35:04;1594935322.0972369;0;-4.7569580078125;-0.1609344482421875;-0.78521728515625;1
2020-07-16 14:35:04;1594935322.137085;0;-7.574569702148437;-3.684158325195313;-1.0213775634765625;1
2020-07-16 14:35:04;1594935322.177269;0;-6.404144287109375;-4.665618896484375;-2.436798095703125;1
2020-07-16 14:35:04;1594935322.217688;0;-0.26708984375;-2.072906494140625;-1.2134552001953125;1
2020-07-16 14:35:04;1594935322.257909;0;2.08538818359375;-1.3709259033203125;0.017486572265625;1
2020-07-16 14:35:04;1594935322.298685;0;3.2229156494140625;-2.544342041015625;0.3726806640625;1
2020-07-16 14:35:04;1594935322.3381848;0;0.7839508056640625;-3.481307983398437;-1.2650146484375;1
2020-07-16 14:35:04;1594935322.378036;0;-1.1449432373046875;-2.78759765625;-2.89154052734375;1
2020-07-16 14:35:04;1594935322.4183168;0;-4.9118194580078125;-4.4945220947265625;-3.775588989257813;1
2020-07-16 14:35:04;1594935322.458264;0;-7.99432373046875;-2.6864013671875;-1.2628631591796875;1
2020-07-16 14:35:04;1594935322.4984431;0;-4.0746917724609375;0.9009246826171876;0.4811248779296875;1
2020-07-16 14:35:04;1594935322.5395331;0;-2.0312957763671875;4.708297729492188;0.0808258056640625;1
2020-07-16 14:35:04;1594935322.579426;0;-0.2203521728515625;5.98602294921875;1.286041259765625;1
2020-07-16 14:35:04;1594935322.618851;0;-1.074798583984375;4.413055419921875;1.13299560546875;1
2020-07-16 14:35:04;1594935322.6606061;0;-3.93212890625;2.6171875;-1.4101715087890625;1
2020-07-16 14:35:04;1594935322.698481;0;-4.94427490234375;-0.9637298583984376;-0.8808135986328125;1
2020-07-16 14:35:04;1594935322.7412126;0;-8.00634765625;-4.3805084228515625;-1.5423736572265625;1
2020-07-16 14:35:04;1594935322.780695;0;-2.697174072265625;-3.03125;-2.1582794189453125;1
2020-07-16 14:35:04;1594935322.818757;0;-0.44720458984375;-1.7987518310546875;-0.19439697265625;1
2020-07-16 14:35:04;1594935322.86044;0;1.43572998046875;-2.3254852294921875;0.59326171875;1
2020-07-16 14:35:04;1594935322.9006429;0;1.7934417724609375;-2.520004272460937;0.4018402099609375;1
2020-07-16 14:35:04;1594935322.9413018;0;0.29656982421875;-2.746078491210937;-0.5853729248046875;1
2020-07-16 14:35:04;1594935322.982898;0;-0.21893310546875;-1.767974853515625;-3.1222381591796875;1
2020-07-16 14:35:04;1594935323.021882;0;-3.7898101806640634;-1.8321685791015625;-3.8009185791015625;1
2020-07-16 14:35:04;1594935323.0613544;0;-5.450775146484375;-0.905731201171875;-2.6380615234375;1
2020-07-16 14:35:04;1594935323.1005461;0;-2.518295288085937;2.1600494384765625;-3.4349517822265625;1
2020-07-16 14:35:04;1594935323.1407974;0;-0.7369537353515625;2.729095458984375;-0.2451019287109375;1
2020-07-16 14:35:04;1594935323.180622;0;0.2928924560546875;3.926101684570313;1.2897796630859375;1
2020-07-16 14:35:04;1594935323.220903;0;0.4801177978515625;3.5988922119140625;-0.166259765625;1
2020-07-16 14:35:04;1594935323.2608109;0;-0.7324066162109375;2.023834228515625;0.2083282470703125;1
2020-07-16 14:35:04;1594935323.301506;0;-3.4816131591796875;0.122344970703125;-0.633636474609375;1
2020-07-16 14:35:04;1594935323.342383;0;-6.516021728515625;-3.6259613037109375;-1.6714324951171875;1
2020-07-16 14:35:04;1594935323.38187;0;-3.823883056640625;-3.31927490234375;-2.265655517578125;1
2020-07-16 14:35:04;1594935323.420731;0;0.8444061279296875;-1.092132568359375;-0.5208587646484375;1
2020-07-16 14:35:04;1594935323.461086;0;1.9608612060546875;-1.749969482421875;0.9353485107421876;1
2020-07-16 14:35:04;1594935323.502116;0;2.5368804931640625;-2.258514404296875;1.0807342529296875;1
2020-07-16 14:35:04;1594935323.541955;0;1.3640594482421875;-2.269378662109375;-2.894439697265625;1
2020-07-16 14:35:04;1594935323.5821738;0;-2.146331787109375;-3.774337768554688;-3.5162353515625;1
2020-07-16 14:35:04;1594935323.62333;0;-5.9652252197265625;-3.447845458984375;-3.5118408203125;1
2020-07-16 14:35:04;1594935323.663793;0;-4.5887603759765625;-0.652587890625;-1.5951690673828125;1
2020-07-16 14:35:04;1594935323.7024698;0;-2.1722412109375;2.7392730712890625;-1.711181640625;1
2020-07-16 14:35:04;1594935323.742449;0;-1.61236572265625;5.171295166015625;0.5327911376953125;1
2020-07-16 14:35:04;1594935323.782756;0;2.232635498046875;6.189117431640625;1.001983642578125;1
2020-07-16 14:35:04;1594935323.8234801;0;-2.799072265625;4.9742279052734375;-1.3475494384765625;1
2020-07-16 14:35:04;1594935323.865374;0;-5.133956909179688;1.684814453125;-1.685943603515625;1
2020-07-16 14:35:04;1594935323.90337;0;-8.040573120117188;-2.0980377197265625;-3.1916046142578125;1
2020-07-16 14:35:04;1594935323.9441054;0;-6.253952026367188;-3.658157348632813;-5.11181640625;1
2020-07-16 14:35:04;1594935323.983518;0;-0.04913330078125;-2.3990936279296875;-0.9139862060546876;1
2020-07-16 14:35:04;1594935324.0237908;0;1.3290557861328125;-2.838607788085937;0.912750244140625;1
2020-07-16 14:35:04;1594935324.065904;0;2.6964874267578125;-2.6709136962890625;-0.6454315185546875;1
2020-07-16 14:35:04;1594935324.10699;0;1.1546173095703125;-2.67340087890625;-1.7720794677734375;1
2020-07-16 14:35:04;1594935324.145188;0;-0.811767578125;-2.1442108154296875;-4.49188232421875;1
2020-07-16 14:35:04;1594935324.185174;0;-4.994964599609375;-2.7955780029296875;-4.37994384765625;1
2020-07-16 14:35:04;1594935324.22556;0;-7.713699340820312;-1.07421875;-2.04669189453125;1
2020-07-16 14:35:04;1594935324.264762;0;-3.0854034423828125;1.72613525390625;-1.637420654296875;1
2020-07-16 14:35:04;1594935324.305191;0;-1.53387451171875;3.622116088867188;0.1761322021484375;1
2020-07-16 14:35:04;1594935324.345834;0;0.2340240478515625;4.569107055664063;1.15032958984375;1
2020-07-16 14:35:04;1594935324.3853068;0;0.3465423583984375;4.5201416015625;0.5430755615234375;1
2020-07-16 14:35:04;1594935324.4257624;0;-2.332870483398437;3.598861694335937;-0.5478363037109375;1
2020-07-16 14:35:04;1594935324.465419;0;-3.27001953125;2.31451416015625;-1.427276611328125;1
2020-07-16 14:35:04;1594935324.5071056;0;-6.3914642333984375;-0.30303955078125;-2.62091064453125;1
2020-07-16 14:35:04;1594935324.545572;0;-7.195465087890625;-2.430755615234375;-4.170623779296875;1
2020-07-16 14:35:04;1594935324.58554;0;-2.7429656982421875;-2.3137969970703125;-2.996200561523437;1
2020-07-16 14:35:04;1594935324.625159;0;-0.6210784912109375;-1.737640380859375;0.0668487548828125;1
2020-07-16 14:35:04;1594935324.6657119;0;1.5323944091796875;-2.45074462890625;1.094482421875;1
2020-07-16 14:35:04;1594935324.708224;0;1.9417877197265625;-3.1805419921875;0.46514892578125;1
2020-07-16 14:35:04;1594935324.746983;0;0.9211883544921876;-2.1353912353515625;-2.35992431640625;1
2020-07-16 14:35:04;1594935324.786165;0;-0.9479827880859376;-1.4714813232421875;-4.23321533203125;1
2020-07-16 14:35:04;1594935324.8264544;0;-6.1146240234375;-1.5389251708984375;-5.160919189453125;1
2020-07-16 14:35:04;1594935324.8661408;0;-5.9406280517578125;-0.3806304931640625;-1.4538726806640625;1
2020-07-16 14:35:04;1594935324.9073849;0;-2.095062255859375;2.81488037109375;-2.8603515625;1
2020-07-16 14:35:04;1594935324.9473631;0;-0.76123046875;3.254913330078125;-0.407257080078125;1
2020-07-16 14:35:04;1594935324.9875524;0;0.7935638427734375;4.29052734375;0.8835601806640625;1
2020-07-16 14:35:04;1594935325.0276818;0;1.648162841796875;3.838211059570313;-0.4304962158203125;1
2020-07-16 14:35:04;1594935325.066784;0;-1.715057373046875;2.027313232421875;-0.735015869140625;1
2020-07-16 14:35:04;1594935325.10706;0;-1.890899658203125;0.7935943603515625;-0.62744140625;1
2020-07-16 14:35:04;1594935325.1479769;0;-6.886138916015625;-1.699981689453125;-2.016510009765625;1
2020-07-16 14:35:04;1594935325.18716;0;-5.1649322509765625;-2.153289794921875;-3.4132843017578125;1
2020-07-16 14:35:04;1594935325.227168;0;-1.8142242431640625;-1.5809783935546875;-1.2270355224609375;1
2020-07-16 14:35:04;1594935325.267195;0;-0.28436279296875;-0.755523681640625;-0.214569091796875;1
2020-07-16 14:35:04;1594935325.307962;0;1.495269775390625;-1.630218505859375;1.0736846923828125;1
2020-07-16 14:35:04;1594935325.34975;0;1.927276611328125;-2.4246826171875;0.0985107421875;1
2020-07-16 14:35:04;1594935325.390502;0;2.13885498046875;-1.3885040283203125;-2.25372314453125;1
2020-07-16 14:35:04;1594935325.4287732;0;0.23370361328125;-1.050933837890625;-2.802978515625;1
2020-07-16 14:35:04;1594935325.4686751;0;-3.145980834960937;-2.0051422119140625;-4.716461181640625;1
2020-07-16 14:35:04;1594935325.509567;0;-7.01507568359375;-1.4837646484375;-2.5770721435546875;1
2020-07-16 14:35:04;1594935325.548754;0;-1.978179931640625;1.70709228515625;-2.3768310546875;1
2020-07-16 14:35:04;1594935325.591464;0;-1.603118896484375;2.7171783447265625;-0.6796722412109375;1
2020-07-16 14:35:04;1594935325.630264;0;-0.6038360595703125;2.923736572265625;1.5963134765625;1
2020-07-16 14:35:04;1594935325.670082;0;0.9105682373046876;3.22003173828125;1.2234344482421875;1
2020-07-16 14:35:04;1594935325.710825;0;0.6358795166015625;3.030868530273437;0.3441162109375;1
2020-07-16 14:35:04;1594935325.748764;0;-1.305206298828125;1.865509033203125;0.099365234375;1
2020-07-16 14:35:04;1594935325.790959;0;-5.69586181640625;-1.6458892822265625;-1.4933013916015625;1
2020-07-16 14:35:04;1594935325.830354;0;-7.30194091796875;-4.267745971679688;-2.607391357421875;1
2020-07-16 14:35:04;1594935325.869503;0;-0.87786865234375;-1.69061279296875;-1.1608123779296875;1
2020-07-16 14:35:04;1594935325.910109;0;0.477294921875;-0.7494354248046875;-0.3216094970703125;1
2020-07-16 14:35:04;1594935325.949637;0;1.7825927734375;-0.91021728515625;1.0831146240234375;1
2020-07-16 14:35:04;1594935325.9917722;0;2.9652862548828125;-0.4537506103515625;0.4668121337890625;1
2020-07-16 14:35:04;1594935326.031923;0;2.52532958984375;-0.024200439453125;0.047271728515625;1
2020-07-16 14:35:04;1594935326.070129;0;0.158599853515625;-1.358154296875;-3.136459350585937;1
2020-07-16 14:35:04;1594935326.111336;0;-7.935653686523437;-4.4272003173828125;-2.547836303710937;1
2020-07-16 14:35:04;1594935326.1509721;0;-5.514190673828125;-0.696380615234375;-1.8028564453125;1
2020-07-16 14:35:04;1594935326.1905332;0;-1.1009063720703125;1.2518310546875;-0.662200927734375;1
2020-07-16 14:35:04;1594935326.23052;0;-1.4363861083984375;1.7489471435546875;0.676361083984375;1
2020-07-16 14:35:04;1594935326.2717528;0;-0.319427490234375;2.4101715087890625;1.288604736328125;1
2020-07-16 14:35:04;1594935326.312402;0;0.8385009765625;2.552215576171875;1.1266326904296875;1
2020-07-16 14:35:04;1594935326.351221;0;0.71563720703125;1.8761749267578125;0.35821533203125;1
2020-07-16 14:35:04;1594935326.391384;0;-1.0858917236328125;1.1300811767578125;0.1202545166015625;1
2020-07-16 14:35:04;1594935326.4325352;0;-3.8228607177734375;-2.026031494140625;-0.7938995361328125;1
2020-07-16 14:35:04;1594935326.4721391;0;-5.035568237304688;-3.4864501953125;-2.0870361328125;1
2020-07-16 14:35:04;1594935326.511864;0;-0.7767486572265625;-1.9132080078125;-0.7715301513671875;1
2020-07-16 14:35:04;1594935326.5514932;0;0.3436737060546875;-0.63946533203125;-0.29571533203125;1
2020-07-16 14:35:04;1594935326.592054;0;1.5012969970703125;-0.4337005615234375;-0.3800811767578125;1
2020-07-16 14:35:04;1594935326.6321962;0;1.8683319091796875;-0.0325927734375;0.28253173828125;1
2020-07-16 14:35:04;1594935326.67411;0;2.4278106689453125;-0.10382080078125;0.23614501953125;1
2020-07-16 14:35:04;1594935326.712933;0;0.7080841064453125;-0.7391204833984375;0.268798828125;1
2020-07-16 14:35:04;1594935326.752414;0;-2.824813842773437;-1.7568511962890625;-1.9851531982421875;1
2020-07-16 14:35:04;1594935326.793628;0;-8.073471069335938;-1.8569488525390625;1.0624237060546875;1
2020-07-16 14:35:04;1594935326.834748;0;-2.8775634765625;-0.43438720703125;-1.9308624267578125;1
2020-07-16 14:35:04;1594935326.872905;0;-0.6565093994140625;0.2765350341796875;-0.0348358154296875;1
2020-07-16 14:35:04;1594935326.913116;0;-0.4044036865234375;0.5970611572265625;0.691986083984375;1
2020-07-16 14:35:04;1594935326.9531012;0;0.6058502197265625;0.904937744140625;0.5979156494140625;1
2020-07-16 14:35:04;1594935326.993475;0;1.2621917724609375;1.09765625;0.9449462890625;1
2020-07-16 14:35:04;1594935327.033819;0;0.9549713134765624;0.8336944580078125;0.9296722412109376;1
2020-07-16 14:35:04;1594935327.073742;0;-1.8170623779296875;-0.62060546875;-0.78125;1
2020-07-16 14:35:04;1594935327.115474;0;-4.073410034179688;-1.4208984375;-0.543975830078125;1
2020-07-16 14:35:04;1594935327.1537359;0;-1.4195709228515625;-0.2639923095703125;-1.6439971923828125;1
2020-07-16 14:35:04;1594935327.1958034;0;-0.06231689453125;-0.294677734375;-1.0685577392578125;1
2020-07-16 14:35:04;1594935327.235155;0;-0.1008453369140625;-0.3282470703125;-0.3760986328125;1
2020-07-16 14:35:04;1594935327.275906;0;0.3453826904296875;-0.51507568359375;0.0738677978515625;1
2020-07-16 14:35:04;1594935327.315341;0;-0.050994873046875;-0.389404296875;-0.00177001953125;1
2020-07-16 14:35:04;1594935327.357858;0;-0.0945587158203125;-0.15618896484375;-0.478302001953125;1
2020-07-16 14:35:04;1594935327.395411;0;-0.539031982421875;0.1985015869140625;-1.5106658935546875;1
2020-07-16 14:35:04;1594935327.4358966;0;-1.55767822265625;0.4477691650390625;-1.23626708984375;1
2020-07-16 14:35:04;1594935327.475749;0;-0.611175537109375;-0.020721435546875;-0.23004150390625;1
2020-07-16 14:35:04;1594935327.515369;0;-0.007293701171875;0.04241943359375;-0.0063934326171875;1
2020-07-16 14:35:04;1594935327.555464;0;-0.0040740966796875;0.04425048828125;-0.0084228515625;1
2020-07-16 14:35:04;1594935327.596283;0;-0.002593994140625;0.0487518310546875;-0.010772705078125;1
2020-07-16 14:35:04;1594935327.635998;0;0.0;0.053009033203125;-0.015533447265625;1
2020-07-16 14:35:04;1594935327.6759956;0;0.003662109375;0.05657958984375;-0.0219268798828125;1
2020-07-16 14:35:04;1594935327.716607;0;0.0074462890625;0.0603179931640625;-0.024139404296875;1
2020-07-16 14:35:04;1594935327.7563472;0;0.011688232421875;0.0644378662109375;-0.02532958984375;1
2020-07-16 14:35:04;1594935327.796244;0;0.0178680419921875;0.065582275390625;-0.0283966064453125;1
2020-07-16 14:35:04;1594935327.8361108;0;-4.84527587890625;5.396286010742188;-3.41265869140625;1
2020-07-16 14:35:04;1594935327.8763454;0;-2.2333984375;-3.3998565673828125;2.684722900390625;1
2020-07-16 14:35:04;1594935327.9165962;0;0.997589111328125;0.51123046875;0.1170196533203125;1
2020-07-16 14:35:04;1594935327.956675;0;0.9752197265625;0.6162872314453125;-0.012237548828125;1
2020-07-16 14:35:04;1594935327.997002;0;0.954376220703125;0.6066131591796875;-0.0171966552734375;1
2020-07-16 14:35:04;1594935328.037154;0;0.9503936767578124;0.6219329833984375;-0.042724609375;1
2020-07-16 14:35:04;1594935328.077382;0;3.667327880859375;2.906768798828125;-1.7764892578125;1
2020-07-16 14:35:04;1594935328.1175802;0;-0.6651611328125;2.181915283203125;0.080474853515625;1
2020-07-16 14:35:04;1594935328.157425;0;-0.58258056640625;-0.5289306640625;-0.0204010009765625;1
2020-07-16 14:35:04;1594935328.197428;0;-0.337371826171875;-1.093414306640625;0.2798919677734375;1
2020-07-16 14:35:04;1594935328.237523;0;0.002685546875;-0.0811309814453125;-0.0586700439453125;1
2020-07-16 14:35:04;1594935328.277736;0;0.0530853271484375;0.0851287841796875;-0.9649810791015624;1
2020-07-16 14:35:04;1594935328.31943;0;0.161895751953125;-0.0930633544921875;-2.589202880859375;1
2020-07-16 14:35:04;1594935328.35836;0;-0.0797576904296875;0.036224365234375;-0.866363525390625;1
2020-07-16 14:35:04;1594935328.398337;0;-0.3509521484375;-0.0623779296875;-0.88531494140625;1
2020-07-16 14:35:04;1594935328.438659;0;-0.0924072265625;-0.0268707275390625;-1.0389556884765625;1
2020-07-16 14:35:04;1594935328.478576;0;-0.185333251953125;-0.02337646484375;-0.955413818359375;1
2020-07-16 14:35:04;1594935328.518791;0;-0.14947509765625;-0.0475616455078125;-1.018890380859375;1
2020-07-16 14:35:04;1594935328.558718;2;-0.1728057861328125;-0.0331878662109375;-0.988922119140625;1
2020-07-16 14:35:04;1594935328.598769;2;-0.165679931640625;-0.0295562744140625;-0.9950408935546876;1
2020-07-16 14:35:04;1594935328.639701;2;-0.161865234375;-0.031890869140625;-0.9981231689453124;1
2020-07-16 14:35:04;1594935328.6796482;2;-0.1657867431640625;-0.0311431884765625;-0.99505615234375;1
2020-07-16 14:35:04;1594935328.720077;2;-0.16455078125;-0.0316162109375;-0.9954833984375;1
2020-07-16 14:35:04;1594935328.7596312;2;-0.1644439697265625;-0.0309906005859375;-0.9951171875;1
2020-07-16 14:35:04;1594935328.799973;2;-0.1652374267578125;-0.031036376953125;-0.994293212890625;1
2020-07-16 14:35:04;1594935328.839992;2;-0.16412353515625;-0.031890869140625;-0.9952392578125;1
2020-07-16 14:35:04;1594935328.87995;2;-0.16412353515625;-0.03179931640625;-0.99560546875;1
2020-07-16 14:35:04;1594935328.920422;2;-0.16412353515625;-0.032012939453125;-0.9948883056640624;1
2020-07-16 14:35:04;1594935328.9602199;2;-0.1641082763671875;-0.0310211181640625;-0.995086669921875;1
2020-07-16 14:35:04;1594935329.000452;2;-0.16424560546875;-0.0304107666015625;-0.996429443359375;1
2020-07-16 14:35:04;1594935329.0404868;2;-0.16375732421875;-0.031402587890625;-0.9948577880859376;1
2020-07-16 14:35:04;1594935329.080858;2;-0.164581298828125;-0.03070068359375;-0.99517822265625;1
2020-07-16 14:35:04;1594935329.1212811;2;-0.1638031005859375;-0.0308990478515625;-0.994903564453125;1
2020-07-16 14:35:04;1594935329.1610901;2;-0.165008544921875;-0.0307159423828125;-0.9952850341796876;1
2020-07-16 14:35:04;1594935329.201071;2;-0.1636505126953125;-0.0309906005859375;-0.9957427978515624;1
2020-07-16 14:35:04;1594935329.241435;2;-0.16436767578125;-0.0307464599609375;-0.9963836669921876;1
2020-07-16 14:35:04;1594935329.281307;2;-0.1643524169921875;-0.030548095703125;-0.995330810546875;1
2020-07-16 14:35:04;1594935329.322041;2;-0.164215087890625;-0.0303802490234375;-0.9957427978515624;1
2020-07-16 14:35:04;1594935329.3617349;2;-0.163238525390625;-0.0302734375;-0.99609375;1
2020-07-16 14:35:04;1594935329.402059;2;-0.164215087890625;-0.031219482421875;-0.99658203125;1
2020-07-16 14:35:04;1594935329.44244;2;-0.163848876953125;-0.0313568115234375;-0.99444580078125;1
2020-07-16 14:35:04;1594935329.4818714;2;-0.163848876953125;-0.030548095703125;-0.9959259033203124;1
2020-07-16 14:35:04;1594935329.5227342;2;-0.163421630859375;-0.0316009521484375;-0.99609375;1
2020-07-16 14:35:04;1594935329.562254;2;-0.1638641357421875;-0.03057861328125;-0.9946746826171876;1
2020-07-16 14:35:04;1594935329.602384;2;-0.1640777587890625;-0.0313873291015625;-0.9948577880859376;1
2020-07-16 14:35:04;1594935329.642659;2;-0.1641082763671875;-0.0328521728515625;-0.9937591552734376;1
2020-07-16 14:35:04;1594935329.68285;2;-0.163177490234375;-0.0321807861328125;-0.996063232421875;1
2020-07-16 14:35:04;1594935329.7263632;2;-0.1637420654296875;-0.030029296875;-0.995880126953125;1
2020-07-16 14:35:04;1594935329.763293;2;-0.164154052734375;-0.0292510986328125;-0.99560546875;1
2020-07-16 14:35:04;1594935329.802994;2;-0.1632080078125;-0.0298004150390625;-0.9952392578125;1
2020-07-16 14:35:04;1594935329.843312;2;-0.1638031005859375;-0.03021240234375;-0.9943695068359376;1
2020-07-16 14:35:04;1594935329.8832688;2;-0.163177490234375;-0.031341552734375;-0.995849609375;1
2020-07-16 14:35:04;1594935329.926025;2;-0.1638031005859375;-0.03094482421875;-0.9951019287109376;1
2020-07-16 14:35:04;1594935329.9657009;2;-0.163421630859375;-0.0312652587890625;-0.996002197265625;1
2020-07-16 14:35:04;1594935330.00577;2;-0.164154052734375;-0.03033447265625;-0.9951171875;1
2020-07-16 14:35:04;1594935330.045784;2;-0.16375732421875;-0.0305023193359375;-0.9954986572265624;1
2020-07-16 14:35:04;1594935330.0857694;2;-0.1620025634765625;-0.028839111328125;-0.9947509765625;1
2020-07-16 14:35:04;1594935330.126329;2;-0.167205810546875;-0.0331573486328125;-0.996917724609375;1
2020-07-16 14:35:04;1594935330.1658194;2;-0.161651611328125;-0.0297088623046875;-0.996795654296875;1
2020-07-16 14:35:04;1594935330.205577;2;-0.1681060791015625;-0.0312957763671875;-0.9925079345703124;1
2020-07-16 14:35:04;1594935330.245815;2;-0.165771484375;-0.03125;-0.9948577880859376;1
2020-07-16 14:35:04;1594935330.285648;2;-0.166259765625;-0.033050537109375;-0.993499755859375;1
2020-07-16 14:35:04;1594935330.326079;2;-0.166778564453125;-0.034027099609375;-0.994384765625;1
2020-07-16 14:35:04;1594935330.3655071;2;-0.165802001953125;-0.031280517578125;-0.9962158203125;1
2020-07-16 14:35:04;1594935330.406708;2;-0.1658172607421875;-0.032318115234375;-0.9966583251953124;1
2020-07-16 14:35:04;1594935330.4459279;2;-0.164093017578125;-0.031402587890625;-0.9944305419921876;1
2020-07-16 14:35:04;1594935330.485719;2;-0.1659698486328125;-0.030487060546875;-0.9947052001953124;1
2020-07-16 14:35:04;1594935330.5318391;2;-0.158966064453125;-0.0172882080078125;-1.004180908203125;1
2020-07-16 14:35:04;1594935330.56571;2;-0.1627197265625;-0.0514373779296875;-1.0115814208984375;1
2020-07-16 14:35:04;1594935330.608573;2;-0.1883392333984375;-0.040618896484375;-0.9863128662109376;1
2020-07-16 14:35:04;1594935330.646034;2;-0.2226104736328125;-0.0674896240234375;-0.95648193359375;1
2020-07-16 14:35:04;1594935330.686259;2;-0.164276123046875;-0.024688720703125;-1.051971435546875;1
2020-07-16 14:35:04;1594935330.7267802;2;-0.1824951171875;-0.07269287109375;-0.9863739013671876;1
2020-07-16 14:35:04;1594935330.76669;2;-0.1743621826171875;-0.0493621826171875;-0.9885406494140624;1
2020-07-16 14:35:04;1594935330.806635;2;-0.173614501953125;-0.038482666015625;-0.99359130859375;1
2020-07-16 14:35:04;1594935330.846771;2;-0.1743011474609375;-0.036529541015625;-0.9931182861328124;1
2020-07-16 14:35:04;1594935330.8868618;2;-0.1727447509765625;-0.036895751953125;-0.991607666015625;1
2020-07-16 14:35:04;1594935330.927534;2;-0.1722564697265625;-0.0362548828125;-0.9927978515625;1
2020-07-16 14:35:04;1594935330.967241;2;-0.1735992431640625;-0.035125732421875;-0.9935760498046876;1
2020-07-16 14:35:04;1594935331.0075018;2;-0.1744232177734375;-0.0380859375;-0.992645263671875;1
2020-07-16 14:35:04;1594935331.0477211;2;-0.17498779296875;-0.0372314453125;-0.993133544921875;1
2020-07-16 14:35:04;1594935331.087904;2;-0.1755523681640625;-0.03704833984375;-0.9929046630859376;1
2020-07-16 14:35:04;1594935331.1284652;2;-0.1755828857421875;-0.04034423828125;-1.0021209716796875;1
2020-07-16 14:35:04;1594935331.1677706;2;-0.177490234375;-0.03924560546875;-0.9921722412109376;1
2020-07-16 14:35:04;1594935331.208115;2;-0.16558837890625;-0.034271240234375;-0.998565673828125;1
2020-07-16 14:35:04;1594935331.248118;2;-0.1838531494140625;-0.033599853515625;-0.9849700927734376;1
2020-07-16 14:35:04;1594935331.28827;2;-0.16778564453125;-0.0349884033203125;-0.995391845703125;1
2020-07-16 14:35:04;1594935331.3289778;2;-0.1630859375;-0.04205322265625;-1.0005645751953125;1
2020-07-16 14:35:04;1594935331.368617;2;-0.173187255859375;-0.0319671630859375;-0.988616943359375;1
2020-07-16 14:35:04;1594935331.4089642;2;-0.1803131103515625;-0.032989501953125;-0.9897308349609376;1
2020-07-16 14:35:04;1594935331.4494698;2;-0.1727752685546875;-0.033355712890625;-0.9953460693359376;1
2020-07-16 14:35:04;1594935331.4890711;2;-0.169464111328125;-0.03717041015625;-0.9975128173828124;1
2020-07-16 14:35:04;1594935331.529649;2;-0.17791748046875;-0.02874755859375;-0.9830474853515624;1
2020-07-16 14:35:04;1594935331.5692961;2;-0.161651611328125;-0.033447265625;-0.991180419921875;1
2020-07-16 14:35:04;1594935331.6096668;2;-0.1496734619140625;-0.04034423828125;-1.0019378662109375;1
2020-07-16 14:35:04;1594935331.6495779;2;-0.1621551513671875;-0.0330810546875;-0.995819091796875;1
2020-07-16 14:35:04;1594935331.690104;2;-0.1636962890625;-0.032257080078125;-0.996856689453125;1
2020-07-16 14:35:04;1594935331.7304714;2;-0.1617584228515625;-0.03369140625;-0.99676513671875;1
2020-07-16 14:35:04;1594935331.770086;2;-0.1732635498046875;-0.032135009765625;-1.0000457763671875;1
2020-07-16 14:35:04;1594935331.810206;2;-0.16241455078125;-0.0330963134765625;-1.001678466796875;1
2020-07-16 14:35:04;1594935331.8501961;2;-0.1614990234375;-0.0359344482421875;-0.99664306640625;1
2020-07-16 14:35:04;1594935331.894778;2;-0.1500244140625;-0.0326690673828125;-1.0418548583984375;1
2020-07-16 14:35:04;1594935331.9310741;2;-0.203277587890625;-0.0731048583984375;-0.8758544921875;1
2020-07-16 14:35:04;1594935331.9707491;2;-0.1847076416015625;-0.0774078369140625;-0.999755859375;1
2020-07-16 14:35:04;1594935332.010737;2;-0.1822052001953125;0.0097198486328125;-1.004425048828125;1
2020-07-16 14:35:04;1594935332.050864;2;-0.1581573486328125;-0.05877685546875;-0.990966796875;1
2020-07-16 14:35:04;1594935332.091422;2;-0.1628265380859375;-0.0482940673828125;-0.9936065673828124;1
2020-07-16 14:35:04;1594935332.1318948;2;-0.17010498046875;-0.0371246337890625;-0.989654541015625;1
2020-07-16 14:35:04;1594935332.1711988;2;-0.156951904296875;-0.034759521484375;-0.9935302734375;1
2020-07-16 14:35:04;1594935332.21155;2;-0.1677398681640625;-0.03826904296875;-0.9897003173828124;1
2020-07-16 14:35:04;1594935332.2515929;2;-0.160858154296875;-0.0387725830078125;-0.9971771240234376;1
2020-07-16 14:35:04;1594935332.2919114;2;-0.1758880615234375;-0.0366363525390625;-0.9881439208984376;1
2020-07-16 14:35:04;1594935332.3324454;2;-0.164581298828125;-0.0376739501953125;-0.99542236328125;1
2020-07-16 14:35:04;1594935332.372092;2;-0.1605072021484375;-0.0377044677734375;-1.0003814697265625;1
2020-07-16 14:35:04;1594935332.4121869;2;-0.1732635498046875;-0.0379180908203125;-0.986785888671875;1
2020-07-16 14:35:04;1594935332.452666;2;-0.16778564453125;-0.03826904296875;-0.9951019287109376;1
2020-07-16 14:35:04;1594935332.4926062;2;-0.166351318359375;-0.0366668701171875;-0.9945526123046876;1
2020-07-16 14:35:04;1594935332.533068;2;-0.1707611083984375;-0.0357513427734375;-0.991485595703125;1
2020-07-16 14:35:04;1594935332.572264;2;-0.1673583984375;-0.039825439453125;-1.00115966796875;1
2020-07-16 14:35:04;1594935332.6129901;2;-0.1642913818359375;-0.0402984619140625;-0.997283935546875;1
2020-07-16 14:35:04;1594935332.653219;2;-0.162750244140625;-0.038909912109375;-0.997528076171875;1
2020-07-16 14:35:04;1594935332.693408;2;-0.1761932373046875;-0.0353240966796875;-0.9868316650390624;1
2020-07-16 14:35:04;1594935332.736041;2;-0.1663970947265625;-0.034912109375;-0.996490478515625;1
2020-07-16 14:35:04;1594935332.7761161;2;-0.1749114990234375;-0.0340576171875;-0.992706298828125;1
2020-07-16 14:35:04;1594935332.8157148;2;-0.172607421875;-0.0379791259765625;-0.994415283203125;1
2020-07-16 14:35:04;1594935332.855514;2;-0.1727142333984375;-0.0363616943359375;-0.9959259033203124;1
2020-07-16 14:35:04;1594935332.895695;2;-0.1638336181640625;-0.037872314453125;-0.99835205078125;1
2020-07-16 14:35:04;1594935332.9346619;2;-0.17034912109375;-0.0400390625;-0.9954376220703124;1
2020-07-16 14:35:04;1594935332.974793;2;-0.164215087890625;-0.03717041015625;-0.99981689453125;1
2020-07-16 14:35:04;1594935333.015411;2;-0.157501220703125;0.073822021484375;-1.0562286376953125;1
2020-07-16 14:35:04;1594935333.055459;2;-0.2337493896484375;-0.1546478271484375;-0.9206695556640624;1
2020-07-16 14:35:04;1594935333.095396;2;-0.210906982421875;-0.0515899658203125;-0.95684814453125;1
2020-07-16 14:35:04;1594935333.135396;2;-0.1637725830078125;-0.020599365234375;-1.0645904541015625;1
2020-07-16 14:35:04;1594935333.175086;2;-0.185150146484375;-0.1034698486328125;-1.0091094970703125;1
2020-07-16 14:35:04;1594935333.214875;2;-0.1583404541015625;-0.0680084228515625;-1.0029754638671875;1
2020-07-16 14:35:04;1594935333.255008;2;-0.1717681884765625;-0.0456085205078125;-0.994598388671875;1
2020-07-16 14:35:04;1594935333.2951589;2;-0.1762542724609375;-0.0440216064453125;-0.9898834228515624;1
2020-07-16 14:35:04;1594935333.3368502;2;-0.1667633056640625;-0.04266357421875;-0.995452880859375;1
2020-07-16 14:35:04;1594935333.3756206;2;-0.1699371337890625;-0.04254150390625;-0.9962005615234376;1
2020-07-16 14:35:04;1594935333.415764;2;-0.1738128662109375;-0.0436859130859375;-0.9901885986328124;1
2020-07-16 14:35:04;1594935333.456074;2;-0.172393798828125;-0.045501708984375;-0.9941558837890624;1
2020-07-16 14:35:04;1594935333.4961581;2;-0.1764678955078125;-0.04083251953125;-0.98834228515625;1
2020-07-16 14:35:04;1594935333.536298;2;-0.1614837646484375;-0.0447998046875;-0.9970855712890624;1
2020-07-16 14:35:04;1594935333.5764852;2;-0.168304443359375;-0.041534423828125;-0.9962921142578124;1
2020-07-16 14:35:04;1594935333.616417;2;-0.1768035888671875;-0.0403900146484375;-0.990936279296875;1
2020-07-16 14:35:04;1594935333.656811;2;-0.153076171875;-0.0459136962890625;-0.997344970703125;1
2020-07-16 14:35:04;1594935333.696825;2;-0.1708984375;-0.039337158203125;-0.9865570068359376;1
2020-07-16 14:35:04;1594935333.736897;2;-0.1628875732421875;-0.0445404052734375;-0.9965972900390624;1
2020-07-16 14:35:04;1594935333.7771802;2;-0.15887451171875;-0.04345703125;-0.998992919921875;1
