2020-07-16 14:01:51;1594933311.760013;DeviceOrientation;0.1089019775390625;-0.2751617431640625;-0.963134765625;0
2020-07-16 14:01:51;1594933311.767126;0;0.049072265625;-0.1959991455078125;-0.900634765625;0
2020-07-16 14:01:51;1594933311.77393;0;-0.0201263427734375;-0.1812591552734375;-0.86322021484375;0
2020-07-16 14:01:51;1594933311.782203;0;0.078521728515625;-0.2136383056640625;-0.8734130859375;0
2020-07-16 14:01:51;1594933311.793663;0;-0.045867919921875;-0.1587677001953125;-0.9129638671875;0
2020-07-16 14:01:51;1594933311.7989411;0;0.044036865234375;-0.2482147216796875;-1.004486083984375;0
2020-07-16 14:01:51;1594933311.80752;0;0.1595916748046875;-0.2049560546875;-1.090728759765625;0
2020-07-16 14:01:51;1594933311.813844;0;0.0090484619140625;-0.1658477783203125;-1.181396484375;0
2020-07-16 14:01:51;1594933311.816348;0;0.29754638671875;-0.2178192138671875;-1.155303955078125;0
2020-07-16 14:01:51;1594933311.827579;0;0.1130218505859375;-0.1252288818359375;-1.0937347412109375;0
2020-07-16 14:01:51;1594933311.854954;0;0.43511962890625;-0.111175537109375;-1.342437744140625;0
2020-07-16 14:01:51;1594933311.895352;0;0.4130401611328125;-0.20562744140625;-1.0979766845703125;0
2020-07-16 14:01:51;1594933311.934849;0;0.2166900634765625;-0.024322509765625;-1.04412841796875;0
2020-07-16 14:01:51;1594933311.9751;0;0.4414520263671875;-0.1296844482421875;-0.82916259765625;0
2020-07-16 14:01:51;1594933312.01548;0;0.2572784423828125;0.0398101806640625;-0.66925048828125;0
2020-07-16 14:01:51;1594933312.0582352;0;-0.1204071044921875;0.00201416015625;-0.623291015625;0
2020-07-16 14:01:51;1594933312.096674;0;0.183074951171875;-0.2646484375;-0.545166015625;0
2020-07-16 14:01:51;1594933312.139055;0;0.0757598876953125;-0.192596435546875;-0.71728515625;0
2020-07-16 14:01:51;1594933312.176028;0;0.4221649169921875;-0.4892578125;-0.8069305419921875;0
2020-07-16 14:01:51;1594933312.2142959;0;0.453521728515625;-0.71502685546875;-0.7859954833984375;0
2020-07-16 14:01:51;1594933312.254116;0;0.4603271484375;-0.70196533203125;-0.7319183349609375;0
2020-07-16 14:01:51;1594933312.29431;0;0.6732177734375;-0.5294342041015625;-0.626495361328125;0
2020-07-16 14:01:51;1594933312.335089;0;1.2215118408203125;-0.728240966796875;-0.61285400390625;0
2020-07-16 14:01:51;1594933312.3751678;0;0.6207427978515625;-1.097442626953125;-0.506683349609375;0
2020-07-16 14:01:51;1594933312.416162;0;1.1624298095703125;-1.1742401123046875;-1.135986328125;0
2020-07-16 14:01:51;1594933312.456099;0;1.911651611328125;-1.4487152099609375;-1.3250885009765625;0
2020-07-16 14:01:51;1594933312.500109;0;1.2952423095703125;-0.887939453125;-1.0355224609375;0
2020-07-16 14:01:51;1594933312.540246;0;1.145172119140625;-0.2591705322265625;-1.2477264404296875;0
2020-07-16 14:01:51;1594933312.5789971;0;0.3749542236328125;0.018402099609375;-0.877410888671875;0
2020-07-16 14:01:51;1594933312.620599;0;-0.1292572021484375;0.34381103515625;-0.3873291015625;0
2020-07-16 14:01:51;1594933312.659532;0;-0.3233489990234375;0.9053802490234375;-0.4061126708984375;0
2020-07-16 14:01:51;1594933312.698756;0;-0.2156524658203125;0.6046142578125;-0.3021240234375;0
2020-07-16 14:01:51;1594933312.737914;0;-0.0268707275390625;0.406036376953125;-0.3306427001953125;0
2020-07-16 14:01:51;1594933312.782634;0;0.737335205078125;0.0882568359375;-0.8751220703125;0
2020-07-16 14:01:51;1594933312.815847;0;1.5373687744140625;-0.3575286865234375;-1.533111572265625;0
2020-07-16 14:01:51;1594933312.858865;0;2.147003173828125;-1.366363525390625;-1.5324859619140625;0
2020-07-16 14:01:51;1594933312.8978438;0;1.8572540283203125;-1.5152130126953125;-1.06488037109375;0
2020-07-16 14:01:51;1594933312.94097;0;1.1026458740234375;-1.067535400390625;-0.816558837890625;0
2020-07-16 14:01:51;1594933312.977773;0;0.61553955078125;-0.8753814697265625;-0.085418701171875;0
2020-07-16 14:01:51;1594933313.019106;0;-0.1889801025390625;-0.711578369140625;0.4857635498046875;0
2020-07-16 14:01:51;1594933313.057846;0;-0.4946136474609375;-0.450286865234375;0.658538818359375;0
2020-07-16 14:01:51;1594933313.09748;0;-0.1219024658203125;-0.3926239013671875;0.3170013427734375;0
2020-07-16 14:01:51;1594933313.1390119;0;0.209228515625;-0.600738525390625;-0.0930023193359375;0
2020-07-16 14:01:51;1594933313.181392;0;1.267669677734375;-1.115081787109375;-0.804229736328125;0
2020-07-16 14:01:51;1594933313.215523;0;2.1901702880859375;-2.02984619140625;-1.8648834228515625;0
2020-07-16 14:01:51;1594933313.258764;0;1.6828765869140625;-1.6445159912109375;-1.48101806640625;0
2020-07-16 14:01:51;1594933313.2980971;0;0.922149658203125;-0.6620635986328125;-1.2834320068359375;0
2020-07-16 14:01:51;1594933313.3395529;0;0.0198516845703125;0.053863525390625;-0.87042236328125;0
2020-07-16 14:01:51;1594933313.382307;0;-0.0432586669921875;0.292083740234375;-0.543792724609375;0
2020-07-16 14:01:51;1594933313.417297;0;-0.2770538330078125;0.56829833984375;-0.09869384765625;0
2020-07-16 14:01:51;1594933313.456789;0;-0.332916259765625;0.640655517578125;-0.0824127197265625;0
2020-07-16 14:01:51;1594933313.497042;0;-0.18310546875;0.48291015625;-0.24737548828125;0
2020-07-16 14:01:51;1594933313.5368571;0;-0.1189117431640625;0.4414215087890625;-0.5909576416015625;0
2020-07-16 14:01:51;1594933313.580151;0;0.975738525390625;0.134490966796875;-1.4471282958984375;0
2020-07-16 14:01:51;1594933313.618377;0;2.0662994384765625;-0.8444671630859375;-1.712432861328125;0
2020-07-16 14:01:51;1594933313.659965;0;2.2490386962890625;-2.008514404296875;-1.4625244140625;0
2020-07-16 14:01:51;1594933313.69648;0;1.6410675048828125;-1.79278564453125;-1.042694091796875;0
2020-07-16 14:01:51;1594933313.734151;0;0.4403839111328125;-1.22698974609375;-0.316375732421875;0
2020-07-16 14:01:51;1594933313.775504;0;-0.075927734375;-0.944610595703125;0.1818695068359375;0
2020-07-16 14:01:51;1594933313.816636;0;-0.5047760009765625;-0.477691650390625;0.5173187255859375;0
2020-07-16 14:01:51;1594933313.856687;0;-0.27581787109375;-0.305999755859375;0.59454345703125;0
2020-07-16 14:01:51;1594933313.897087;0;-0.0574951171875;-0.289794921875;0.263946533203125;0
2020-07-16 14:01:51;1594933313.938237;0;0.1149139404296875;-0.54205322265625;-0.0991973876953125;0
2020-07-16 14:01:51;1594933313.974431;0;1.8854827880859375;-0.9490814208984375;-1.15521240234375;0
2020-07-16 14:01:51;1594933314.014955;0;2.32757568359375;-2.1767425537109375;-1.456024169921875;0
2020-07-16 14:01:51;1594933314.054325;0;1.864288330078125;-1.024749755859375;-1.5998992919921875;0
2020-07-16 14:01:51;1594933314.093647;0;0.8733978271484375;-0.445709228515625;-1.194244384765625;0
2020-07-16 14:01:51;1594933314.1376681;0;0.1958465576171875;0.05426025390625;-0.6475067138671875;0
2020-07-16 14:01:51;1594933314.177577;0;-0.1802825927734375;0.2459869384765625;-0.353363037109375;0
2020-07-16 14:01:51;1594933314.21703;0;-0.4852142333984375;0.729278564453125;-0.1013946533203125;0
2020-07-16 14:01:51;1594933314.253968;0;-0.4771728515625;1.0486602783203125;-0.1880340576171875;0
2020-07-16 14:01:51;1594933314.293974;0;-0.2901611328125;0.6695098876953125;-0.1776885986328125;0
2020-07-16 14:01:51;1594933314.33702;0;-0.00653076171875;0.6467742919921875;-0.5343780517578125;0
2020-07-16 14:01:51;1594933314.3739781;0;2.205780029296875;0.123443603515625;-1.849365234375;0
2020-07-16 14:01:51;1594933314.408926;0;2.96923828125;-1.0357666015625;-2.2030487060546875;0
2020-07-16 14:01:51;1594933314.453891;0;2.7341766357421875;-2.109649658203125;-1.287750244140625;0
2020-07-16 14:01:51;1594933314.492875;0;1.5098876953125;-1.49127197265625;-0.60516357421875;0
2020-07-16 14:01:51;1594933314.5325232;0;0.41473388671875;-1.215301513671875;0.0281829833984375;0
2020-07-16 14:01:51;1594933314.574642;0;-0.454681396484375;-0.6473846435546875;-0.0101165771484375;0
2020-07-16 14:01:51;1594933314.61513;0;-0.473480224609375;-0.412017822265625;0.568359375;0
2020-07-16 14:01:51;1594933314.6542091;0;-0.3932647705078125;-0.4166717529296875;0.5719451904296875;0
2020-07-16 14:01:51;1594933314.6947389;0;-0.2037811279296875;-0.4753875732421875;0.2371368408203125;0
2020-07-16 14:01:51;1594933314.735085;0;0.29644775390625;-0.8647003173828125;-0.391998291015625;0
2020-07-16 14:01:51;1594933314.777215;0;4.0500030517578125;-2.115753173828125;-1.11572265625;0
2020-07-16 14:01:51;1594933314.818095;0;2.7876434326171875;-1.056976318359375;-1.3279571533203125;0
2020-07-16 14:01:51;1594933314.853764;0;1.783905029296875;-0.366302490234375;-1.1545867919921875;0
2020-07-16 14:01:51;1594933314.89453;0;0.6510772705078125;-0.012054443359375;-0.652099609375;0
2020-07-16 14:01:51;1594933314.933697;0;0.1068878173828125;0.205657958984375;-0.27691650390625;0
2020-07-16 14:01:51;1594933314.974214;0;-0.5905609130859375;0.389129638671875;0.1326904296875;0
2020-07-16 14:01:51;1594933315.0147328;0;-0.5696258544921875;1.13751220703125;-0.5904693603515625;0
2020-07-16 14:01:51;1594933315.053834;0;0.406463623046875;0.94842529296875;-0.68389892578125;0
2020-07-16 14:01:51;1594933315.0911589;0;0.0189971923828125;0.59039306640625;-0.4815216064453125;0
2020-07-16 14:01:51;1594933315.1304832;0;1.7635345458984375;0.43035888671875;-1.0818634033203125;0
2020-07-16 14:01:51;1594933315.171969;0;2.976654052734375;-0.5297088623046875;-1.46905517578125;0
2020-07-16 14:01:51;1594933315.210741;0;2.8466949462890625;-1.7891082763671875;-0.745330810546875;0
2020-07-16 14:01:51;1594933315.250996;0;1.4794769287109375;-0.9995269775390625;-0.49810791015625;0
2020-07-16 14:01:51;1594933315.2908912;0;1.0249481201171875;-0.6375885009765625;-0.3931427001953125;0
2020-07-16 14:01:51;1594933315.331501;0;0.1853485107421875;-0.9142608642578125;-0.0198822021484375;0
2020-07-16 14:01:51;1594933315.371159;0;-0.4729156494140625;-0.8125457763671875;0.5970611572265625;0
2020-07-16 14:01:51;1594933315.41155;0;-0.6384124755859375;-0.6736907958984375;0.706329345703125;0
2020-07-16 14:01:51;1594933315.451941;0;-0.1117401123046875;-0.7918853759765625;0.2284393310546875;0
2020-07-16 14:01:51;1594933315.492207;0;0.5499420166015625;-0.8995819091796875;-0.0306396484375;0
2020-07-16 14:01:51;1594933315.531553;0;3.2611083984375;-1.414703369140625;-0.633758544921875;0
2020-07-16 14:01:51;1594933315.573854;0;2.5920257568359375;-1.2613983154296875;-1.2809295654296875;0
2020-07-16 14:01:51;1594933315.612711;0;2.2859649658203125;-0.76165771484375;-1.0915679931640625;0
2020-07-16 14:01:51;1594933315.6531491;0;1.013336181640625;-0.1347503662109375;-0.7569580078125;0
2020-07-16 14:01:51;1594933315.695627;0;0.4662933349609375;0.151153564453125;-0.472991943359375;0
2020-07-16 14:01:51;1594933315.735969;0;-0.367584228515625;0.425323486328125;-0.0860137939453125;0
2020-07-16 14:01:51;1594933315.7797852;0;-0.7523193359375;1.27264404296875;-0.3494873046875;0
2020-07-16 14:01:51;1594933315.811513;0;-0.0333404541015625;0.8605194091796875;-0.644989013671875;0
2020-07-16 14:01:51;1594933315.851503;0;0.2565765380859375;0.5575103759765625;-0.7265472412109375;0
2020-07-16 14:01:51;1594933315.8928108;0;0.7248077392578125;0.47021484375;-0.7506561279296875;0
2020-07-16 14:01:51;1594933315.9324322;0;2.6870574951171875;-0.302947998046875;-0.971710205078125;0
2020-07-16 14:01:51;1594933315.9734058;0;2.3105316162109375;-1.511322021484375;-0.7070770263671875;0
2020-07-16 14:01:51;1594933316.014508;0;2.0048675537109375;-1.8378753662109375;-0.697174072265625;0
2020-07-16 14:01:51;1594933316.0540009;0;1.3009796142578125;-1.218780517578125;-0.99322509765625;0
2020-07-16 14:01:51;1594933316.093936;0;0.786834716796875;-0.95684814453125;-0.3139495849609375;0
2020-07-16 14:01:51;1594933316.1335979;0;0.2573699951171875;-0.6675262451171875;0.316986083984375;0
2020-07-16 14:01:51;1594933316.171741;0;-0.3711700439453125;-0.5023651123046875;0.5307769775390625;0
2020-07-16 14:01:51;1594933316.210956;0;-0.4644622802734375;-0.0957489013671875;0.502197265625;0
2020-07-16 14:01:51;1594933316.250414;0;-0.217529296875;-0.0491790771484375;0.132354736328125;0
2020-07-16 14:01:51;1594933316.290144;0;0.175201416015625;-0.5282135009765625;-0.382568359375;0
2020-07-16 14:01:51;1594933316.330422;0;1.9625244140625;-1.2559814453125;-0.252197265625;0
2020-07-16 14:01:51;1594933316.369265;0;3.48577880859375;-1.857391357421875;-0.5355072021484375;0
2020-07-16 14:01:51;1594933316.409333;0;2.14984130859375;-0.810791015625;-0.4915771484375;0
2020-07-16 14:01:51;1594933316.449767;0;1.3282318115234375;-0.336334228515625;-0.378814697265625;0
2020-07-16 14:01:51;1594933316.490097;0;0.60382080078125;0.0667266845703125;-0.2099761962890625;0
2020-07-16 14:01:51;1594933316.5297031;0;0.0089874267578125;0.2530975341796875;-0.259246826171875;0
2020-07-16 14:01:51;1594933316.569903;0;-0.516143798828125;0.6682281494140625;-0.1640472412109375;0
2020-07-16 14:01:51;1594933316.60918;0;-0.431884765625;0.938751220703125;-0.264892578125;0
2020-07-16 14:01:51;1594933316.649461;0;-0.097900390625;0.7252044677734375;-0.2940521240234375;0
2020-07-16 14:01:51;1594933316.690047;0;0.46575927734375;0.713958740234375;-0.3387908935546875;0
2020-07-16 14:01:51;1594933316.7305741;0;2.935791015625;0.4218902587890625;-1.2183837890625;0
2020-07-16 14:01:51;1594933316.775168;0;2.7956695556640625;-0.4295654296875;-1.017242431640625;0
2020-07-16 14:01:51;1594933316.81183;0;2.6526031494140625;-1.4794464111328125;-0.46392822265625;0
2020-07-16 14:01:51;1594933316.8545141;0;1.52764892578125;-0.8438720703125;-0.686553955078125;0
2020-07-16 14:01:51;1594933316.894707;0;0.7409515380859375;-1.1728973388671875;-0.3982391357421875;0
2020-07-16 14:01:51;1594933316.9342098;0;0.019866943359375;-1.169830322265625;-0.20849609375;0
2020-07-16 14:01:51;1594933316.972447;0;-0.8015289306640625;-0.86065673828125;0.3245086669921875;0
2020-07-16 14:01:51;1594933317.013843;0;-0.5657501220703125;-0.5809478759765625;0.399322509765625;0
2020-07-16 14:01:51;1594933317.054378;0;-0.004791259765625;-0.482391357421875;0.11505126953125;0
2020-07-16 14:01:51;1594933317.093564;0;1.184478759765625;-0.5903472900390625;0.026397705078125;0
2020-07-16 14:01:51;1594933317.1352072;0;3.300689697265625;-0.6224822998046875;0.132568359375;0
2020-07-16 14:01:51;1594933317.178135;0;3.0214080810546875;-1.09088134765625;-1.228424072265625;0
2020-07-16 14:01:51;1594933317.211597;0;2.1378936767578125;0.19232177734375;-1.0107574462890625;0
2020-07-16 14:01:51;1594933317.2529922;0;1.0248870849609375;-0.0974578857421875;-0.8086090087890625;0
2020-07-16 14:01:51;1594933317.2934132;0;0.086761474609375;0.010284423828125;-0.7805938720703125;0
2020-07-16 14:01:51;1594933317.3352442;0;-0.2309722900390625;0.2408905029296875;-0.7493896484375;0
2020-07-16 14:01:51;1594933317.374973;0;-0.2891693115234375;0.4914398193359375;-0.5256805419921875;0
2020-07-16 14:01:51;1594933317.412509;0;-0.5013885498046875;0.8938140869140625;-0.203887939453125;0
2020-07-16 14:01:51;1594933317.456435;0;-0.291900634765625;0.98236083984375;0.1354217529296875;0
2020-07-16 14:01:51;1594933317.4929628;0;0.65692138671875;0.818511962890625;-0.062255859375;0
2020-07-16 14:01:51;1594933317.5330238;0;3.97015380859375;0.079376220703125;-1.024505615234375;0
2020-07-16 14:01:51;1594933317.574264;0;3.37066650390625;-1.095703125;-0.744598388671875;0
2020-07-16 14:01:51;1594933317.6098719;0;2.7293243408203125;-1.630828857421875;-0.5962982177734375;0
2020-07-16 14:01:51;1594933317.653934;0;1.00042724609375;-0.8834075927734375;-0.40325927734375;0
2020-07-16 14:01:51;1594933317.692892;0;0.4017181396484375;-0.7613525390625;0.009674072265625;0
2020-07-16 14:01:51;1594933317.732987;0;-0.6848297119140625;-0.7677764892578125;0.1660614013671875;0
2020-07-16 14:01:51;1594933317.774259;0;-0.5699462890625;-0.4673309326171875;0.35211181640625;0
2020-07-16 14:01:51;1594933317.811778;0;-0.0305328369140625;-0.6695404052734375;0.358795166015625;0
2020-07-16 14:01:51;1594933317.8529959;0;0.0428924560546875;-0.7147064208984375;0.202850341796875;0
2020-07-16 14:01:51;1594933317.8931851;0;1.2561798095703125;-1.05816650390625;-0.43109130859375;0
2020-07-16 14:01:51;1594933317.9327722;0;3.974945068359375;-1.5847930908203125;-1.3664398193359375;0
2020-07-16 14:01:51;1594933317.974434;0;2.360626220703125;-2.0423583984375;-1.6368408203125;0
2020-07-16 14:01:51;1594933318.0142012;0;1.199188232421875;-0.1732025146484375;-1.421051025390625;0
2020-07-16 14:01:51;1594933318.0544748;0;0.530792236328125;0.3958892822265625;-0.2817535400390625;0
2020-07-16 14:01:51;1594933318.094084;0;-0.088897705078125;0.7702178955078125;-0.202423095703125;0
2020-07-16 14:01:51;1594933318.133399;0;-0.20947265625;0.94744873046875;-0.2982940673828125;0
2020-07-16 14:01:51;1594933318.172783;0;-0.5108184814453125;1.2637481689453125;-0.317718505859375;0
2020-07-16 14:01:51;1594933318.2120261;0;-0.688690185546875;1.241180419921875;-0.1373291015625;0
2020-07-16 14:01:51;1594933318.252499;0;0.0283050537109375;1.0248260498046875;-0.3856048583984375;0
2020-07-16 14:01:51;1594933318.292194;0;1.96661376953125;0.6567535400390625;-1.1789093017578125;0
2020-07-16 14:01:51;1594933318.3304582;0;3.8703155517578125;-0.1096954345703125;-1.3687591552734375;0
2020-07-16 14:01:51;1594933318.374096;0;4.3804168701171875;-2.5166778564453125;-1.397857666015625;0
2020-07-16 14:01:51;1594933318.412555;0;2.2430419921875;-2.2902069091796875;-0.1842803955078125;0
2020-07-16 14:01:51;1594933318.4556808;0;0.2881011962890625;-1.5807952880859375;0.362701416015625;0
2020-07-16 14:01:51;1594933318.492185;0;0.0776519775390625;-0.946929931640625;0.302459716796875;0
2020-07-16 14:01:51;1594933318.5383391;0;-0.5777435302734375;-1.0575103759765625;0.16400146484375;0
2020-07-16 14:01:51;1594933318.572581;0;-0.5907440185546875;-0.7206268310546875;0.4647674560546875;0
2020-07-16 14:01:51;1594933318.61233;0;-0.310455322265625;-0.625457763671875;0.7198333740234375;0
2020-07-16 14:01:51;1594933318.652691;0;0.0995330810546875;-0.6830596923828125;0.36846923828125;0
2020-07-16 14:01:51;1594933318.692505;0;0.64642333984375;-0.795684814453125;0.05194091796875;0
2020-07-16 14:01:51;1594933318.731017;0;3.646575927734375;-2.2795562744140625;-0.856842041015625;0
2020-07-16 14:01:51;1594933318.775729;0;4.6271820068359375;-1.8306732177734375;-1.40155029296875;0
2020-07-16 14:01:51;1594933318.81009;0;2.428863525390625;-0.1025543212890625;-1.38232421875;0
2020-07-16 14:01:51;1594933318.849266;0;0.3723602294921875;0.3271331787109375;-0.39251708984375;0
2020-07-16 14:01:51;1594933318.889761;0;-0.246002197265625;0.1996612548828125;-0.2788848876953125;0
2020-07-16 14:01:51;1594933318.927758;0;-0.41302490234375;0.69415283203125;-0.37908935546875;0
2020-07-16 14:01:51;1594933318.968144;0;-0.351104736328125;1.23944091796875;-0.4937896728515625;0
2020-07-16 14:01:51;1594933319.010232;0;-0.4797210693359375;0.894744873046875;-0.3636322021484375;0
2020-07-16 14:01:51;1594933319.049521;0;-0.2227325439453125;0.741455078125;-0.579864501953125;0
2020-07-16 14:01:51;1594933319.090403;0;0.8756866455078125;0.495330810546875;-1.4387054443359375;0
2020-07-16 14:01:51;1594933319.1309772;0;3.060516357421875;0.0162506103515625;-2.15899658203125;0
2020-07-16 14:01:51;1594933319.17188;0;2.7750091552734375;-1.9936676025390625;-1.47906494140625;0
2020-07-16 14:01:51;1594933319.2113528;0;0.4874114990234375;-2.4539794921875;-0.3811492919921875;0
2020-07-16 14:01:51;1594933319.252173;0;-0.0977783203125;-1.0335235595703125;-0.1582489013671875;0
2020-07-16 14:01:51;1594933319.292005;0;0.172119140625;-0.47796630859375;-0.6472930908203125;0
2020-07-16 14:01:51;1594933319.332592;0;0.3325042724609375;-0.3611297607421875;0.250701904296875;0
2020-07-16 14:01:51;1594933319.371041;0;-0.0715484619140625;-0.495025634765625;0.441009521484375;0
2020-07-16 14:01:51;1594933319.4105392;0;0.17193603515625;-0.6275177001953125;0.4457855224609375;0
2020-07-16 14:01:51;1594933319.4476671;0;0.2010345458984375;-0.8623504638671875;0.21063232421875;0
2020-07-16 14:01:51;1594933319.491345;0;0.2865447998046875;-1.09515380859375;0.055511474609375;0
2020-07-16 14:01:51;1594933319.5306501;0;3.63922119140625;-2.0380859375;-1.7755584716796875;0
2020-07-16 14:01:51;1594933319.571388;0;2.1981658935546875;-1.908355712890625;-1.762725830078125;0
2020-07-16 14:01:51;1594933319.611689;0;1.26690673828125;-0.878997802734375;-1.17022705078125;0
2020-07-16 14:01:51;1594933319.65185;0;0.6182861328125;0.163360595703125;-0.99517822265625;0
2020-07-16 14:01:51;1594933319.6881819;0;0.017120361328125;0.4515228271484375;-0.3895111083984375;0
2020-07-16 14:01:51;1594933319.730926;0;-0.44561767578125;0.596343994140625;-0.3138427734375;0
2020-07-16 14:01:51;1594933319.770697;0;-0.49810791015625;1.214141845703125;-0.3267822265625;0
2020-07-16 14:01:51;1594933319.8105989;0;-0.3007049560546875;0.869140625;-0.307464599609375;0
2020-07-16 14:01:51;1594933319.850256;0;0.18182373046875;0.643829345703125;-0.775421142578125;0
2020-07-16 14:01:51;1594933319.883024;0;1.4009552001953125;0.5067596435546875;-1.726715087890625;0
2020-07-16 14:01:51;1594933319.928557;0;2.17376708984375;-0.454193115234375;-2.201995849609375;0
2020-07-16 14:01:51;1594933319.969152;0;2.8030548095703125;-2.456939697265625;-2.2530517578125;0
2020-07-16 14:01:51;1594933320.007687;0;1.6439361572265625;-2.4336700439453125;-0.409698486328125;0
2020-07-16 14:01:51;1594933320.0458941;0;0.3074188232421875;-1.3934783935546875;-0.1945343017578125;0
2020-07-16 14:01:51;1594933320.0866199;0;0.18792724609375;-0.7666015625;-0.05059814453125;0
2020-07-16 14:01:51;1594933320.126642;0;-0.286468505859375;-0.7907562255859375;0.5569000244140625;0
2020-07-16 14:01:51;1594933320.167231;0;-0.161956787109375;-0.547027587890625;0.8306732177734375;0
2020-07-16 14:01:51;1594933320.207483;0;0.1255645751953125;-0.3154296875;0.49786376953125;0
2020-07-16 14:01:51;1594933320.2468371;0;0.2068023681640625;-0.6312408447265625;0.168670654296875;0
2020-07-16 14:01:51;1594933320.290656;0;0.291290283203125;-1.01458740234375;-0.16485595703125;0
2020-07-16 14:01:51;1594933320.329355;0;3.3800811767578125;-2.642913818359375;-2.7083740234375;0
2020-07-16 14:01:51;1594933320.36895;0;2.4701080322265625;-2.46624755859375;-1.913909912109375;0
2020-07-16 14:01:51;1594933320.4114609;0;0.6643524169921875;-0.852203369140625;-0.9174346923828125;0
2020-07-16 14:01:51;1594933320.4509192;0;0.407440185546875;0.077117919921875;-1.12237548828125;0
2020-07-16 14:01:51;1594933320.489699;0;-0.0726470947265625;0.7668914794921875;-0.2035064697265625;0
2020-07-16 14:01:51;1594933320.5297852;0;-0.4717254638671875;1.1698760986328125;-0.1871185302734375;0
2020-07-16 14:01:51;1594933320.567178;0;-0.1856231689453125;0.983489990234375;-0.3692626953125;0
2020-07-16 14:01:51;1594933320.6069121;0;-0.3070068359375;0.5105133056640625;-0.30255126953125;0
2020-07-16 14:01:51;1594933320.6461859;0;0.2992401123046875;0.4382171630859375;-0.5420379638671875;0
2020-07-16 14:01:51;1594933320.684929;0;1.69317626953125;0.2065887451171875;-1.2342376708984375;0
2020-07-16 14:01:51;1594933320.725173;0;3.3093109130859375;-0.6964569091796875;-1.8332061767578125;0
2020-07-16 14:01:51;1594933320.7651582;0;2.5940093994140625;-1.973114013671875;-1.6923828125;0
2020-07-16 14:01:51;1594933320.804404;0;1.6175079345703125;-2.5807342529296875;-0.064727783203125;0
2020-07-16 14:01:51;1594933320.844499;0;-0.00897216796875;-1.49017333984375;-0.0628204345703125;0
2020-07-16 14:01:51;1594933320.884618;0;-0.2555999755859375;-0.8570556640625;0.3688507080078125;0
2020-07-16 14:01:51;1594933320.9247031;0;-0.4501953125;-0.7991790771484375;0.349151611328125;0
2020-07-16 14:01:51;1594933320.964392;0;-0.463714599609375;-0.3852386474609375;0.9802703857421875;0
2020-07-16 14:01:51;1594933321.005677;0;-0.19921875;-0.3184967041015625;0.5322723388671875;0
2020-07-16 14:01:51;1594933321.046565;0;-0.1421966552734375;-0.764404296875;0.119293212890625;0
2020-07-16 14:01:51;1594933321.08694;0;0.919891357421875;-1.17010498046875;-0.791778564453125;0
2020-07-16 14:01:51;1594933321.127173;0;3.8430633544921875;-1.68084716796875;-1.01019287109375;0
2020-07-16 14:01:51;1594933321.1671538;0;2.5639801025390625;-0.93341064453125;-1.0605926513671875;0
2020-07-16 14:01:51;1594933321.209285;0;1.5771026611328125;0.1329193115234375;-1.29864501953125;0
2020-07-16 14:01:51;1594933321.2492518;0;0.416748046875;0.30438232421875;-0.509429931640625;0
2020-07-16 14:01:51;1594933321.289182;0;-0.132598876953125;0.272064208984375;-0.54022216796875;0
2020-07-16 14:01:51;1594933321.328135;0;-0.24603271484375;0.6195831298828125;-0.3756256103515625;0
2020-07-16 14:01:51;1594933321.367532;0;-0.470977783203125;1.3558807373046875;-0.37933349609375;0
2020-07-16 14:01:51;1594933321.405133;0;-0.1922149658203125;1.0615692138671875;-0.5160980224609375;0
2020-07-16 14:01:51;1594933321.447977;0;0.151702880859375;0.7930145263671875;-0.5738372802734375;0
2020-07-16 14:01:51;1594933321.489445;0;2.879608154296875;0.28045654296875;-1.5148468017578125;0
2020-07-16 14:01:51;1594933321.528199;0;3.2528228759765625;-0.9141693115234375;-1.7887115478515625;0
2020-07-16 14:01:51;1594933321.56605;0;3.0767364501953125;-2.0396728515625;-0.90789794921875;0
2020-07-16 14:01:51;1594933321.609272;0;1.3063507080078125;-1.547088623046875;-0.1937103271484375;0
2020-07-16 14:01:51;1594933321.647386;0;0.788482666015625;-0.7772369384765625;-0.271575927734375;0
2020-07-16 14:01:51;1594933321.687388;0;-0.21759033203125;-0.6262969970703125;0.0500640869140625;0
2020-07-16 14:01:51;1594933321.726613;0;-0.4755401611328125;-0.5975189208984375;0.8892669677734375;0
2020-07-16 14:01:51;1594933321.766735;0;-0.506103515625;-0.2778778076171875;0.7230682373046875;0
2020-07-16 14:01:51;1594933321.80562;0;0.06536865234375;-0.21221923828125;0.3685760498046875;0
2020-07-16 14:01:51;1594933321.847673;0;0.40740966796875;-0.77581787109375;-0.139801025390625;0
2020-07-16 14:01:51;1594933321.886821;0;1.002532958984375;-0.79718017578125;-1.3277740478515625;0
2020-07-16 14:01:51;1594933321.929066;0;2.187835693359375;-2.3492431640625;-1.736541748046875;0
2020-07-16 14:01:51;1594933321.96493;0;2.192596435546875;-1.8250579833984375;-2.03851318359375;0
2020-07-16 14:01:51;1594933322.0061731;0;0.55072021484375;-0.8663330078125;-1.6273651123046875;0
2020-07-16 14:01:51;1594933322.0455809;0;-0.0875701904296875;-0.336883544921875;-0.84808349609375;0
2020-07-16 14:01:51;1594933322.088521;0;-0.5455322265625;0.22125244140625;-0.6160736083984375;0
2020-07-16 14:01:51;1594933322.128079;0;-0.428955078125;1.01580810546875;-0.5813751220703125;0
2020-07-16 14:01:51;1594933322.167794;0;-0.433624267578125;1.206634521484375;-0.4456787109375;0
2020-07-16 14:01:51;1594933322.206428;0;-0.038482666015625;0.6834259033203125;-0.26947021484375;0
2020-07-16 14:01:51;1594933322.244488;0;0.2419281005859375;0.5966949462890625;-0.64532470703125;0
2020-07-16 14:01:51;1594933322.286755;0;2.73236083984375;0.2735748291015625;-1.9342041015625;0
2020-07-16 14:01:51;1594933322.3287349;0;2.7212371826171875;-1.43634033203125;-2.415679931640625;0
2020-07-16 14:01:51;1594933322.3672528;0;1.478790283203125;-2.213287353515625;-0.713531494140625;0
2020-07-16 14:01:51;1594933322.406071;0;0.2978973388671875;-1.0251617431640625;-1.0733184814453125;0
2020-07-16 14:01:51;1594933322.44667;0;0.4326171875;-0.7581329345703125;-0.8705291748046875;0
2020-07-16 14:01:51;1594933322.484747;0;-0.5063629150390625;-0.7515106201171875;-0.2443084716796875;0
2020-07-16 14:01:51;1594933322.525257;0;-0.964813232421875;-0.9036865234375;0.7218170166015625;0
2020-07-16 14:01:51;1594933322.567359;0;-0.6874847412109375;-0.3943328857421875;0.449188232421875;0
2020-07-16 14:01:51;1594933322.6068258;0;-0.103302001953125;-0.3542938232421875;0.0522613525390625;0
2020-07-16 14:01:51;1594933322.6473951;0;1.9531402587890625;-1.2363739013671875;-0.65289306640625;0
2020-07-16 14:01:51;1594933322.6859422;0;2.1224365234375;-1.9241790771484375;-1.4030303955078125;0
2020-07-16 14:01:51;1594933322.724839;0;2.38690185546875;-2.007476806640625;-1.7839508056640625;0
2020-07-16 14:01:51;1594933322.76777;0;0.9902496337890625;-0.957855224609375;-1.316192626953125;0
2020-07-16 14:01:51;1594933322.808456;0;0.5743865966796875;-0.2147674560546875;-1.20538330078125;0
2020-07-16 14:01:51;1594933322.847063;0;-0.071044921875;0.243194580078125;-0.807342529296875;0
2020-07-16 14:01:51;1594933322.886119;0;-0.25933837890625;0.6786041259765625;-1.023284912109375;0
2020-07-16 14:01:51;1594933322.9250798;0;-0.2622222900390625;0.9036407470703125;-0.7242889404296875;0
2020-07-16 14:01:51;1594933322.9653702;0;-0.3572998046875;0.874176025390625;-0.240447998046875;0
2020-07-16 14:01:51;1594933323.006536;0;-0.4709320068359375;0.7843475341796875;0.1576385498046875;0
2020-07-16 14:01:51;1594933323.0453339;0;0.4403076171875;0.779083251953125;-0.791046142578125;0
2020-07-16 14:01:51;1594933323.08643;0;3.396270751953125;-0.3462677001953125;-2.05181884765625;0
2020-07-16 14:01:51;1594933323.126514;0;3.265045166015625;-2.257293701171875;-1.8722076416015625;0
2020-07-16 14:01:51;1594933323.16714;0;2.0066375732421875;-2.06439208984375;-1.082183837890625;0
2020-07-16 14:01:51;1594933323.2068949;0;0.9031219482421875;-1.6210784912109375;-0.744964599609375;0
2020-07-16 14:01:51;1594933323.246253;0;0.11260986328125;-1.210174560546875;-0.1892852783203125;0
2020-07-16 14:01:51;1594933323.283849;0;-0.706573486328125;-1.0550689697265625;0.5102081298828125;0
2020-07-16 14:01:51;1594933323.327258;0;-0.4918670654296875;-1.025482177734375;0.8077850341796875;0
2020-07-16 14:01:51;1594933323.370296;0;-0.220428466796875;-0.725250244140625;0.66131591796875;0
2020-07-16 14:01:51;1594933323.405501;0;0.160186767578125;-0.494720458984375;0.1542816162109375;0
2020-07-16 14:01:51;1594933323.4464521;0;0.8085479736328125;-0.480560302734375;-0.8629150390625;0
2020-07-16 14:01:51;1594933323.487386;0;2.3871307373046875;-1.5597381591796875;-2.2243499755859375;0
2020-07-16 14:01:51;1594933323.5264401;0;2.26123046875;-1.4935455322265625;-2.219757080078125;0
2020-07-16 14:01:51;1594933323.565162;0;0.684661865234375;-0.579559326171875;-1.32122802734375;0
2020-07-16 14:01:51;1594933323.604974;0;0.3668212890625;-0.084930419921875;-0.91552734375;0
2020-07-16 14:01:51;1594933323.646636;0;0.0062255859375;0.0649261474609375;-0.478790283203125;0
2020-07-16 14:01:51;1594933323.686283;0;-0.4846038818359375;0.2346343994140625;0.104949951171875;0
2020-07-16 14:01:51;1594933323.7271981;0;-0.22015380859375;1.455596923828125;-0.0805816650390625;0
2020-07-16 14:01:51;1594933323.763832;0;0.02301025390625;1.5203399658203125;-0.7544403076171875;0
2020-07-16 14:01:51;1594933323.8028111;0;0.1248321533203125;0.9282379150390625;-0.7819671630859375;0
2020-07-16 14:01:51;1594933323.8436441;0;1.3704833984375;0.4736785888671875;-1.66827392578125;0
2020-07-16 14:01:51;1594933323.882849;0;2.856201171875;-0.620880126953125;-2.515472412109375;0
2020-07-16 14:01:51;1594933323.9225202;0;2.378875732421875;-2.88433837890625;-1.9643402099609375;0
2020-07-16 14:01:51;1594933323.9615731;0;0.950531005859375;-2.1170654296875;-0.1428680419921875;0
2020-07-16 14:01:51;1594933324.0008888;0;0.3267974853515625;-0.947540283203125;-0.2191009521484375;0
2020-07-16 14:01:51;1594933324.040621;0;0.52630615234375;-0.6646881103515625;-0.307525634765625;0
2020-07-16 14:01:51;1594933324.0807772;0;-0.666778564453125;-0.4937286376953125;0.2472381591796875;0
2020-07-16 14:01:51;1594933324.121344;0;-0.5742950439453125;-0.182586669921875;0.7035980224609375;0
2020-07-16 14:01:51;1594933324.161957;0;-0.1487274169921875;-0.1628265380859375;0.5782623291015625;0
2020-07-16 14:01:51;1594933324.203394;0;0.2115020751953125;-0.554779052734375;0.0326385498046875;0
2020-07-16 14:01:51;1594933324.24289;0;1.3303985595703125;-0.7425537109375;-1.3912811279296875;0
2020-07-16 14:01:51;1594933324.286408;0;2.391937255859375;-2.7545623779296875;-1.8177032470703125;0
2020-07-16 14:01:51;1594933324.322085;0;1.572235107421875;-1.667633056640625;-1.2585296630859375;0
2020-07-16 14:01:51;1594933324.363734;0;0.5733489990234375;-0.420684814453125;-0.890655517578125;0
2020-07-16 14:01:51;1594933324.403393;0;0.64703369140625;0.5469818115234375;-0.7327117919921875;0
2020-07-16 14:01:51;1594933324.442955;0;0.142669677734375;0.899017333984375;-0.920196533203125;0
2020-07-16 14:01:51;1594933324.48343;0;-0.0902862548828125;0.528076171875;-1.0038604736328125;0
2020-07-16 14:01:51;1594933324.525145;0;-0.2793426513671875;0.4819183349609375;-0.5749664306640625;0
2020-07-16 14:01:51;1594933324.564471;0;-0.4238739013671875;0.2215576171875;-0.274261474609375;0
2020-07-16 14:01:51;1594933324.605602;0;0.4785308837890625;0.0178680419921875;-0.905487060546875;0
2020-07-16 14:01:51;1594933324.645582;0;1.5958404541015625;-0.126129150390625;-1.795806884765625;0
2020-07-16 14:01:51;1594933324.693541;0;1.93231201171875;-1.58355712890625;-1.9441375732421875;0
2020-07-16 14:01:51;1594933324.725899;0;1.1395721435546875;-2.3370819091796875;-1.1817626953125;0
2020-07-16 14:01:51;1594933324.765837;0;0.633270263671875;-1.561065673828125;-0.614532470703125;0
2020-07-16 14:01:51;1594933324.803578;0;0.3745269775390625;-0.6945953369140625;-0.264923095703125;0
2020-07-16 14:01:51;1594933324.842668;0;0.3247528076171875;-0.2439117431640625;-0.2689361572265625;0
2020-07-16 14:01:51;1594933324.8854241;0;-0.3666534423828125;-0.308197021484375;0.2126007080078125;0
2020-07-16 14:01:51;1594933324.9229;0;-0.3284759521484375;-0.212982177734375;0.4326629638671875;0
2020-07-16 14:01:51;1594933324.964992;0;-0.2668609619140625;-0.206695556640625;0.3406524658203125;0
2020-07-16 14:01:51;1594933325.0055661;0;-0.21826171875;-0.908294677734375;0.3455047607421875;0
2020-07-16 14:01:51;1594933325.043079;0;4.0841827392578125;-3.175567626953125;-0.6947174072265625;0
2020-07-16 14:01:51;1594933325.081223;0;2.19378662109375;-1.8494873046875;-1.81890869140625;0
2020-07-16 14:01:51;1594933325.121424;0;2.44964599609375;-0.773345947265625;-1.6172943115234375;0
2020-07-16 14:01:51;1594933325.1612601;0;0.8161468505859375;0.39044189453125;-0.5864410400390625;0
2020-07-16 14:01:51;1594933325.202327;0;-0.0679168701171875;0.8082427978515625;-0.61785888671875;0
2020-07-16 14:01:51;1594933325.240425;0;-0.0560455322265625;0.4034423828125;-0.447998046875;0
2020-07-16 14:01:51;1594933325.280025;0;-0.1726837158203125;0.5737762451171875;-0.3249969482421875;0
2020-07-16 14:01:51;1594933325.321037;0;-0.2950439453125;0.8858642578125;-0.472015380859375;0
2020-07-16 14:01:51;1594933325.360341;0;-0.2120361328125;0.4718017578125;-0.679931640625;0
2020-07-16 14:01:51;1594933325.400556;0;0.325103759765625;0.5643310546875;-0.7223358154296875;0
2020-07-16 14:01:51;1594933325.4416041;0;3.6377105712890625;-0.7008514404296875;-2.1981964111328125;0
2020-07-16 14:01:51;1594933325.4818459;0;2.40093994140625;-2.56671142578125;-0.7813720703125;0
2020-07-16 14:01:51;1594933325.522095;0;0.630706787109375;-1.342315673828125;-0.5838623046875;0
2020-07-16 14:01:51;1594933325.56113;0;0.7838287353515625;-0.707916259765625;-0.7818603515625;0
2020-07-16 14:01:51;1594933325.6010032;0;0.205718994140625;-0.75531005859375;-1.227813720703125;0
2020-07-16 14:01:51;1594933325.641276;0;-0.4823760986328125;-1.074859619140625;0.0999908447265625;0
2020-07-16 14:01:51;1594933325.681644;0;-0.8433380126953125;-0.8381195068359375;0.9326629638671875;0
2020-07-16 14:01:51;1594933325.721509;0;-0.4205169677734375;-0.8310089111328125;0.30865478515625;0
2020-07-16 14:01:51;1594933325.7639651;0;0.6151275634765625;-0.8997650146484375;-0.439056396484375;0
2020-07-16 14:01:51;1594933325.804528;0;2.9381103515625;-0.9667816162109375;-1.10247802734375;0
2020-07-16 14:01:51;1594933325.846373;0;1.395477294921875;-1.70623779296875;-2.370361328125;0
2020-07-16 14:01:51;1594933325.882735;0;3.2121124267578125;-0.0093231201171875;-2.1146392822265625;0
2020-07-16 14:01:51;1594933325.92523;0;0.5848388671875;0.4039459228515625;-1.282318115234375;0
2020-07-16 14:01:51;1594933325.9631739;0;-0.0624542236328125;0.18426513671875;-1.005157470703125;0
2020-07-16 14:01:51;1594933326.004153;0;-0.36053466796875;-0.3441314697265625;-0.7597198486328125;0
2020-07-16 14:01:51;1594933326.044718;0;-0.6423492431640625;-0.1776580810546875;0.1655120849609375;0
2020-07-16 14:01:51;1594933326.085458;0;-0.0385589599609375;0.1598663330078125;-0.216552734375;0
2020-07-16 14:01:51;1594933326.124443;0;0.2608642578125;0.3197174072265625;-0.7100982666015625;0
2020-07-16 14:01:51;1594933326.16402;0;0.53009033203125;0.4515838623046875;-0.831939697265625;0
2020-07-16 14:01:51;1594933326.204031;0;2.0916595458984375;-0.34588623046875;-1.8411712646484375;0
2020-07-16 14:01:51;1594933326.243818;0;1.3817138671875;-1.299713134765625;-2.1856231689453125;0
2020-07-16 14:01:51;1594933326.283;0;0.5481719970703125;-1.5914459228515625;-1.114654541015625;0
2020-07-16 14:01:51;1594933326.324466;0;-0.1324310302734375;-0.536895751953125;-0.4933319091796875;0
2020-07-16 14:01:51;1594933326.363908;0;0.496246337890625;-0.04547119140625;-0.3694610595703125;0
2020-07-16 14:01:51;1594933326.403476;0;-0.0894317626953125;-0.2279205322265625;-0.548797607421875;0
2020-07-16 14:01:51;1594933326.4427118;0;-0.681854248046875;0.118408203125;-0.21221923828125;0
2020-07-16 14:01:51;1594933326.483458;0;-0.186553955078125;-0.384674072265625;0.0752105712890625;0
2020-07-16 14:01:51;1594933326.5242581;0;0.220703125;-0.8773345947265625;-0.2618408203125;0
2020-07-16 14:01:51;1594933326.562264;0;1.9473724365234375;-1.31060791015625;-1.7215728759765625;0
2020-07-16 14:01:51;1594933326.602271;0;1.9223175048828125;-2.0449981689453125;-1.70196533203125;0
2020-07-16 14:01:51;1594933326.644495;0;1.768096923828125;-0.6952667236328125;-1.926605224609375;0
2020-07-16 14:01:51;1594933326.682828;0;0.8633575439453125;0.4754638671875;-1.3451995849609375;0
2020-07-16 14:01:51;1594933326.722875;0;-0.16302490234375;0.732757568359375;-0.69036865234375;0
2020-07-16 14:01:51;1594933326.7667608;0;-0.6155853271484375;0.3801116943359375;-0.3733367919921875;0
2020-07-16 14:01:51;1594933326.802898;0;-0.6003570556640625;0.4218902587890625;-0.4344329833984375;0
2020-07-16 14:01:51;1594933326.8418941;0;-0.2226715087890625;0.3104705810546875;-0.325042724609375;0
2020-07-16 14:01:51;1594933326.883424;0;0.0628814697265625;0.2490234375;-0.772247314453125;0
2020-07-16 14:01:51;1594933326.92413;0;1.2626190185546875;0.0374298095703125;-1.720794677734375;0
2020-07-16 14:01:51;1594933326.963541;0;1.8994293212890625;-0.692596435546875;-2.0384063720703125;0
2020-07-16 14:01:51;1594933327.002424;0;1.1383819580078125;-1.3947906494140625;-1.5391387939453125;0
2020-07-16 14:01:51;1594933327.043416;0;1.1217803955078125;-0.8105621337890625;-1.0525665283203125;0
2020-07-16 14:01:51;1594933327.082725;0;0.697540283203125;-0.3477325439453125;-0.730560302734375;0
2020-07-16 14:01:51;1594933327.122141;0;0.2294464111328125;-0.5928497314453125;-0.1315765380859375;0
2020-07-16 14:01:51;1594933327.1593928;0;-0.2037200927734375;-0.478302001953125;-0.33721923828125;0
2020-07-16 14:01:51;1594933327.201807;0;-0.3748626708984375;-0.6516265869140625;0.2925872802734375;0
2020-07-16 14:01:51;1594933327.2453551;0;-0.3277435302734375;-0.720458984375;0.5247955322265625;0
2020-07-16 14:01:51;1594933327.2824302;0;-0.1179046630859375;-0.4714202880859375;-0.108673095703125;0
2020-07-16 14:01:51;1594933327.322198;0;1.4552459716796875;-1.16778564453125;-2.1316680908203125;0
2020-07-16 14:01:51;1594933327.366743;0;2.4514617919921875;-1.2490997314453125;-1.50140380859375;0
2020-07-16 14:01:51;1594933327.403476;0;0.6737823486328125;-2.1923980712890625;-2.0221099853515625;0
2020-07-16 14:01:51;1594933327.442473;0;1.2027435302734375;-0.1741485595703125;-1.310882568359375;0
2020-07-16 14:01:51;1594933327.481653;0;0.4925994873046875;0.6207733154296875;-0.6973876953125;0
2020-07-16 14:01:51;1594933327.522706;0;-0.2611846923828125;0.970916748046875;-0.399017333984375;0
2020-07-16 14:01:51;1594933327.564879;0;-0.071075439453125;0.9803924560546875;-0.18572998046875;0
2020-07-16 14:01:51;1594933327.601059;0;-0.360382080078125;1.020660400390625;-0.0139007568359375;0
2020-07-16 14:01:51;1594933327.641889;0;0.1784210205078125;0.4708099365234375;-0.5584869384765625;0
2020-07-16 14:01:51;1594933327.682074;0;0.9835205078125;0.143890380859375;-1.4680328369140625;0
2020-07-16 14:01:51;1594933327.7213058;0;1.8515777587890625;-0.52142333984375;-2.3792266845703125;0
2020-07-16 14:01:51;1594933327.761702;0;1.344146728515625;-2.5971832275390625;-1.84521484375;0
2020-07-16 14:01:51;1594933327.8021932;0;0.53277587890625;-1.7050628662109375;-1.380401611328125;0
2020-07-16 14:01:51;1594933327.841501;0;0.9653472900390625;-0.7597198486328125;-0.96160888671875;0
2020-07-16 14:01:51;1594933327.881589;0;0.352386474609375;-0.5474090576171875;-0.7160186767578125;0
2020-07-16 14:01:51;1594933327.921484;0;-0.4815826416015625;-0.25604248046875;-0.07537841796875;0
2020-07-16 14:01:51;1594933327.9604568;0;-0.7514495849609375;-0.184356689453125;0.38287353515625;0
2020-07-16 14:01:51;1594933328.004385;0;-0.4939117431640625;-0.2243804931640625;0.1387481689453125;0
2020-07-16 14:01:51;1594933328.0414162;0;-0.423614501953125;-0.236114501953125;-0.1343841552734375;0
2020-07-16 14:01:51;1594933328.082514;0;-0.5262451171875;-1.0309906005859375;-0.6158294677734375;0
2020-07-16 14:01:51;1594933328.121879;0;4.9070892333984375;-3.838714599609375;-1.688507080078125;0
2020-07-16 14:01:51;1594933328.161969;0;2.55828857421875;-1.9544830322265625;-1.010589599609375;0
2020-07-16 14:01:51;1594933328.2020311;0;1.4456787109375;-0.497528076171875;-1.046539306640625;0
2020-07-16 14:01:51;1594933328.2398028;0;0.7541351318359375;0.5416259765625;-0.7346649169921875;0
2020-07-16 14:01:51;1594933328.2844238;0;-0.232330322265625;0.6304168701171875;-0.2778472900390625;0
2020-07-16 14:01:51;1594933328.319133;0;-0.2838897705078125;0.426971435546875;-0.198760986328125;0
2020-07-16 14:01:51;1594933328.3646789;0;-0.487152099609375;0.7359771728515625;-0.16107177734375;0
2020-07-16 14:01:51;1594933328.401363;0;-0.114349365234375;0.6381683349609375;-0.5407867431640625;0
2020-07-16 14:01:51;1594933328.440927;0;0.440673828125;0.3241119384765625;-0.88897705078125;0
2020-07-16 14:01:51;1594933328.480689;0;1.4379730224609375;0.0355072021484375;-1.7921600341796875;0
2020-07-16 14:01:51;1594933328.521215;0;2.1657562255859375;-0.9105987548828125;-2.0518035888671875;0
2020-07-16 14:01:51;1594933328.5611181;0;1.487640380859375;-1.4598541259765625;-1.850433349609375;0
2020-07-16 14:01:51;1594933328.6006808;0;0.491668701171875;-1.8414764404296875;-1.142486572265625;0
2020-07-16 14:01:51;1594933328.639343;0;-0.3594207763671875;-1.2657470703125;-0.4442901611328125;0
2020-07-16 14:01:51;1594933328.678073;0;-0.2521514892578125;-0.55157470703125;0.06475830078125;0
2020-07-16 14:01:51;1594933328.7211971;0;-0.2847900390625;-0.5009765625;0.739288330078125;0
2020-07-16 14:01:51;1594933328.760881;0;-0.44952392578125;-0.4833831787109375;1.162933349609375;0
2020-07-16 14:01:51;1594933328.8010678;0;0.034423828125;-0.1303253173828125;-0.0675201416015625;0
2020-07-16 14:01:51;1594933328.8412461;0;0.2397613525390625;-0.63641357421875;-0.41839599609375;0
2020-07-16 14:01:51;1594933328.880077;0;0.3634033203125;-0.859832763671875;-1.040771484375;0
2020-07-16 14:01:51;1594933328.9203029;0;3.63031005859375;-3.29058837890625;-1.736602783203125;0
2020-07-16 14:01:51;1594933328.961967;0;0.993255615234375;-1.9573822021484375;-0.8961029052734375;0
2020-07-16 14:01:51;1594933329.001076;0;0.8438568115234375;-0.581268310546875;-1.14276123046875;0
2020-07-16 14:01:51;1594933329.032969;0;0.876800537109375;0.3219451904296875;-0.994842529296875;0
2020-07-16 14:01:51;1594933329.077396;0;-0.12554931640625;0.64581298828125;-0.5888519287109375;0
2020-07-16 14:01:51;1594933329.120229;0;-0.3989105224609375;1.0305328369140625;-0.386932373046875;0
2020-07-16 14:01:51;1594933329.160286;0;-0.3740386962890625;1.3963165283203125;-0.3006439208984375;0
2020-07-16 14:01:51;1594933329.2001328;0;-0.27520751953125;0.96759033203125;-0.399993896484375;0
2020-07-16 14:01:51;1594933329.2405682;0;0.7264404296875;0.647125244140625;-0.9746246337890625;0
2020-07-16 14:01:51;1594933329.278475;0;3.288604736328125;-0.0566253662109375;-2.567291259765625;0
2020-07-16 14:01:51;1594933329.317668;0;2.6837005615234375;-2.1420745849609375;-2.539337158203125;0
2020-07-16 14:01:51;1594933329.3576012;0;2.5063018798828125;-2.100555419921875;-1.3704376220703125;0
2020-07-16 14:01:51;1594933329.4004478;0;1.29339599609375;-1.834259033203125;-0.7350921630859375;0
2020-07-16 14:01:51;1594933329.436342;0;0.415618896484375;-1.3535003662109375;-0.031158447265625;0
2020-07-16 14:01:51;1594933329.4751701;0;-0.4191436767578125;-1.033172607421875;0.326141357421875;0
2020-07-16 14:01:51;1594933329.515712;0;-0.596954345703125;-0.889404296875;0.8238677978515625;0
2020-07-16 14:01:51;1594933329.5563931;0;-0.441314697265625;-0.3624420166015625;0.582794189453125;0
2020-07-16 14:01:51;1594933329.599134;0;-0.0865631103515625;-0.1842193603515625;0.3750457763671875;0
2020-07-16 14:01:51;1594933329.637936;0;0.2558441162109375;-0.657073974609375;0.2718505859375;0
2020-07-16 14:01:51;1594933329.678273;0;2.0564422607421875;-1.8885345458984375;-1.889129638671875;0
2020-07-16 14:01:51;1594933329.716093;0;3.8082275390625;-1.870269775390625;-1.5247802734375;0
2020-07-16 14:01:51;1594933329.756188;0;0.8786468505859375;-2.12274169921875;-1.115081787109375;0
2020-07-16 14:01:51;1594933329.8009682;0;-0.3617401123046875;-0.4804229736328125;-1.99884033203125;0
2020-07-16 14:01:51;1594933329.840364;0;0.00579833984375;0.476043701171875;0.1839599609375;0
2020-07-16 14:01:51;1594933329.879476;0;0.4255218505859375;0.6816253662109375;0.3108978271484375;0
2020-07-16 14:01:51;1594933329.9196858;0;0.646240234375;1.560272216796875;-0.28143310546875;0
2020-07-16 14:01:51;1594933329.9582338;0;0.061065673828125;1.36376953125;-0.2494354248046875;0
2020-07-16 14:01:51;1594933329.996671;0;-0.3152923583984375;0.993865966796875;-0.3636627197265625;0
2020-07-16 14:01:51;1594933330.03565;0;0.070526123046875;0.4297332763671875;-0.5528106689453125;0
2020-07-16 14:01:51;1594933330.079854;0;2.4335479736328125;0.273193359375;-2.037933349609375;0
2020-07-16 14:01:51;1594933330.117354;0;2.6196136474609375;-1.6168365478515625;-2.749755859375;0
2020-07-16 14:01:51;1594933330.157188;0;0.5544891357421875;-4.6324615478515625;0.00213623046875;0
2020-07-16 14:01:51;1594933330.196701;0;0.5388946533203125;-1.623809814453125;-0.67724609375;0
2020-07-16 14:01:51;1594933330.239914;0;0.5306549072265625;-1.4347381591796875;0.0036773681640625;0
2020-07-16 14:01:51;1594933330.277298;0;-0.5566558837890625;-0.728271484375;0.2937774658203125;0
2020-07-16 14:01:51;1594933330.31551;0;-0.666412353515625;-0.4983673095703125;0.7649688720703125;0
2020-07-16 14:01:51;1594933330.359424;0;-0.3903656005859375;-0.1465301513671875;0.6038665771484375;0
2020-07-16 14:01:51;1594933330.398319;0;-0.062957763671875;-0.34014892578125;0.369964599609375;0
2020-07-16 14:01:51;1594933330.439244;0;-0.016998291015625;-0.427490234375;-0.0519561767578125;0
2020-07-16 14:01:51;1594933330.475436;0;2.309417724609375;-0.9077911376953125;-2.8846282958984375;0
2020-07-16 14:01:51;1594933330.519339;0;2.3616485595703125;-1.8087310791015625;-2.001068115234375;0
2020-07-16 14:01:51;1594933330.558066;0;0.377105712890625;-2.513153076171875;-0.5936737060546875;0
2020-07-16 14:01:51;1594933330.598421;0;-0.9400634765625;-0.667388916015625;-2.1930084228515625;0
2020-07-16 14:01:51;1594933330.639425;0;-0.4164276123046875;-0.09979248046875;-0.40216064453125;0
2020-07-16 14:01:51;1594933330.677277;0;0.20208740234375;0.076568603515625;0.085723876953125;0
2020-07-16 14:01:51;1594933330.716464;0;0.59197998046875;1.495849609375;-0.63458251953125;0
2020-07-16 14:01:51;1594933330.755691;0;0.3893585205078125;1.1094970703125;-0.4563140869140625;0
2020-07-16 14:01:51;1594933330.797295;0;0.1674041748046875;0.9847564697265625;-0.4178924560546875;0
2020-07-16 14:01:51;1594933330.8380551;0;0.6968841552734375;0.590087890625;-0.7797393798828125;0
2020-07-16 14:01:51;1594933330.87753;0;2.472198486328125;0.0517730712890625;-1.94854736328125;0
2020-07-16 14:01:51;1594933330.918899;0;2.363250732421875;-1.757781982421875;-2.4923553466796875;0
2020-07-16 14:01:51;1594933330.9556;0;-0.1379241943359375;-3.6816558837890625;0.1210174560546875;0
2020-07-16 14:01:51;1594933331.0003772;0;0.057159423828125;-1.2591705322265625;-0.7880096435546875;0
2020-07-16 14:01:51;1594933331.039324;0;0.514068603515625;-0.8483123779296875;0.00201416015625;0
2020-07-16 14:01:51;1594933331.07672;0;0.09722900390625;-0.9530181884765625;-0.294891357421875;0
2020-07-16 14:01:51;1594933331.118048;0;-0.4557647705078125;-0.279052734375;0.04486083984375;0
2020-07-16 14:01:51;1594933331.15661;0;-0.334564208984375;-0.4280853271484375;0.3740386962890625;0
2020-07-16 14:01:51;1594933331.196734;0;-0.2644500732421875;-0.51397705078125;0.392730712890625;0
2020-07-16 14:01:51;1594933331.2373052;0;0.32806396484375;-0.782257080078125;-0.1113739013671875;0
2020-07-16 14:01:51;1594933331.275188;0;4.3952484130859375;-1.2797393798828125;-1.704986572265625;0
2020-07-16 14:01:51;1594933331.3178449;0;1.86151123046875;-0.8803558349609375;-2.3964385986328125;0
2020-07-16 14:01:51;1594933331.356513;0;0.8683929443359375;-1.30438232421875;-1.268402099609375;0
2020-07-16 14:01:51;1594933331.397633;0;0.5113372802734375;-0.4538421630859375;-0.983154296875;0
2020-07-16 14:01:51;1594933331.434974;0;0.0737762451171875;0.200927734375;-0.743682861328125;0
2020-07-16 14:01:51;1594933331.4765248;0;-0.3344268798828125;0.160125732421875;-0.215179443359375;0
2020-07-16 14:01:51;1594933331.518166;0;-0.2139434814453125;0.7037200927734375;-0.0117340087890625;0
2020-07-16 14:01:51;1594933331.5565429;0;0.292327880859375;2.07403564453125;-0.4852294921875;0
2020-07-16 14:01:51;1594933331.596521;0;0.23931884765625;0.824462890625;-0.406402587890625;0
2020-07-16 14:01:51;1594933331.6374578;0;0.89239501953125;0.4701995849609375;-0.97760009765625;0
2020-07-16 14:01:51;1594933331.677977;0;2.892608642578125;-0.24774169921875;-2.0528411865234375;0
2020-07-16 14:01:51;1594933331.716745;0;2.158905029296875;-1.69720458984375;-2.1086578369140625;0
2020-07-16 14:01:51;1594933331.756782;0;1.1891632080078125;-2.418853759765625;-0.8773040771484375;0
2020-07-16 14:01:51;1594933331.794971;0;0.2699737548828125;-1.268829345703125;-0.6907501220703125;0
2020-07-16 14:01:51;1594933331.838251;0;0.32989501953125;-0.68475341796875;-0.3379974365234375;0
2020-07-16 14:01:51;1594933331.877419;0;-0.480560302734375;-0.930999755859375;0.093963623046875;0
2020-07-16 14:01:51;1594933331.913552;0;-0.74969482421875;-0.344085693359375;0.5314483642578125;0
2020-07-16 14:01:51;1594933331.954375;0;-0.36968994140625;-0.238616943359375;0.4788818359375;0
2020-07-16 14:01:51;1594933331.99338;0;0.11669921875;-0.6124267578125;0.0694427490234375;0
2020-07-16 14:01:51;1594933332.035852;0;1.0914306640625;-0.638336181640625;-1.345062255859375;0
2020-07-16 14:01:51;1594933332.076194;0;3.5368499755859375;-1.54534912109375;-2.7129058837890625;0
2020-07-16 14:01:51;1594933332.115734;0;-0.151763916015625;-1.8379974365234375;-1.16552734375;0
2020-07-16 14:01:51;1594933332.155168;0;-0.5791168212890625;-1.775299072265625;-1.41265869140625;0
2020-07-16 14:01:51;1594933332.1958451;0;0.1345062255859375;-0.311126708984375;-0.668060302734375;0
2020-07-16 14:01:51;1594933332.238286;0;0.251312255859375;0.127166748046875;-0.1767425537109375;0
2020-07-16 14:01:51;1594933332.2766318;0;0.47393798828125;1.2383270263671875;-0.2627716064453125;0
2020-07-16 14:01:51;1594933332.31629;0;0.1691741943359375;1.915283203125;-0.24273681640625;0
2020-07-16 14:01:51;1594933332.3546739;0;-0.2991790771484375;1.1520233154296875;-0.1045684814453125;0
2020-07-16 14:01:51;1594933332.395712;0;0.2185516357421875;0.7580108642578125;-0.640838623046875;0
2020-07-16 14:01:51;1594933332.436699;0;2.441925048828125;0.3281097412109375;-2.4661102294921875;0
2020-07-16 14:01:51;1594933332.477622;0;1.5482330322265625;-1.834136962890625;-2.8643035888671875;0
2020-07-16 14:01:51;1594933332.514704;0;0.35272216796875;-3.1103668212890625;-0.4222564697265625;0
2020-07-16 14:01:51;1594933332.5553842;0;0.57476806640625;-1.3680877685546875;-1.148529052734375;0
2020-07-16 14:01:51;1594933332.5970259;0;0.673126220703125;-1.1635589599609375;-0.042510986328125;0
2020-07-16 14:01:51;1594933332.635869;0;-0.441925048828125;-0.569061279296875;0.3112640380859375;0
2020-07-16 14:01:51;1594933332.676548;0;-0.5298309326171875;-0.44635009765625;0.762054443359375;0
2020-07-16 14:01:51;1594933332.716398;0;-0.004150390625;-0.39825439453125;0.468597412109375;0
2020-07-16 14:01:51;1594933332.754465;0;-0.0722503662109375;-0.4742279052734375;0.34759521484375;0
2020-07-16 14:01:51;1594933332.7956572;0;0.6158905029296875;-0.923065185546875;-0.3797454833984375;0
2020-07-16 14:01:51;1594933332.8394818;0;3.7277679443359375;-2.072509765625;-2.4719085693359375;0
2020-07-16 14:01:51;1594933332.874551;0;-1.190704345703125;-4.2615509033203125;-1.295166015625;0
2020-07-16 14:01:51;1594933332.91705;0;0.0747528076171875;-0.87750244140625;-1.6268463134765625;0
2020-07-16 14:01:51;1594933332.957298;0;2.4844207763671875;0.0332794189453125;0.42083740234375;0
2020-07-16 14:01:51;1594933332.99594;0;0.2984161376953125;0.7423553466796875;-0.4793701171875;0
2020-07-16 14:01:51;1594933333.033706;0;-0.8054656982421875;0.9413604736328125;0.39642333984375;0
2020-07-16 14:01:51;1594933333.0735831;0;-0.3246917724609375;1.1507110595703125;0.255523681640625;0
2020-07-16 14:01:51;1594933333.120243;0;-0.6014404296875;1.3468017578125;0.27569580078125;0
2020-07-16 14:01:51;1594933333.154805;0;0.081268310546875;1.0424041748046875;-0.52142333984375;0
2020-07-16 14:01:51;1594933333.1997209;0;2.4055023193359375;0.7697601318359375;-2.19720458984375;0
2020-07-16 14:01:51;1594933333.236018;0;2.9298553466796875;-0.6591339111328125;-2.9332733154296875;0
2020-07-16 14:01:51;1594933333.272512;0;3.178741455078125;-3.4134674072265625;-0.7039794921875;0
2020-07-16 14:01:51;1594933333.314995;0;0.2866363525390625;-1.6276702880859375;-0.696990966796875;0
2020-07-16 14:01:51;1594933333.357977;0;0.54473876953125;-1.224700927734375;-0.1382598876953125;0
2020-07-16 14:01:51;1594933333.395293;0;-0.8616943359375;-0.819976806640625;0.6063385009765625;0
2020-07-16 14:01:51;1594933333.4350061;0;-0.67425537109375;-0.843994140625;1.1341094970703125;0
2020-07-16 14:01:51;1594933333.475483;0;0.274810791015625;-0.7058258056640625;0.8341827392578125;0
2020-07-16 14:01:51;1594933333.515419;0;-0.18878173828125;-0.7113189697265625;0.6748504638671875;0
2020-07-16 14:01:51;1594933333.556726;0;1.085205078125;-1.172393798828125;-1.1960906982421875;0
2020-07-16 14:01:51;1594933333.595821;0;2.792816162109375;-2.729034423828125;-3.1745758056640625;0
2020-07-16 14:01:51;1594933333.635922;0;0.1404266357421875;-2.8581695556640625;-1.1626739501953125;0
2020-07-16 14:01:51;1594933333.675834;0;-0.4605560302734375;-1.0348663330078125;-0.93798828125;0
2020-07-16 14:01:51;1594933333.715289;0;0.1271820068359375;-0.064971923828125;-0.6216278076171875;0
2020-07-16 14:01:51;1594933333.754838;0;-0.027923583984375;0.3960113525390625;-0.4265899658203125;0
2020-07-16 14:01:51;1594933333.7935162;0;-0.1045684814453125;2.3270721435546875;-0.48516845703125;0
2020-07-16 14:01:51;1594933333.8351521;0;0.2437744140625;1.9673614501953125;-1.019683837890625;0
2020-07-16 14:01:51;1594933333.875198;0;0.083465576171875;1.1538848876953125;-1.01495361328125;0
2020-07-16 14:01:51;1594933333.914207;0;1.9132843017578125;0.43048095703125;-2.9517364501953125;0
2020-07-16 14:01:51;1594933333.956808;0;2.1479949951171875;-2.2137603759765625;-3.942169189453125;0
2020-07-16 14:01:51;1594933333.9939132;0;0.974334716796875;-4.1381378173828125;-0.1571197509765625;0
2020-07-16 14:01:51;1594933334.03157;0;0.714996337890625;-2.21734619140625;-0.59136962890625;0
2020-07-16 14:01:51;1594933334.075886;0;0.2579193115234375;-1.692596435546875;-0.3240203857421875;0
2020-07-16 14:01:51;1594933334.114485;0;-0.4261474609375;-1.118560791015625;1.9183197021484375;0
2020-07-16 14:01:51;1594933334.1527128;0;-0.526580810546875;-0.5404815673828125;2.209136962890625;0
2020-07-16 14:01:51;1594933334.1952848;0;0.05438232421875;-0.7440948486328125;0.8767547607421875;0
2020-07-16 14:01:51;1594933334.234721;0;-0.0331878662109375;-0.7003631591796875;0.384979248046875;0
2020-07-16 14:01:51;1594933334.2738972;0;1.18719482421875;-1.6450958251953125;-1.496246337890625;0
2020-07-16 14:01:51;1594933334.312701;0;3.8080902099609375;-1.7752227783203125;-1.5404205322265625;0
2020-07-16 14:01:51;1594933334.35093;0;-2.7314300537109375;-5.1951904296875;-0.34918212890625;0
2020-07-16 14:01:51;1594933334.389989;0;-0.21600341796875;-0.2444915771484375;-0.288665771484375;0
2020-07-16 14:01:51;1594933334.43015;0;2.5305938720703125;-0.3155059814453125;-0.2837371826171875;0
2020-07-16 14:01:51;1594933334.469789;0;0.48431396484375;1.3618011474609375;-0.967529296875;0
2020-07-16 14:01:51;1594933334.510443;0;-1.5422210693359375;2.0352325439453125;-0.341827392578125;0
2020-07-16 14:01:51;1594933334.550035;0;-0.7251739501953125;1.6150360107421875;-0.388916015625;0
2020-07-16 14:01:51;1594933334.591176;0;0.5700531005859375;1.5391082763671875;-1.022857666015625;0
2020-07-16 14:01:51;1594933334.634177;0;0.9223175048828125;0.5896759033203125;-2.636016845703125;0
2020-07-16 14:01:51;1594933334.672885;0;2.22265625;-1.0902099609375;-3.474090576171875;0
2020-07-16 14:01:51;1594933334.714103;0;2.2462310791015625;-4.116455078125;-1.6336517333984375;0
2020-07-16 14:01:51;1594933334.753942;0;0.763641357421875;-1.7782745361328125;-0.7883148193359375;0
2020-07-16 14:01:51;1594933334.7946749;0;0.8498077392578125;-1.4619293212890625;0.4208526611328125;0
2020-07-16 14:01:51;1594933334.833415;0;-0.9590911865234375;-1.1451568603515625;1.7126617431640625;0
2020-07-16 14:01:51;1594933334.874702;0;-0.256439208984375;-0.0405731201171875;1.48748779296875;0
2020-07-16 14:01:51;1594933334.91405;0;-0.1395416259765625;-0.4627838134765625;0.5610198974609375;0
2020-07-16 14:01:51;1594933334.9529939;0;-0.231719970703125;-0.5369720458984375;0.0404205322265625;0
2020-07-16 14:01:51;1594933334.995541;0;3.0214996337890625;-2.835479736328125;-2.2817230224609375;0
2020-07-16 14:01:51;1594933335.034041;0;0.1401214599609375;-4.2259521484375;-1.5030364990234375;0
2020-07-16 14:01:51;1594933335.074053;0;-0.13677978515625;-1.633148193359375;-1.3119354248046875;0
2020-07-16 14:01:51;1594933335.115022;0;1.4551544189453125;-0.1433563232421875;-0.6912994384765625;0
2020-07-16 14:01:51;1594933335.153305;0;0.6410369873046875;0.911956787109375;-1.1598663330078125;0
2020-07-16 14:01:51;1594933335.196645;0;-0.51043701171875;1.9871063232421875;-0.7341461181640625;0
2020-07-16 14:01:51;1594933335.231701;0;-0.1322479248046875;1.55206298828125;-0.957427978515625;0
2020-07-16 14:01:51;1594933335.273938;0;0.3255157470703125;0.835235595703125;-1.0707244873046875;0
2020-07-16 14:01:51;1594933335.31328;0;1.274932861328125;0.0564422607421875;-2.3670501708984375;0
2020-07-16 14:01:51;1594933335.3564858;0;1.8597412109375;-2.3251190185546875;-3.5860595703125;0
2020-07-16 14:01:51;1594933335.394884;0;1.4287261962890625;-3.1884002685546875;-1.73321533203125;0
2020-07-16 14:01:51;1594933335.433457;0;1.3020477294921875;-1.55242919921875;-1.0896453857421875;0
2020-07-16 14:01:51;1594933335.4740791;0;0.4034423828125;-1.0424346923828125;0.433624267578125;0
2020-07-16 14:01:51;1594933335.513565;0;-0.4010772705078125;-1.15576171875;1.771728515625;0
2020-07-16 14:01:51;1594933335.5535002;0;-0.7017669677734375;-0.138641357421875;1.64117431640625;0
2020-07-16 14:01:51;1594933335.592597;0;-0.4149322509765625;-0.589263916015625;1.3995513916015625;0
2020-07-16 14:01:51;1594933335.633243;0;-0.0238189697265625;-0.80718994140625;0.89984130859375;0
2020-07-16 14:01:51;1594933335.673934;0;1.2646636962890625;-2.0026397705078125;-0.592529296875;0
2020-07-16 14:01:51;1594933335.7115998;0;2.5926055908203125;-5.11895751953125;-2.1670989990234375;0
2020-07-16 14:01:51;1594933335.753371;0;0.8052215576171875;-2.683502197265625;-1.89093017578125;0
2020-07-16 14:01:51;1594933335.794517;0;0.49688720703125;-0.62017822265625;-1.2360687255859375;0
2020-07-16 14:01:51;1594933335.8325582;0;-0.4771575927734375;0.1292572021484375;-0.8636627197265625;0
2020-07-16 14:01:51;1594933335.8727798;0;-0.4134063720703125;0.8902130126953125;-0.8740081787109375;0
2020-07-16 14:01:51;1594933335.9127378;0;0.115203857421875;1.7455291748046875;-1.33587646484375;0
2020-07-16 14:01:51;1594933335.952304;0;0.0479278564453125;0.93670654296875;-0.97442626953125;0
2020-07-16 14:01:51;1594933335.992343;0;1.1351318359375;0.6398773193359375;-1.29217529296875;0
2020-07-16 14:01:51;1594933336.032268;0;2.0591583251953125;-0.4576568603515625;-2.114044189453125;0
2020-07-16 14:01:51;1594933336.0746;0;2.80938720703125;-2.83868408203125;-2.3849945068359375;0
2020-07-16 14:01:51;1594933336.113019;0;2.2441253662109375;-2.52008056640625;-1.00714111328125;0
2020-07-16 14:01:51;1594933336.1520429;0;0.34527587890625;-1.696533203125;0.1208648681640625;0
2020-07-16 14:01:51;1594933336.191508;0;-0.3401641845703125;-1.6548309326171875;1.3749237060546875;0
2020-07-16 14:01:51;1594933336.233067;0;-0.94976806640625;-0.3918914794921875;1.645111083984375;0
2020-07-16 14:01:51;1594933336.2736092;0;-0.713531494140625;-0.606170654296875;1.1626434326171875;0
2020-07-16 14:01:51;1594933336.312016;0;-0.49102783203125;-0.8242034912109375;0.4669036865234375;0
2020-07-16 14:01:51;1594933336.3558002;0;0.4557342529296875;-2.154876708984375;-0.3209381103515625;0
2020-07-16 14:01:51;1594933336.3928142;0;4.393310546875;-3.720733642578125;-2.852752685546875;0
2020-07-16 14:01:51;1594933336.432516;0;1.6876678466796875;-2.117156982421875;-1.5635833740234375;0
2020-07-16 14:01:51;1594933336.471637;0;1.0842132568359375;-0.316162109375;-0.93341064453125;0
2020-07-16 14:01:51;1594933336.5120912;0;0.1970672607421875;0.1920166015625;-0.596649169921875;0
2020-07-16 14:01:51;1594933336.554697;0;-0.0383148193359375;0.62451171875;-0.670806884765625;0
2020-07-16 14:01:51;1594933336.591165;0;0.321441650390625;2.170928955078125;-0.9290313720703125;0
2020-07-16 14:01:51;1594933336.631583;0;0.367431640625;1.3508148193359375;-0.81268310546875;0
2020-07-16 14:01:51;1594933336.675673;0;0.8636932373046875;0.7720184326171875;-1.0423431396484375;0
2020-07-16 14:01:51;1594933336.7116709;0;1.644866943359375;-0.0458221435546875;-1.597076416015625;0
2020-07-16 14:01:51;1594933336.755543;0;3.1639251708984375;-2.406280517578125;-2.3069610595703125;0
2020-07-16 14:01:51;1594933336.793645;0;2.90869140625;-3.737548828125;-1.3597869873046875;0
2020-07-16 14:01:51;1594933336.831075;0;1.2892303466796875;-2.3046875;-0.5248870849609375;0
2020-07-16 14:01:51;1594933336.870487;0;0.5272979736328125;-1.22747802734375;0.179290771484375;0
2020-07-16 14:01:51;1594933336.9117088;0;-0.521514892578125;-1.1087799072265625;1.5530853271484375;0
2020-07-16 14:01:51;1594933336.954963;0;-0.897064208984375;-0.1946868896484375;1.8053741455078125;0
2020-07-16 14:01:51;1594933336.99114;0;-0.3887176513671875;-0.3177490234375;1.604522705078125;0
2020-07-16 14:01:51;1594933337.032217;0;-0.27734375;-0.5079193115234375;0.7893829345703125;0
2020-07-16 14:01:51;1594933337.071152;0;1.354461669921875;-1.3761444091796875;-1.5059814453125;0
2020-07-16 14:01:51;1594933337.109864;0;1.0237884521484375;-3.923736572265625;-2.313751220703125;0
2020-07-16 14:01:51;1594933337.1516929;0;1.268402099609375;-2.586669921875;-1.8618927001953125;0
2020-07-16 14:01:51;1594933337.191546;0;1.7664337158203125;-0.2805328369140625;-1.3954620361328125;0
2020-07-16 14:01:51;1594933337.230972;0;-0.0665283203125;0.5261077880859375;-0.870330810546875;0
2020-07-16 14:01:51;1594933337.270681;0;-0.235565185546875;0.8211669921875;-0.880523681640625;0
2020-07-16 14:01:51;1594933337.3101401;0;-0.0208587646484375;1.269256591796875;-0.962799072265625;0
2020-07-16 14:01:51;1594933337.3507628;0;-0.1372222900390625;1.1781768798828125;-0.662200927734375;0
2020-07-16 14:01:51;1594933337.386631;0;-0.0627593994140625;0.9880828857421875;-0.5653228759765625;0
2020-07-16 14:01:51;1594933337.4271898;0;0.4527587890625;1.0652008056640625;-0.992584228515625;0
2020-07-16 14:01:51;1594933337.468655;0;3.2909698486328125;-0.7203369140625;-2.7583465576171875;0
2020-07-16 14:01:51;1594933337.512274;0;3.269683837890625;-4.8178253173828125;-2.2676239013671875;0
2020-07-16 14:01:51;1594933337.550842;0;1.246856689453125;-2.2644805908203125;-1.1552886962890625;0
2020-07-16 14:01:51;1594933337.590979;0;0.235137939453125;-1.5285491943359375;-0.205322265625;0
2020-07-16 14:01:51;1594933337.63124;0;-0.21636962890625;-1.500213623046875;1.3610076904296875;0
2020-07-16 14:01:51;1594933337.667512;0;-0.9962615966796875;-0.522613525390625;2.1944122314453125;0
2020-07-16 14:01:51;1594933337.710666;0;-0.19671630859375;0.1497802734375;1.7455596923828125;0
2020-07-16 14:01:51;1594933337.750126;0;-0.3852081298828125;-0.32305908203125;1.07977294921875;0
2020-07-16 14:01:51;1594933337.7923331;0;-0.00457763671875;-1.142120361328125;-0.667816162109375;0
2020-07-16 14:01:51;1594933337.831749;0;3.6259613037109375;-5.15582275390625;-3.8375091552734375;0
2020-07-16 14:01:51;1594933337.8701038;0;2.008514404296875;-3.571380615234375;-2.401947021484375;0
2020-07-16 14:01:51;1594933337.9096541;0;0.957489013671875;-1.0050048828125;-1.8835296630859375;0
2020-07-16 14:01:51;1594933337.9505792;0;0.0188140869140625;0.5531158447265625;-0.8218231201171875;0
2020-07-16 14:01:51;1594933337.989286;0;-0.12744140625;1.09173583984375;-0.533111572265625;0
2020-07-16 14:01:51;1594933338.028069;0;-0.1547088623046875;1.49432373046875;-0.5711669921875;0
2020-07-16 14:01:51;1594933338.070004;0;-0.54449462890625;1.732635498046875;-0.4599151611328125;0
2020-07-16 14:01:51;1594933338.110649;0;-0.4018707275390625;1.233734130859375;-0.50628662109375;0
2020-07-16 14:01:51;1594933338.1500459;0;1.109344482421875;0.9318389892578125;-1.8334503173828125;0
2020-07-16 14:01:51;1594933338.19093;0;4.7755584716796875;-2.73626708984375;-4.954864501953125;0
2020-07-16 14:01:51;1594933338.229703;0;0.914642333984375;-6.1905517578125;0.20965576171875;0
2020-07-16 14:01:51;1594933338.267935;0;0.46636962890625;-1.9549713134765625;-0.0050201416015625;0
2020-07-16 14:01:51;1594933338.307385;0;0.35736083984375;-2.4053955078125;-1.5345458984375;0
2020-07-16 14:01:51;1594933338.349831;0;-0.5513153076171875;-1.0147552490234375;0.6616668701171875;0
2020-07-16 14:01:51;1594933338.392313;0;-0.95697021484375;-1.268218994140625;2.4243011474609375;0
2020-07-16 14:01:51;1594933338.430134;0;-0.421142578125;-0.501739501953125;2.327117919921875;0
2020-07-16 14:01:51;1594933338.46733;0;-0.3420562744140625;-0.5906982421875;1.1168975830078125;0
2020-07-16 14:01:51;1594933338.5071058;0;0.4301300048828125;-0.9798736572265625;0.4120330810546875;0
2020-07-16 14:01:51;1594933338.5513902;0;6.118927001953125;-4.5207977294921875;-5.335601806640625;0
2020-07-16 14:01:51;1594933338.590376;0;1.174652099609375;-4.386474609375;-2.1537017822265625;0
2020-07-16 14:01:51;1594933338.630783;0;-0.300262451171875;-2.19183349609375;-0.783782958984375;0
2020-07-16 14:01:51;1594933338.669548;0;-0.16302490234375;0.854766845703125;0.0642547607421875;0
2020-07-16 14:01:51;1594933338.7091908;0;1.4518280029296875;0.398773193359375;-0.166534423828125;0
2020-07-16 14:01:51;1594933338.746286;0;1.0716705322265625;0.8404541015625;-0.848785400390625;0
2020-07-16 14:01:51;1594933338.7903972;0;-0.4436492919921875;0.952423095703125;-0.6075439453125;0
2020-07-16 14:01:51;1594933338.830512;0;-1.13238525390625;1.0974578857421875;-0.2848358154296875;0
2020-07-16 14:01:51;1594933338.869687;0;0.976776123046875;0.5469818115234375;-1.700286865234375;0
2020-07-16 14:01:51;1594933338.909281;0;1.7847900390625;-2.721954345703125;-2.24786376953125;0
2020-07-16 14:01:51;1594933338.9523149;0;-0.1766204833984375;-2.9929656982421875;-0.412811279296875;0
2020-07-16 14:01:51;1594933338.986254;0;0.493072509765625;-0.958709716796875;-0.1588592529296875;0
2020-07-16 14:01:51;1594933339.027049;0;0.6989288330078125;-0.6038665771484375;-0.2763519287109375;0
2020-07-16 14:01:51;1594933339.069938;0;-0.176300048828125;-1.005462646484375;-0.476715087890625;0
2020-07-16 14:01:51;1594933339.1052408;0;-1.0328216552734375;-1.7101898193359375;-0.0175018310546875;0
2020-07-16 14:01:51;1594933339.145019;0;-1.9638671875;-0.6313323974609375;0.5514678955078125;0
2020-07-16 14:01:51;1594933339.1852899;0;-0.184722900390625;-1.532073974609375;-0.6427001953125;0
2020-07-16 14:01:51;1594933339.225616;0;0.553436279296875;-2.0662994384765625;0.0828857421875;0
2020-07-16 14:01:51;1594933339.267215;0;1.2337188720703125;-2.0356597900390625;-0.4678192138671875;0
2020-07-16 14:01:51;1594933339.3087811;0;2.4682464599609375;-1.4873199462890625;-0.5592041015625;0
2020-07-16 14:01:51;1594933339.348071;0;1.4602813720703125;-1.5810089111328125;0.2733917236328125;0
2020-07-16 14:01:51;1594933339.385827;0;2.4421844482421875;-1.174407958984375;-0.4701690673828125;0
2020-07-16 14:01:51;1594933339.427981;0;1.161865234375;-0.7298736572265625;-0.2588653564453125;0
2020-07-16 14:01:51;1594933339.465322;0;0.7797698974609375;-0.4962005615234375;-0.7142791748046875;0
2020-07-16 14:01:51;1594933339.505188;0;0.3294830322265625;-0.728363037109375;-0.4019775390625;0
2020-07-16 14:01:51;1594933339.5467649;0;-0.574432373046875;-2.0262298583984375;-3.5886383056640625;0
2020-07-16 14:01:51;1594933339.586189;0;0.519500732421875;-0.85369873046875;-1.858154296875;0
2020-07-16 14:01:51;1594933339.6263928;0;-0.227142333984375;-0.773834228515625;-0.6213226318359375;0
2020-07-16 14:01:51;1594933339.668834;0;-0.2762908935546875;-0.572906494140625;-0.56048583984375;0
2020-07-16 14:01:51;1594933339.7081919;0;-0.3994140625;-0.4886322021484375;-0.1681060791015625;0
2020-07-16 14:01:51;1594933339.747079;0;-0.2288970947265625;-0.8834228515625;-0.44476318359375;0
2020-07-16 14:01:51;1594933339.787113;0;0.0013275146484375;-0.8311004638671875;-0.492279052734375;0
2020-07-16 14:01:51;1594933339.824882;0;-0.0255889892578125;-0.716064453125;-0.542236328125;0
2020-07-16 14:01:51;1594933339.867404;0;-0.0148468017578125;-0.8504638671875;-0.5365142822265625;0
2020-07-16 14:01:51;1594933339.9077291;0;0.096710205078125;-0.7704620361328125;-0.574432373046875;0
2020-07-16 14:01:51;1594933339.946676;0;0.0642852783203125;-0.7171173095703125;-0.5571441650390625;0
2020-07-16 14:01:51;1594933339.985983;0;-0.0325164794921875;-0.6707916259765625;-0.5037841796875;0
2020-07-16 14:01:51;1594933340.026968;0;0.082000732421875;-0.81866455078125;-1.57781982421875;0
2020-07-16 14:01:51;1594933340.0663471;0;0.6102752685546875;-0.412872314453125;-0.3546295166015625;0
2020-07-16 14:01:51;1594933340.1056318;0;0.1902618408203125;-0.9135284423828125;-0.902801513671875;0
2020-07-16 14:01:51;1594933340.147203;0;0.1768341064453125;-0.5299224853515625;-0.68927001953125;0
2020-07-16 14:01:51;1594933340.187193;0;0.4618682861328125;-0.71502685546875;-0.829193115234375;0
2020-07-16 14:01:51;1594933340.2263432;0;0.1994476318359375;-0.63616943359375;-0.6817169189453125;0
2020-07-16 14:01:51;1594933340.267021;0;0.441375732421875;-0.6148834228515625;-0.749176025390625;0
2020-07-16 14:01:51;1594933340.306515;0;0.25128173828125;-0.6111907958984375;-0.7165679931640625;0
2020-07-16 14:01:51;1594933340.35174;0;0.3434906005859375;-0.6667327880859375;-0.7426910400390625;0
2020-07-16 14:01:51;1594933340.38462;0;0.343170166015625;-0.5858917236328125;-0.77313232421875;0
2020-07-16 14:01:51;1594933340.425391;0;0.336883544921875;-0.6544189453125;-0.7279052734375;0
2020-07-16 14:01:51;1594933340.466933;0;0.3548736572265625;-0.6288604736328125;-0.72247314453125;0
2020-07-16 14:01:51;1594933340.5085711;0;0.318145751953125;-0.6199493408203125;-0.686676025390625;0
2020-07-16 14:01:51;1594933340.545479;0;0.319000244140625;-0.623321533203125;-0.69049072265625;0
