2020-07-16 14:17:48;1594934268.62385;DeviceOrientation;0.0935211181640625;-0.07098388671875;-1.01177978515625;1
2020-07-16 14:17:48;1594934268.628688;2;0.086761474609375;-0.0775146484375;-0.980804443359375;1
2020-07-16 14:17:48;1594934268.632584;2;0.101837158203125;-0.0790863037109375;-1.0141448974609375;1
2020-07-16 14:17:48;1594934268.6367214;2;0.115875244140625;-0.0984039306640625;-0.976531982421875;1
2020-07-16 14:17:48;1594934268.664346;2;0.113250732421875;-0.13751220703125;-0.94940185546875;1
2020-07-16 14:17:48;1594934268.706393;2;0.1255645751953125;-0.1199798583984375;-1.0249481201171875;1
2020-07-16 14:17:48;1594934268.7458072;2;0.1023712158203125;-0.0970458984375;-0.984161376953125;1
2020-07-16 14:17:48;1594934268.785459;2;0.1064300537109375;-0.109619140625;-0.9894561767578124;1
2020-07-16 14:17:48;1594934268.825664;2;0.1206207275390625;-0.1098785400390625;-1.0207061767578125;1
2020-07-16 14:17:48;1594934268.866408;2;0.12652587890625;-0.133575439453125;-0.9784393310546876;1
2020-07-16 14:17:48;1594934268.9057386;2;0.12255859375;-0.1397247314453125;-0.98797607421875;1
2020-07-16 14:17:48;1594934268.945436;2;0.1244964599609375;-0.13543701171875;-0.9972991943359376;1
2020-07-16 14:17:48;1594934268.9855142;2;0.1217498779296875;-0.13262939453125;-0.9770660400390624;1
2020-07-16 14:17:48;1594934269.025975;2;0.1381072998046875;-0.1389312744140625;-0.9714813232421876;1
2020-07-16 14:17:48;1594934269.0659132;2;0.129058837890625;-0.1395111083984375;-1.0537567138671875;1
2020-07-16 14:17:48;1594934269.1057694;2;0.089630126953125;-0.1125030517578125;-0.9248504638671876;1
2020-07-16 14:17:48;1594934269.145997;2;0.079345703125;-0.0953826904296875;-0.9666900634765624;1
2020-07-16 14:17:48;1594934269.1861482;2;0.104644775390625;-0.1086273193359375;-1.0576019287109375;1
2020-07-16 14:17:48;1594934269.2275946;2;0.086669921875;-0.1285858154296875;-0.964508056640625;1
2020-07-16 14:17:48;1594934269.266601;2;0.090545654296875;-0.128753662109375;-1.004364013671875;1
2020-07-16 14:17:48;1594934269.306601;2;0.0848388671875;-0.1313934326171875;-0.9853515625;1
2020-07-16 14:17:48;1594934269.346775;2;0.0606231689453125;-0.130279541015625;-1.0045928955078125;1
2020-07-16 14:17:48;1594934269.38686;2;0.071502685546875;-0.1343841552734375;-0.956298828125;1
2020-07-16 14:17:48;1594934269.427165;2;0.0404510498046875;-0.129058837890625;-1.056915283203125;1
2020-07-16 14:17:48;1594934269.4673;2;0.04315185546875;-0.140960693359375;-1.0053253173828125;1
2020-07-16 14:17:48;1594934269.507225;2;-0.010223388671875;-0.0450897216796875;-1.035736083984375;1
2020-07-16 14:17:48;1594934269.547526;2;-0.0226287841796875;0.013397216796875;-1.02899169921875;1
2020-07-16 14:17:48;1594934269.58762;2;0.069183349609375;0.033966064453125;-1.2825927734375;1
2020-07-16 14:17:48;1594934269.627791;2;-0.009124755859375;-0.119720458984375;-0.8297271728515625;1
2020-07-16 14:17:48;1594934269.6679509;2;-0.016448974609375;-0.0138397216796875;-0.8747711181640625;1
2020-07-16 14:17:48;1594934269.7078216;2;0.0245361328125;0.003814697265625;-1.1427459716796875;1
2020-07-16 14:17:48;1594934269.7480052;2;0.0470123291015625;-0.021881103515625;-1.0035400390625;1
2020-07-16 14:17:48;1594934269.78835;2;-0.011199951171875;-0.1215057373046875;-0.9183197021484376;1
2020-07-16 14:17:48;1594934269.8283849;2;-0.005126953125;-0.054168701171875;-0.9781951904296876;1
2020-07-16 14:17:48;1594934269.868604;2;0.0199432373046875;-0.0667266845703125;-1.0390625;1
2020-07-16 14:17:48;1594934269.9088528;2;0.0032501220703125;-0.093780517578125;-0.99127197265625;1
2020-07-16 14:17:48;1594934269.9489331;2;-0.0175628662109375;-0.0784759521484375;-1.0122833251953125;1
2020-07-16 14:17:48;1594934269.988817;2;-0.0654754638671875;-0.0061187744140625;-1.0084381103515625;1
2020-07-16 14:17:48;1594934270.0292704;2;-0.0554046630859375;-0.038055419921875;-0.9681854248046876;1
2020-07-16 14:17:48;1594934270.0693011;2;-0.0499114990234375;-0.0472869873046875;-0.968353271484375;1
2020-07-16 14:17:48;1594934270.109241;2;-0.013458251953125;-0.079010009765625;-1.011749267578125;1
2020-07-16 14:17:48;1594934270.1494381;2;-0.0205535888671875;-0.0391693115234375;-1.0078887939453125;1
2020-07-16 14:17:48;1594934270.190194;2;-0.006439208984375;-0.018951416015625;-0.9703826904296876;1
2020-07-16 14:17:48;1594934270.229743;2;0.0105438232421875;-0.087860107421875;-1.0308685302734375;1
2020-07-16 14:17:48;1594934270.270289;2;0.0274810791015625;0.01837158203125;-1.05889892578125;1
2020-07-16 14:17:48;1594934270.311147;2;-0.059906005859375;-0.027099609375;-0.935089111328125;1
2020-07-16 14:17:48;1594934270.350123;2;-0.13623046875;-0.0595703125;-0.99407958984375;1
2020-07-16 14:17:48;1594934270.3901582;2;-0.0849151611328125;-0.0003204345703125;-1.0680694580078125;1
2020-07-16 14:17:48;1594934270.430326;2;-0.0232696533203125;-0.037628173828125;-1.0259246826171875;1
2020-07-16 14:17:48;1594934270.4708881;2;-0.1341094970703125;-0.0625762939453125;-1.105743408203125;1
2020-07-16 14:17:48;1594934270.510747;2;-0.2320556640625;-0.0364837646484375;-0.9733123779296876;1
2020-07-16 14:17:48;1594934270.550771;2;-0.154205322265625;-0.155059814453125;-0.9293212890625;1
2020-07-16 14:17:48;1594934270.591054;2;-0.2022552490234375;-0.0051116943359375;-0.824615478515625;1
2020-07-16 14:17:48;1594934270.631425;2;-0.207000732421875;-0.09490966796875;-1.201904296875;1
2020-07-16 14:17:48;1594934270.671366;2;-0.2241363525390625;0.0264739990234375;-1.054840087890625;1
2020-07-16 14:17:48;1594934270.71141;2;-0.320556640625;-0.12335205078125;-0.9853363037109376;1
2020-07-16 14:17:48;1594934270.7514956;2;-0.280364990234375;-0.1626129150390625;-0.9503631591796876;1
2020-07-16 14:17:48;1594934270.791929;2;-0.1882476806640625;-0.1450347900390625;-1.1122589111328125;1
2020-07-16 14:17:48;1594934270.8317618;2;-0.1781768798828125;-0.2994537353515625;-0.74334716796875;1
2020-07-16 14:17:48;1594934270.871804;2;-0.2360687255859375;-0.15948486328125;-0.962310791015625;1
2020-07-16 14:17:48;1594934270.9122849;2;-0.2677001953125;0.048614501953125;-1.204833984375;1
2020-07-16 14:17:48;1594934270.9523091;2;-0.2793426513671875;0.0624847412109375;-1.107574462890625;1
2020-07-16 14:17:48;1594934270.992389;2;-0.2340240478515625;-0.024383544921875;-0.837493896484375;1
2020-07-16 14:17:48;1594934271.032562;2;-0.2371826171875;0.0728912353515625;-1.1068267822265625;1
2020-07-16 14:17:48;1594934271.072908;2;-0.2160491943359375;0.076690673828125;-1.1119384765625;1
2020-07-16 14:17:48;1594934271.1128929;2;-0.2054595947265625;0.1207733154296875;-1.2042083740234375;1
2020-07-16 14:17:48;1594934271.152556;2;-0.2465362548828125;0.1634979248046875;-1.1839599609375;1
2020-07-16 14:17:48;1594934271.192653;2;-0.2113494873046875;0.0458221435546875;-0.628143310546875;1
2020-07-16 14:17:48;1594934271.232908;2;-0.2517242431640625;0.1373291015625;-0.90155029296875;1
2020-07-16 14:17:48;1594934271.2731009;2;-0.0863494873046875;0.1911468505859375;-0.766387939453125;1
2020-07-16 14:17:48;1594934271.31317;2;0.008758544921875;0.224700927734375;-0.8801422119140625;1
2020-07-16 14:17:48;1594934271.353293;2;0.009368896484375;0.1570892333984375;-0.9156494140625;1
2020-07-16 14:17:48;1594934271.3957882;2;-0.0557403564453125;0.165283203125;-0.947998046875;1
2020-07-16 14:17:48;1594934271.4336572;2;-0.16082763671875;0.1715545654296875;-1.025848388671875;1
2020-07-16 14:17:48;1594934271.475442;2;-0.1858367919921875;0.1725616455078125;-0.8330230712890625;1
2020-07-16 14:17:48;1594934271.515296;2;-0.1870574951171875;0.14300537109375;-0.960357666015625;1
2020-07-16 14:17:48;1594934271.5551789;2;-0.2022857666015625;0.1515045166015625;-0.932647705078125;1
2020-07-16 14:17:48;1594934271.596153;2;-0.177947998046875;0.1749267578125;-0.8524322509765625;1
2020-07-16 14:17:48;1594934271.6360214;2;-0.158172607421875;0.0839080810546875;-0.98583984375;1
2020-07-16 14:17:48;1594934271.675458;2;-0.170135498046875;0.089935302734375;-1.001251220703125;1
2020-07-16 14:17:48;1594934271.715678;2;-0.1885528564453125;0.1063079833984375;-1.0063934326171875;1
2020-07-16 14:17:48;1594934271.7555034;2;-0.226470947265625;0.1565399169921875;-1.10784912109375;1
2020-07-16 14:17:48;1594934271.795465;2;-0.2566375732421875;0.16387939453125;-1.2306671142578125;1
2020-07-16 14:17:48;1594934271.835784;2;-0.30517578125;0.1682586669921875;-1.38873291015625;1
2020-07-16 14:17:48;1594934271.875911;2;-0.3592529296875;0.0287628173828125;-1.444793701171875;1
2020-07-16 14:17:48;1594934271.9154859;2;-0.3826141357421875;-0.106201171875;-1.2791595458984375;1
2020-07-16 14:17:48;1594934271.955986;2;-0.4045257568359375;-0.011871337890625;-1.260711669921875;1
2020-07-16 14:17:48;1594934271.9959939;2;-0.381195068359375;0.1497650146484375;-1.2161407470703125;1
2020-07-16 14:17:48;1594934272.0361311;2;-0.37689208984375;0.2307891845703125;-1.2982635498046875;1
2020-07-16 14:17:48;1594934272.0764186;2;-0.3184967041015625;0.2327728271484375;-1.2732391357421875;1
2020-07-16 14:17:48;1594934272.116549;2;-0.26580810546875;0.2115936279296875;-1.155609130859375;1
2020-07-16 14:17:48;1594934272.156383;2;-0.226470947265625;0.2512969970703125;-1.0841064453125;1
2020-07-16 14:17:48;1594934272.196452;2;-0.1947174072265625;0.27825927734375;-1.0305023193359375;1
2020-07-16 14:17:48;1594934272.2369206;2;-0.18878173828125;0.3056793212890625;-0.980499267578125;1
2020-07-16 14:17:48;1594934272.277811;2;-0.20428466796875;0.3332977294921875;-0.877471923828125;1
2020-07-16 14:17:48;1594934272.317127;2;-0.1699981689453125;0.297637939453125;-0.774871826171875;1
2020-07-16 14:17:48;1594934272.3572168;2;-0.1227264404296875;0.3013763427734375;-0.776519775390625;1
2020-07-16 14:17:48;1594934272.397373;2;-0.125091552734375;0.3975677490234375;-0.84130859375;1
2020-07-16 14:17:48;1594934272.437553;2;-0.116546630859375;0.49200439453125;-1.006500244140625;1
2020-07-16 14:17:48;1594934272.478076;2;-0.0726165771484375;0.4897918701171875;-1.049163818359375;1
2020-07-16 14:17:48;1594934272.5178099;2;-0.036163330078125;0.354400634765625;-0.8690032958984375;1
2020-07-16 14:17:48;1594934272.55789;2;0.0529327392578125;0.1585693359375;-0.786163330078125;1
2020-07-16 14:17:48;1594934272.598002;2;0.0229339599609375;0.1806488037109375;-0.9638671875;1
2020-07-16 14:17:48;1594934272.638201;2;-0.034149169921875;0.225311279296875;-1.1377410888671875;1
2020-07-16 14:17:48;1594934272.678664;2;-0.1260833740234375;0.3310089111328125;-1.0443267822265625;1
2020-07-16 14:17:48;1594934272.718339;2;-0.1656494140625;0.2523651123046875;-0.9399261474609376;1
2020-07-16 14:17:48;1594934272.7584481;2;-0.1500091552734375;0.2232513427734375;-0.899444580078125;1
2020-07-16 14:17:48;1594934272.798765;2;-0.150146484375;0.277099609375;-0.9316864013671876;1
2020-07-16 14:17:48;1594934272.838912;2;-0.15966796875;0.3338470458984375;-1.12225341796875;1
2020-07-16 14:17:48;1594934272.8796391;2;-0.187469482421875;0.3176422119140625;-1.2842559814453125;1
2020-07-16 14:17:48;1594934272.91928;2;-0.1532745361328125;0.083587646484375;-1.333465576171875;1
2020-07-16 14:17:48;1594934272.9597569;2;-0.160186767578125;-0.0903472900390625;-1.4259033203125;1
2020-07-16 14:17:48;1594934273.000207;2;-0.19287109375;-0.059417724609375;-1.5177459716796875;1
2020-07-16 14:17:48;1594934273.0395641;2;-0.2121734619140625;-0.1119537353515625;-1.5550079345703125;1
2020-07-16 14:17:48;1594934273.080059;2;-0.21527099609375;-0.085296630859375;-1.43829345703125;1
2020-07-16 14:17:48;1594934273.120202;2;-0.2237548828125;-0.0296630859375;-1.3242645263671875;1
2020-07-16 14:17:48;1594934273.160675;2;-0.1733856201171875;-0.0045318603515625;-1.32330322265625;1
2020-07-16 14:17:48;1594934273.2002552;2;-0.2214202880859375;0.1533660888671875;-1.4320068359375;1
2020-07-16 14:17:48;1594934273.240186;2;-0.2766571044921875;0.3000335693359375;-1.570709228515625;1
2020-07-16 14:17:48;1594934273.2805939;2;-0.2709808349609375;0.2856903076171875;-1.6083526611328125;1
2020-07-16 14:17:48;1594934273.32052;2;-0.2059173583984375;0.2378387451171875;-1.45465087890625;1
2020-07-16 14:17:48;1594934273.361263;2;-0.13714599609375;0.2786865234375;-1.23895263671875;1
2020-07-16 14:17:48;1594934273.400692;2;-0.133819580078125;0.4093475341796875;-1.1553192138671875;1
2020-07-16 14:17:48;1594934273.4409919;2;-0.129486083984375;0.54217529296875;-1.1138916015625;1
2020-07-16 14:17:48;1594934273.4813108;2;-0.1174774169921875;0.5699310302734375;-1.07000732421875;1
2020-07-16 14:17:48;1594934273.5212018;2;-0.097930908203125;0.471893310546875;-0.9357147216796876;1
2020-07-16 14:17:48;1594934273.561512;2;-0.07257080078125;0.396820068359375;-0.717498779296875;1
2020-07-16 14:17:48;1594934273.601441;2;-0.057373046875;0.397796630859375;-0.6242828369140625;1
2020-07-16 14:17:48;1594934273.641705;2;-0.0492095947265625;0.48583984375;-0.7243194580078125;1
2020-07-16 14:17:48;1594934273.6819868;2;-0.0206298828125;0.5856475830078125;-0.9733123779296876;1
2020-07-16 14:17:48;1594934273.721885;2;0.010345458984375;0.4830474853515625;-0.8400421142578125;1
2020-07-16 14:17:48;1594934273.762177;2;0.0780029296875;0.3547515869140625;-0.7960052490234375;1
2020-07-16 14:17:48;1594934273.8022401;2;0.095367431640625;0.3597412109375;-0.997528076171875;1
2020-07-16 14:17:48;1594934273.842267;2;-0.0184173583984375;0.3873138427734375;-1.2944488525390625;1
2020-07-16 14:17:48;1594934273.882679;2;-0.03759765625;0.3620758056640625;-1.2371978759765625;1
2020-07-16 14:17:48;1594934273.922739;2;0.0123291015625;0.1888885498046875;-1.034881591796875;1
2020-07-16 14:17:48;1594934273.962734;2;0.0177459716796875;0.17401123046875;-0.9743194580078124;1
2020-07-16 14:17:48;1594934274.0032551;2;0.0431976318359375;0.2169952392578125;-0.9944000244140624;1
2020-07-16 14:17:48;1594934274.043154;2;-0.02386474609375;0.32391357421875;-1.185638427734375;1
2020-07-16 14:17:48;1594934274.0851471;2;-0.118011474609375;0.35577392578125;-1.366241455078125;1
2020-07-16 14:17:48;1594934274.1234698;2;-0.2154083251953125;0.1906585693359375;-1.4291534423828125;1
2020-07-16 14:17:48;1594934274.163559;2;-0.2063446044921875;-0.063323974609375;-1.4590606689453125;1
2020-07-16 14:17:48;1594934274.203321;2;-0.133026123046875;-0.0058746337890625;-1.4110565185546875;1
2020-07-16 14:17:48;1594934274.246144;2;-0.0586090087890625;-0.0152130126953125;-1.41778564453125;1
2020-07-16 14:17:48;1594934274.284935;2;-0.088165283203125;-0.000396728515625;-1.521026611328125;1
2020-07-16 14:17:48;1594934274.325265;2;-0.1139068603515625;-0.0499267578125;-1.6570281982421875;1
2020-07-16 14:17:48;1594934274.365493;2;-0.0835113525390625;-0.012420654296875;-1.5426025390625;1
2020-07-16 14:17:48;1594934274.4053519;2;-0.1595306396484375;0.24542236328125;-1.318572998046875;1
2020-07-16 14:17:48;1594934274.445863;2;-0.200531005859375;0.412628173828125;-1.3917236328125;1
2020-07-16 14:17:48;1594934274.484934;2;-0.132049560546875;0.3994598388671875;-1.399322509765625;1
2020-07-16 14:17:48;1594934274.525521;2;-0.101318359375;0.33795166015625;-1.2664794921875;1
2020-07-16 14:17:48;1594934274.565454;2;-0.0811920166015625;0.3257904052734375;-1.15948486328125;1
2020-07-16 14:17:48;1594934274.60496;2;-0.078521728515625;0.356353759765625;-1.10845947265625;1
2020-07-16 14:17:48;1594934274.6452231;2;-0.126861572265625;0.4552459716796875;-1.06634521484375;1
2020-07-16 14:17:48;1594934274.685364;2;-0.1450653076171875;0.5076751708984375;-0.99346923828125;1
2020-07-16 14:17:48;1594934274.725374;2;-0.15283203125;0.4903411865234375;-0.8902435302734375;1
2020-07-16 14:17:48;1594934274.765586;2;-0.1280059814453125;0.50201416015625;-0.7943878173828125;1
2020-07-16 14:17:48;1594934274.805701;2;-0.109375;0.4180145263671875;-0.795928955078125;1
2020-07-16 14:17:48;1594934274.846045;2;-0.112274169921875;0.427337646484375;-0.88153076171875;1
2020-07-16 14:17:48;1594934274.8860571;2;-0.0663299560546875;0.51226806640625;-0.8963623046875;1
2020-07-16 14:17:48;1594934274.926281;2;0.01812744140625;0.4535980224609375;-0.69366455078125;1
2020-07-16 14:17:48;1594934274.966601;2;0.0978240966796875;0.391357421875;-0.734619140625;1
2020-07-16 14:17:48;1594934275.0065124;2;0.0685577392578125;0.4048614501953125;-0.9657135009765624;1
2020-07-16 14:17:48;1594934275.0466864;2;-0.0160369873046875;0.4890289306640625;-1.1681976318359375;1
2020-07-16 14:17:48;1594934275.086758;2;-0.0349578857421875;0.4511260986328125;-1.215911865234375;1
2020-07-16 14:17:48;1594934275.127089;2;0.0118865966796875;0.17205810546875;-1.1759185791015625;1
2020-07-16 14:17:48;1594934275.1668394;2;-0.049102783203125;0.05865478515625;-1.1660614013671875;1
2020-07-16 14:17:48;1594934275.207025;2;-0.096160888671875;0.15008544921875;-1.16387939453125;1
2020-07-16 14:17:48;1594934275.2472072;2;-0.1221160888671875;0.3229217529296875;-1.2371368408203125;1
2020-07-16 14:17:48;1594934275.287652;2;-0.105865478515625;0.4008941650390625;-1.2787017822265625;1
2020-07-16 14:17:48;1594934275.327896;2;-0.0233001708984375;0.2467803955078125;-1.2331085205078125;1
2020-07-16 14:17:48;1594934275.3677466;2;0.007598876953125;0.09283447265625;-1.2378997802734375;1
2020-07-16 14:17:48;1594934275.4077;2;0.010650634765625;0.1409454345703125;-1.27203369140625;1
2020-07-16 14:17:48;1594934275.4480991;2;0.0384368896484375;0.055145263671875;-1.3867034912109375;1
2020-07-16 14:17:48;1594934275.488112;2;-0.029541015625;-0.0163421630859375;-1.544677734375;1
2020-07-16 14:17:48;1594934275.528334;2;-0.075653076171875;-0.080718994140625;-1.6241607666015625;1
2020-07-16 14:17:48;1594934275.5683892;2;-0.00335693359375;-0.0944976806640625;-1.48406982421875;1
2020-07-16 14:17:48;1594934275.608467;2;-0.0397491455078125;0.156158447265625;-1.2664642333984375;1
2020-07-16 14:17:48;1594934275.648762;2;-0.1103668212890625;0.373626708984375;-1.2707977294921875;1
2020-07-16 14:17:48;1594934275.689282;2;-0.134918212890625;0.4094390869140625;-1.3072052001953125;1
2020-07-16 14:17:48;1594934275.729003;2;-0.1288909912109375;0.3362274169921875;-1.262451171875;1
2020-07-16 14:17:48;1594934275.769001;2;-0.0843963623046875;0.287322998046875;-1.159088134765625;1
2020-07-16 14:17:48;1594934275.809115;2;-0.05645751953125;0.313629150390625;-1.0926055908203125;1
2020-07-16 14:17:48;1594934275.849242;2;-0.0577850341796875;0.3457794189453125;-1.1978912353515625;1
2020-07-16 14:17:48;1594934275.889605;2;-0.10137939453125;0.3775634765625;-1.3437042236328125;1
2020-07-16 14:17:48;1594934275.9298394;2;-0.1357879638671875;0.49169921875;-1.3369293212890625;1
2020-07-16 14:17:48;1594934275.9702814;2;-0.1275482177734375;0.558258056640625;-1.136138916015625;1
2020-07-16 14:17:48;1594934276.010406;2;-0.1255340576171875;0.627532958984375;-1.0460662841796875;1
2020-07-16 14:17:48;1594934276.050146;2;-0.137786865234375;0.7122955322265625;-0.9965667724609376;1
2020-07-16 14:17:48;1594934276.0904179;2;-0.1364898681640625;0.5930023193359375;-0.59051513671875;1
2020-07-16 14:17:48;1594934276.1302562;2;-0.053192138671875;0.3926544189453125;-0.389739990234375;1
2020-07-16 14:17:48;1594934276.1704931;2;-0.027984619140625;0.349639892578125;-0.54742431640625;1
2020-07-16 14:17:48;1594934276.2107966;2;-0.0607147216796875;0.4209747314453125;-0.896728515625;1
2020-07-16 14:17:48;1594934276.250822;2;0.0059356689453125;0.396148681640625;-0.9701690673828124;1
2020-07-16 14:17:48;1594934276.291016;2;0.0018463134765625;0.300018310546875;-0.9717864990234376;1
2020-07-16 14:17:48;1594934276.331221;2;0.009368896484375;0.271514892578125;-1.07379150390625;1
2020-07-16 14:17:48;1594934276.3713698;2;0.0432586669921875;0.2661895751953125;-1.1395111083984375;1
2020-07-16 14:17:48;1594934276.411519;2;-0.0245208740234375;0.3539276123046875;-1.2802734375;1
2020-07-16 14:17:48;1594934276.451364;2;-0.1166229248046875;0.4319000244140625;-1.4273529052734375;1
2020-07-16 14:17:48;1594934276.491574;2;-0.0742034912109375;0.1798095703125;-1.4111785888671875;1
2020-07-16 14:17:48;1594934276.531806;2;-0.0993804931640625;0.0105133056640625;-1.4053192138671875;1
2020-07-16 14:17:48;1594934276.571958;2;-0.1837005615234375;0.123565673828125;-1.499114990234375;1
2020-07-16 14:17:48;1594934276.612094;2;-0.119232177734375;0.103485107421875;-1.511444091796875;1
2020-07-16 14:17:48;1594934276.652093;2;-0.09918212890625;0.11285400390625;-1.5535430908203125;1
2020-07-16 14:17:48;1594934276.692611;2;-0.08843994140625;0.0516510009765625;-1.442901611328125;1
2020-07-16 14:17:48;1594934276.732547;2;-0.079803466796875;0.06024169921875;-1.463287353515625;1
2020-07-16 14:17:48;1594934276.7724721;2;-0.152130126953125;0.229248046875;-1.3620147705078125;1
2020-07-16 14:17:48;1594934276.812666;2;-0.2173614501953125;0.410369873046875;-1.426666259765625;1
2020-07-16 14:17:48;1594934276.852781;2;-0.1863861083984375;0.375091552734375;-1.341033935546875;1
2020-07-16 14:17:48;1594934276.8930569;2;-0.137054443359375;0.3440399169921875;-1.1541595458984375;1
2020-07-16 14:17:48;1594934276.933152;2;-0.0841217041015625;0.3549041748046875;-1.0106201171875;1
2020-07-16 14:17:48;1594934276.9732711;2;-0.051025390625;0.30169677734375;-1.1183013916015625;1
2020-07-16 14:17:48;1594934277.013463;2;-0.07489013671875;0.355224609375;-1.19061279296875;1
2020-07-16 14:17:48;1594934277.055719;2;-0.1283721923828125;0.4525299072265625;-1.13507080078125;1
2020-07-16 14:17:48;1594934277.0954962;2;-0.1341705322265625;0.4598236083984375;-0.929046630859375;1
2020-07-16 14:17:48;1594934277.135124;2;-0.119354248046875;0.51513671875;-0.78814697265625;1
2020-07-16 14:17:48;1594934277.175075;2;-0.14019775390625;0.5463714599609375;-0.784637451171875;1
2020-07-16 14:17:48;1594934277.215692;2;-0.1924591064453125;0.586761474609375;-0.9999847412109376;1
2020-07-16 14:17:48;1594934277.255069;2;-0.10302734375;0.44647216796875;-0.9109649658203124;1
2020-07-16 14:17:48;1594934277.296215;2;0.01715087890625;0.3401947021484375;-0.704193115234375;1
2020-07-16 14:17:48;1594934277.3353126;2;0.1759796142578125;0.3413848876953125;-0.76641845703125;1
2020-07-16 14:17:48;1594934277.3753374;2;0.290008544921875;0.23931884765625;-1.214691162109375;1
2020-07-16 14:17:48;1594934277.415374;2;0.237396240234375;0.133087158203125;-1.322052001953125;1
2020-07-16 14:17:48;1594934277.455738;2;0.137420654296875;0.127838134765625;-0.972259521484375;1
2020-07-16 14:17:48;1594934277.495301;2;0.0777435302734375;0.16094970703125;-0.8668060302734375;1
2020-07-16 14:17:48;1594934277.536067;2;0.0620574951171875;0.246612548828125;-0.957122802734375;1
2020-07-16 14:17:48;1594934277.575583;2;0.0211334228515625;0.31512451171875;-1.0800323486328125;1
2020-07-16 14:17:48;1594934277.6154711;2;0.061676025390625;0.334197998046875;-1.2670135498046875;1
2020-07-16 14:17:48;1594934277.6556866;2;0.182586669921875;0.1445770263671875;-1.5026397705078125;1
2020-07-16 14:17:48;1594934277.6959429;2;0.338531494140625;-0.2432098388671875;-1.5695037841796875;1
2020-07-16 14:17:48;1594934277.7369928;2;0.41754150390625;-0.14398193359375;-1.5826568603515625;1
2020-07-16 14:17:48;1594934277.7758741;2;0.5032196044921875;0.0672760009765625;-1.5338287353515625;1
2020-07-16 14:17:48;1594934277.816216;2;0.4452972412109375;0.13470458984375;-1.4141387939453125;1
2020-07-16 14:17:48;1594934277.856255;2;0.3300628662109375;0.0777587890625;-1.1819305419921875;1
2020-07-16 14:17:48;1594934277.896584;2;0.320770263671875;0.0060882568359375;-0.977264404296875;1
2020-07-16 14:17:48;1594934277.936828;2;0.3062744140625;0.01123046875;-1.0382080078125;1
2020-07-16 14:17:48;1594934277.976726;2;0.2502899169921875;0.1494598388671875;-1.315032958984375;1
2020-07-16 14:17:48;1594934278.0171962;2;0.234039306640625;0.24224853515625;-1.37823486328125;1
2020-07-16 14:17:48;1594934278.0572731;2;0.175506591796875;0.248565673828125;-1.2957916259765625;1
2020-07-16 14:17:48;1594934278.0975199;2;0.1414642333984375;0.2769927978515625;-1.120819091796875;1
2020-07-16 14:17:48;1594934278.1372762;2;0.1294097900390625;0.3028564453125;-1.065826416015625;1
2020-07-16 14:17:48;1594934278.178215;2;0.0717010498046875;0.3241119384765625;-1.124786376953125;1
2020-07-16 14:17:48;1594934278.217551;2;0.0705718994140625;0.3561248779296875;-1.06689453125;1
2020-07-16 14:17:48;1594934278.2578099;2;0.0493927001953125;0.3572540283203125;-0.978607177734375;1
2020-07-16 14:17:48;1594934278.2982779;2;-0.0615386962890625;0.44342041015625;-1.0110015869140625;1
2020-07-16 14:17:48;1594934278.3382158;2;-0.043243408203125;0.44305419921875;-1.1052093505859375;1
2020-07-16 14:17:48;1594934278.378285;2;0.009552001953125;0.5928497314453125;-1.250274658203125;1
2020-07-16 14:17:48;1594934278.418359;2;-0.0031890869140625;0.5789337158203125;-1.0820770263671875;1
2020-07-16 14:17:48;1594934278.458767;2;0.003631591796875;0.3824005126953125;-0.7588043212890625;1
2020-07-16 14:17:48;1594934278.498788;2;0.1059112548828125;0.3105926513671875;-0.4221649169921875;1
2020-07-16 14:17:48;1594934278.538808;2;0.1020965576171875;0.38494873046875;-0.633575439453125;1
2020-07-16 14:17:48;1594934278.5789351;2;0.144561767578125;0.415130615234375;-0.97186279296875;1
2020-07-16 14:17:48;1594934278.619134;2;0.179107666015625;0.3382720947265625;-0.9577178955078124;1
2020-07-16 14:17:48;1594934278.659509;2;0.124786376953125;0.19622802734375;-1.041839599609375;1
2020-07-16 14:17:48;1594934278.699545;2;0.0711517333984375;0.22296142578125;-1.05804443359375;1
2020-07-16 14:17:48;1594934278.7398288;2;0.0259857177734375;0.357269287109375;-1.0029449462890625;1
2020-07-16 14:17:48;1594934278.7795794;2;-0.0186920166015625;0.4113311767578125;-1.239044189453125;1
2020-07-16 14:17:48;1594934278.820013;2;-0.059173583984375;0.3551025390625;-1.4820556640625;1
2020-07-16 14:17:48;1594934278.860002;2;0.047698974609375;0.16876220703125;-1.464752197265625;1
2020-07-16 14:17:48;1594934278.900187;2;0.2154693603515625;0.0606842041015625;-1.41485595703125;1
2020-07-16 14:17:48;1594934278.940095;2;0.3006439208984375;0.0797576904296875;-1.3281402587890625;1
2020-07-16 14:17:48;1594934278.980445;2;0.2719268798828125;0.1927947998046875;-1.5125732421875;1
2020-07-16 14:17:48;1594934279.020492;2;0.22900390625;0.1309356689453125;-1.524078369140625;1
2020-07-16 14:17:48;1594934279.060895;2;0.203125;-0.127044677734375;-1.3579864501953125;1
2020-07-16 14:17:48;1594934279.100967;2;0.1392974853515625;-0.002899169921875;-1.19921875;1
2020-07-16 14:17:48;1594934279.1407561;2;0.066375732421875;0.2504730224609375;-1.12298583984375;1
2020-07-16 14:17:48;1594934279.180859;2;0.0428466796875;0.3267669677734375;-1.2425994873046875;1
2020-07-16 14:17:48;1594934279.2209768;2;0.04656982421875;0.249176025390625;-1.2276763916015625;1
2020-07-16 14:17:48;1594934279.2612062;2;0.04718017578125;0.257232666015625;-1.1328582763671875;1
2020-07-16 14:17:48;1594934279.301461;2;0.05462646484375;0.3397979736328125;-1.0776214599609375;1
2020-07-16 14:17:48;1594934279.3416162;2;0.0133514404296875;0.4673614501953125;-1.1936492919921875;1
2020-07-16 14:17:48;1594934279.3816874;2;-0.0076751708984375;0.4575958251953125;-1.1666412353515625;1
2020-07-16 14:17:48;1594934279.422169;2;-0.023223876953125;0.3974151611328125;-1.02215576171875;1
2020-07-16 14:17:48;1594934279.46205;2;-0.019927978515625;0.37078857421875;-0.856903076171875;1
2020-07-16 14:17:48;1594934279.502341;2;-0.016021728515625;0.4626007080078125;-0.8310394287109375;1
2020-07-16 14:17:48;1594934279.542198;2;0.00787353515625;0.5516204833984375;-0.98486328125;1
2020-07-16 14:17:48;1594934279.582295;2;0.007843017578125;0.6535797119140625;-1.139404296875;1
2020-07-16 14:17:48;1594934279.622592;2;-0.0061798095703125;0.5090484619140625;-0.931671142578125;1
2020-07-16 14:17:48;1594934279.66256;2;0.046722412109375;0.33575439453125;-0.655303955078125;1
2020-07-16 14:17:48;1594934279.703116;2;0.0892181396484375;0.3436737060546875;-0.7471466064453125;1
2020-07-16 14:17:48;1594934279.74347;2;0.111572265625;0.2840576171875;-0.949462890625;1
2020-07-16 14:17:48;1594934279.7830794;2;0.0765533447265625;0.282958984375;-1.008056640625;1
2020-07-16 14:17:48;1594934279.8231258;2;0.03790283203125;0.2388458251953125;-0.9610595703125;1
2020-07-16 14:17:48;1594934279.863443;2;0.0344085693359375;0.2186126708984375;-0.882904052734375;1
2020-07-16 14:17:48;1594934279.904958;2;0.0168914794921875;0.2823638916015625;-0.914215087890625;1
2020-07-16 14:17:48;1594934279.945364;2;-0.01220703125;0.387664794921875;-1.053070068359375;1
2020-07-16 14:17:48;1594934279.9850788;2;0.0219879150390625;0.367828369140625;-1.1513671875;1
2020-07-16 14:17:48;1594934280.0250669;2;0.107086181640625;0.1417999267578125;-1.23870849609375;1
2020-07-16 14:17:48;1594934280.065127;2;0.0602569580078125;-0.02947998046875;-1.432861328125;1
2020-07-16 14:17:48;1594934280.105067;2;-0.022613525390625;0.00762939453125;-1.698150634765625;1
2020-07-16 14:17:48;1594934280.146635;2;0.00640869140625;0.169036865234375;-1.67401123046875;1
2020-07-16 14:17:48;1594934280.185111;2;0.1255340576171875;0.1709442138671875;-1.38482666015625;1
2020-07-16 14:17:48;1594934280.225018;2;0.1402587890625;0.044952392578125;-1.3874664306640625;1
2020-07-16 14:17:48;1594934280.264964;2;0.0762481689453125;0.114654541015625;-1.2665557861328125;1
2020-07-16 14:17:48;1594934280.3056011;2;0.019775390625;0.3083038330078125;-1.2131195068359375;1
2020-07-16 14:17:48;1594934280.3456051;2;0.0400848388671875;0.320037841796875;-1.2827606201171875;1
2020-07-16 14:17:48;1594934280.385155;2;0.088226318359375;0.23797607421875;-1.230712890625;1
2020-07-16 14:17:48;1594934280.425816;2;0.08642578125;0.2596282958984375;-1.0553741455078125;1
2020-07-16 14:17:48;1594934280.46574;2;0.0853424072265625;0.2678375244140625;-1.029083251953125;1
2020-07-16 14:17:48;1594934280.505807;2;0.0250701904296875;0.3197021484375;-1.0608367919921875;1
2020-07-16 14:17:48;1594934280.5461268;2;-0.0294647216796875;0.392364501953125;-1.0716400146484375;1
2020-07-16 14:17:48;1594934280.585992;2;-0.030853271484375;0.3974609375;-0.9989166259765624;1
2020-07-16 14:17:48;1594934280.625949;2;-0.033782958984375;0.39697265625;-0.95849609375;1
2020-07-16 14:17:48;1594934280.6660972;2;-0.0162811279296875;0.4977569580078125;-0.8601837158203125;1
2020-07-16 14:17:48;1594934280.7064161;2;-0.015380859375;0.551361083984375;-0.9119873046875;1
2020-07-16 14:17:48;1594934280.746557;2;-0.0032958984375;0.6486968994140625;-1.0837554931640625;1
2020-07-16 14:17:48;1594934280.786839;2;0.009552001953125;0.6222686767578125;-0.965667724609375;1
2020-07-16 14:17:48;1594934280.826765;2;0.0471343994140625;0.4641876220703125;-0.6731109619140625;1
2020-07-16 14:17:48;1594934280.866848;2;0.108734130859375;0.422393798828125;-0.565185546875;1
2020-07-16 14:17:48;1594934280.907259;2;0.097381591796875;0.420074462890625;-0.8901824951171875;1
2020-07-16 14:17:48;1594934280.947159;2;0.120880126953125;0.408355712890625;-1.1107025146484375;1
2020-07-16 14:17:48;1594934280.987257;2;0.147247314453125;0.3431854248046875;-1.0776519775390625;1
2020-07-16 14:17:48;1594934281.028057;2;0.1309661865234375;0.1695709228515625;-1.06304931640625;1
2020-07-16 14:17:48;1594934281.0676024;2;0.088836669921875;0.21527099609375;-1.0308837890625;1
2020-07-16 14:17:48;1594934281.1079578;2;0.04986572265625;0.370361328125;-1.0598297119140625;1
2020-07-16 14:17:48;1594934281.1477818;2;0.008026123046875;0.479034423828125;-1.2663116455078125;1
2020-07-16 14:17:48;1594934281.1880069;2;0.055450439453125;0.43536376953125;-1.226409912109375;1
2020-07-16 14:17:48;1594934281.228514;2;0.1594696044921875;0.281494140625;-1.2348480224609375;1
2020-07-16 14:17:48;1594934281.268327;2;0.2613372802734375;0.224639892578125;-1.2642364501953125;1
2020-07-16 14:17:48;1594934281.308515;2;0.3288421630859375;0.3023223876953125;-1.345703125;1
2020-07-16 14:17:48;1594934281.3486118;2;0.3028564453125;0.3129425048828125;-1.5561981201171875;1
2020-07-16 14:17:48;1594934281.3888462;2;0.3029937744140625;0.06463623046875;-1.487884521484375;1
2020-07-16 14:17:48;1594934281.428934;2;0.2793121337890625;-0.085235595703125;-1.347869873046875;1
2020-07-16 14:17:48;1594934281.4691632;2;0.16766357421875;0.170654296875;-1.1922454833984375;1
2020-07-16 14:17:48;1594934281.5092602;2;0.1121826171875;0.3260345458984375;-1.173736572265625;1
2020-07-16 14:17:48;1594934281.549294;2;0.06536865234375;0.313629150390625;-1.12335205078125;1
2020-07-16 14:17:48;1594934281.589468;2;0.01513671875;0.3052215576171875;-1.0511322021484375;1
2020-07-16 14:17:48;1594934281.629669;2;0.0487823486328125;0.3375701904296875;-1.00408935546875;1
2020-07-16 14:17:48;1594934281.6699052;2;0.1131439208984375;0.3421173095703125;-0.9314727783203124;1
2020-07-16 14:17:48;1594934281.7101068;2;0.0530242919921875;0.391998291015625;-1.0670166015625;1
2020-07-16 14:17:48;1594934281.7499974;2;0.0127410888671875;0.4222259521484375;-1.0832977294921875;1
2020-07-16 14:17:48;1594934281.790184;2;0.019195556640625;0.3940277099609375;-1.0431976318359375;1
2020-07-16 14:17:48;1594934281.8303928;2;-0.0045928955078125;0.406280517578125;-1.0258026123046875;1
2020-07-16 14:17:48;1594934281.870461;2;-0.036041259765625;0.56365966796875;-1.0096588134765625;1
2020-07-16 14:17:48;1594934281.910521;2;-0.055633544921875;0.5663299560546875;-1.0637969970703125;1
2020-07-16 14:17:48;1594934281.950766;2;-0.0067596435546875;0.6699981689453125;-1.1841583251953125;1
2020-07-16 14:17:48;1594934281.9907632;2;0.0152740478515625;0.5134429931640625;-0.9274139404296876;1
2020-07-16 14:17:48;1594934282.030839;2;0.109405517578125;0.3971405029296875;-0.69598388671875;1
2020-07-16 14:17:48;1594934282.07107;2;0.171661376953125;0.383941650390625;-0.7047119140625;1
2020-07-16 14:17:48;1594934282.111753;2;0.1541900634765625;0.3612213134765625;-0.8873443603515625;1
2020-07-16 14:17:48;1594934282.151403;2;0.0803680419921875;0.3364105224609375;-0.9113922119140624;1
2020-07-16 14:17:48;1594934282.191475;2;0.0447235107421875;0.2818145751953125;-0.8329620361328125;1
2020-07-16 14:17:48;1594934282.231474;2;0.076202392578125;0.21331787109375;-0.7474822998046875;1
2020-07-16 14:17:48;1594934282.271827;2;0.0162200927734375;0.2626495361328125;-0.8563995361328125;1
2020-07-16 14:17:48;1594934282.312099;2;-0.0327911376953125;0.400177001953125;-1.028350830078125;1
2020-07-16 14:17:48;1594934282.3520124;2;-0.06524658203125;0.5269622802734375;-1.21099853515625;1
2020-07-16 14:17:48;1594934282.3921711;2;-0.01593017578125;0.41766357421875;-1.3055572509765625;1
2020-07-16 14:17:48;1594934282.432601;2;0.0982208251953125;0.2093048095703125;-1.3604583740234375;1
2020-07-16 14:17:48;1594934282.472601;2;0.253448486328125;0.19635009765625;-1.360107421875;1
2020-07-16 14:17:48;1594934282.5128279;2;0.3612213134765625;0.287933349609375;-1.279327392578125;1
2020-07-16 14:17:48;1594934282.55276;2;0.3173828125;0.3380279541015625;-1.4815826416015625;1
2020-07-16 14:17:48;1594934282.592783;2;0.2467498779296875;0.21990966796875;-1.407012939453125;1
2020-07-16 14:17:48;1594934282.633127;2;0.22637939453125;0.0311737060546875;-1.2457733154296875;1
2020-07-16 14:17:48;1594934282.673098;2;0.1922607421875;0.0875091552734375;-1.185302734375;1
2020-07-16 14:17:48;1594934282.714937;2;0.124267578125;0.2283782958984375;-1.166168212890625;1
2020-07-16 14:17:48;1594934282.75499;2;0.085205078125;0.2624053955078125;-1.15948486328125;1
2020-07-16 14:17:48;1594934282.7953699;2;0.0709381103515625;0.230926513671875;-1.0756988525390625;1
2020-07-16 14:17:48;1594934282.835069;2;0.0700836181640625;0.2520294189453125;-1.06494140625;1
2020-07-16 14:17:48;1594934282.875596;2;0.1026763916015625;0.3404998779296875;-1.1273345947265625;1
2020-07-16 14:17:48;1594934282.914892;2;0.1463775634765625;0.3589019775390625;-1.1865081787109375;1
2020-07-16 14:17:48;1594934282.9552689;2;0.09088134765625;0.38714599609375;-1.2333831787109375;1
2020-07-16 14:17:48;1594934282.996046;2;0.0551605224609375;0.40374755859375;-1.1219482421875;1
2020-07-16 14:17:48;1594934283.0350454;2;0.04248046875;0.428314208984375;-0.966339111328125;1
2020-07-16 14:17:48;1594934283.074933;2;-0.00067138671875;0.5234832763671875;-0.88800048828125;1
2020-07-16 14:17:48;1594934283.115025;2;-0.035736083984375;0.6298065185546875;-0.8118133544921875;1
2020-07-16 14:17:48;1594934283.155084;2;0.0181121826171875;0.636932373046875;-0.8328857421875;1
2020-07-16 14:17:48;1594934283.196238;2;0.0695953369140625;0.5935516357421875;-0.8726654052734375;1
2020-07-16 14:17:48;1594934283.235209;1;0.1103057861328125;0.4808197021484375;-0.7232208251953125;1
2020-07-16 14:17:48;1594934283.27556;1;0.1508026123046875;0.3719635009765625;-0.7081298828125;1
2020-07-16 14:17:48;1594934283.315494;1;0.0811004638671875;0.389373779296875;-0.905303955078125;1
2020-07-16 14:17:48;1594934283.355664;1;0.0306854248046875;0.4611358642578125;-1.09210205078125;1
2020-07-16 14:17:48;1594934283.3956206;1;0.0019378662109375;0.38946533203125;-1.15240478515625;1
2020-07-16 14:17:48;1594934283.4358811;1;-0.0220489501953125;0.21954345703125;-1.105072021484375;1
2020-07-16 14:17:48;1594934283.4763534;1;-0.023590087890625;0.211151123046875;-1.00946044921875;1
2020-07-16 14:17:48;1594934283.516851;1;-0.0147705078125;0.2706451416015625;-0.97930908203125;1
2020-07-16 14:17:48;1594934283.556195;1;-0.05450439453125;0.366424560546875;-1.1200408935546875;1
2020-07-16 14:17:48;1594934283.596473;1;-0.0579681396484375;0.4503326416015625;-1.181671142578125;1
2020-07-16 14:17:48;1594934283.6365619;1;-0.0153350830078125;0.3057403564453125;-1.1924591064453125;1
2020-07-16 14:17:48;1594934283.676866;1;0.0450439453125;0.1847076416015625;-1.17730712890625;1
2020-07-16 14:17:48;1594934283.716879;1;0.09454345703125;0.254730224609375;-1.206207275390625;1
2020-07-16 14:17:48;1594934283.756937;1;0.15643310546875;0.277435302734375;-1.28387451171875;1
2020-07-16 14:17:48;1594934283.7971966;1;0.1862335205078125;0.2545623779296875;-1.4569854736328125;1
2020-07-16 14:17:48;1594934283.837394;1;0.1884918212890625;0.1403045654296875;-1.4996337890625;1
2020-07-16 14:17:48;1594934283.87712;1;0.2401580810546875;-0.1100921630859375;-1.3302154541015625;1
2020-07-16 14:17:48;1594934283.9176679;1;0.312408447265625;-0.07049560546875;-1.0251617431640625;1
2020-07-16 14:17:48;1594934283.9578364;1;0.22491455078125;0.1512298583984375;-1.0485992431640625;1
2020-07-16 14:17:48;1594934283.9977472;1;0.1705474853515625;0.317108154296875;-1.2848358154296875;1
2020-07-16 14:17:48;1594934284.037912;1;0.0891265869140625;0.43780517578125;-1.4851531982421875;1
2020-07-16 14:17:48;1594934284.078202;1;0.0661163330078125;0.428070068359375;-1.602996826171875;1
2020-07-16 14:17:48;1594934284.118587;1;0.091583251953125;0.4873046875;-1.483673095703125;1
2020-07-16 14:17:48;1594934284.1586359;1;0.0664520263671875;0.6027984619140625;-1.358642578125;1
2020-07-16 14:17:48;1594934284.198647;1;0.015777587890625;0.6692962646484375;-1.191192626953125;1
2020-07-16 14:17:48;1594934284.238741;1;0.01422119140625;0.61761474609375;-0.9132537841796876;1
2020-07-16 14:17:48;1594934284.2795;1;0.032196044921875;0.506683349609375;-0.70867919921875;1
2020-07-16 14:17:48;1594934284.319052;1;0.0523834228515625;0.4653778076171875;-0.5620574951171875;1
2020-07-16 14:17:48;1594934284.359009;1;0.07415771484375;0.49609375;-0.5492095947265625;1
2020-07-16 14:17:48;1594934284.399292;1;0.102325439453125;0.4558563232421875;-0.617340087890625;1
2020-07-16 14:17:48;1594934284.43975;1;0.1511688232421875;0.4800262451171875;-0.7412109375;1
2020-07-16 14:17:48;1594934284.47948;1;0.149200439453125;0.41754150390625;-0.766510009765625;1
2020-07-16 14:17:48;1594934284.5200381;1;0.0715484619140625;0.4239349365234375;-0.946258544921875;1
2020-07-16 14:17:48;1594934284.559633;1;0.0254974365234375;0.5528106689453125;-1.1449737548828125;1
2020-07-16 14:17:48;1594934284.599865;1;-0.0098114013671875;0.517913818359375;-1.34930419921875;1
2020-07-16 14:17:48;1594934284.640068;1;-0.1050262451171875;0.380096435546875;-1.3479766845703125;1
2020-07-16 14:17:48;1594934284.680225;1;-0.1396484375;0.2430267333984375;-1.1586456298828125;1
2020-07-16 14:17:48;1594934284.720082;1;-0.08978271484375;0.2278900146484375;-0.994476318359375;1
2020-07-16 14:17:48;1594934284.760783;1;-0.0919189453125;0.3227081298828125;-1.033843994140625;1
2020-07-16 14:17:48;1594934284.800446;1;-0.1142730712890625;0.43536376953125;-1.0748138427734375;1
2020-07-16 14:17:48;1594934284.8409262;1;-0.101470947265625;0.4806671142578125;-1.1208038330078125;1
2020-07-16 14:17:48;1594934284.8809302;1;-0.07196044921875;0.3406982421875;-1.1920928955078125;1
2020-07-16 14:17:48;1594934284.921012;1;-0.052459716796875;0.1799774169921875;-1.189910888671875;1
2020-07-16 14:17:48;1594934284.96122;1;-0.036376953125;0.1893463134765625;-1.2436370849609375;1
2020-07-16 14:17:48;1594934285.001359;1;0.0372772216796875;0.21014404296875;-1.3956298828125;1
2020-07-16 14:17:48;1594934285.0413706;1;0.0944671630859375;0.2076568603515625;-1.5576019287109375;1
2020-07-16 14:17:48;1594934285.0814981;1;0.1396942138671875;0.009918212890625;-1.5105743408203125;1
2020-07-16 14:17:48;1594934285.121825;1;0.218841552734375;-0.07781982421875;-1.2409820556640625;1
2020-07-16 14:17:48;1594934285.161943;1;0.268829345703125;0.161407470703125;-1.027740478515625;1
2020-07-16 14:17:48;1594934285.202179;1;0.26409912109375;0.299774169921875;-1.1514129638671875;1
2020-07-16 14:17:48;1594934285.2419732;1;0.2216949462890625;0.30169677734375;-1.36590576171875;1
2020-07-16 14:17:48;1594934285.2823026;1;0.140228271484375;0.3740234375;-1.4013671875;1
2020-07-16 14:17:48;1594934285.322469;1;0.1389007568359375;0.464141845703125;-1.3651123046875;1
2020-07-16 14:17:48;1594934285.362659;1;0.1395721435546875;0.5251922607421875;-1.322052001953125;1
2020-07-16 14:17:48;1594934285.402872;1;0.0921478271484375;0.596771240234375;-1.2626495361328125;1
2020-07-16 14:17:48;1594934285.4430454;1;0.064727783203125;0.562225341796875;-1.1000213623046875;1
2020-07-16 14:17:48;1594934285.484734;1;0.06719970703125;0.4753875732421875;-0.8472900390625;1
2020-07-16 14:17:48;1594934285.524802;1;0.0682373046875;0.415496826171875;-0.6564483642578125;1
2020-07-16 14:17:48;1594934285.5650198;1;0.06134033203125;0.4152679443359375;-0.5281982421875;1
2020-07-16 14:17:48;1594934285.605452;1;0.0716552734375;0.4411468505859375;-0.52569580078125;1
2020-07-16 14:17:48;1594934285.6453779;1;0.1144256591796875;0.49139404296875;-0.5761871337890625;1
2020-07-16 14:17:48;1594934285.684798;1;0.1160736083984375;0.5513153076171875;-0.8096923828125;1
2020-07-16 14:17:48;1594934285.724391;1;0.1027069091796875;0.4687652587890625;-0.9420318603515624;1
2020-07-16 14:17:48;1594934285.7649431;1;0.088470458984375;0.4262237548828125;-1.03179931640625;1
2020-07-16 14:17:48;1594934285.8047981;1;0.0295562744140625;0.4199371337890625;-1.16705322265625;1
2020-07-16 14:17:48;1594934285.845457;1;-0.077423095703125;0.4379730224609375;-1.29998779296875;1
2020-07-16 14:17:48;1594934285.8852284;1;-0.1531524658203125;0.4251556396484375;-1.2848663330078125;1
2020-07-16 14:17:48;1594934285.924685;1;-0.1305694580078125;0.3594818115234375;-1.062347412109375;1
2020-07-16 14:17:48;1594934285.96552;1;-0.083740234375;0.34295654296875;-0.909454345703125;1
2020-07-16 14:17:48;1594934286.004803;1;-0.04119873046875;0.3851776123046875;-0.8726348876953125;1
2020-07-16 14:17:48;1594934286.046411;1;-0.019378662109375;0.4524993896484375;-0.86981201171875;1
2020-07-16 14:17:48;1594934286.085654;1;-0.05902099609375;0.5645751953125;-1.0010223388671875;1
2020-07-16 14:17:48;1594934286.125403;1;-0.073638916015625;0.490936279296875;-1.1088104248046875;1
2020-07-16 14:17:48;1594934286.16537;1;-0.05657958984375;0.3413238525390625;-1.2549591064453125;1
2020-07-16 14:17:48;1594934286.2056198;1;-0.049468994140625;0.2554473876953125;-1.46820068359375;1
2020-07-16 14:17:48;1594934286.245692;1;-0.000274658203125;0.2374267578125;-1.7005157470703125;1
2020-07-16 14:17:48;1594934286.2858374;1;0.0778961181640625;0.233245849609375;-1.794769287109375;1
2020-07-16 14:17:48;1594934286.3261359;1;0.1553955078125;0.092010498046875;-1.52874755859375;1
2020-07-16 14:17:48;1594934286.3662481;1;0.26287841796875;-0.0665130615234375;-1.11590576171875;1
2020-07-16 14:17:48;1594934286.406148;1;0.2803497314453125;0.1124725341796875;-0.902740478515625;1
2020-07-16 14:17:48;1594934286.446508;1;0.2059326171875;0.3429107666015625;-1.0269927978515625;1
2020-07-16 14:17:48;1594934286.4864411;1;0.1236114501953125;0.506744384765625;-1.3494720458984375;1
2020-07-16 14:17:48;1594934286.52702;1;0.13385009765625;0.5248870849609375;-1.5047760009765625;1
2020-07-16 14:17:48;1594934286.56691;1;0.134979248046875;0.5286102294921875;-1.479736328125;1
2020-07-16 14:17:48;1594934286.6069431;1;0.1016387939453125;0.607757568359375;-1.399017333984375;1
2020-07-16 14:17:48;1594934286.647219;1;0.0578155517578125;0.6499786376953125;-1.2285614013671875;1
2020-07-16 14:17:48;1594934286.687119;1;0.0353546142578125;0.6271209716796875;-1.00927734375;1
2020-07-16 14:17:48;1594934286.7275882;1;-0.008209228515625;0.54888916015625;-0.8104095458984375;1
2020-07-16 14:17:48;1594934286.7675774;1;-0.0132904052734375;0.44696044921875;-0.5963592529296875;1
2020-07-16 14:17:48;1594934286.8077412;1;0.0072479248046875;0.441802978515625;-0.474273681640625;1
2020-07-16 14:17:48;1594934286.847879;1;0.0304718017578125;0.502593994140625;-0.522003173828125;1
2020-07-16 14:17:48;1594934286.88803;1;0.1087493896484375;0.5054473876953125;-0.655181884765625;1
2020-07-16 14:17:48;1594934286.9286034;1;0.1565704345703125;0.49005126953125;-0.808837890625;1
2020-07-16 14:17:48;1594934286.968238;1;0.1397552490234375;0.4863433837890625;-0.8880462646484375;1
2020-07-16 14:17:48;1594934287.008312;1;0.09454345703125;0.53302001953125;-0.9041290283203124;1
2020-07-16 14:17:48;1594934287.048579;1;0.0122528076171875;0.610992431640625;-1.106781005859375;1
2020-07-16 14:17:48;1594934287.088667;1;-0.0863037109375;0.6389923095703125;-1.3344573974609375;1
2020-07-16 14:17:48;1594934287.128772;1;-0.198394775390625;0.532135009765625;-1.42022705078125;1
2020-07-16 14:17:48;1594934287.1689599;1;-0.166717529296875;0.268218994140625;-1.2888031005859375;1
2020-07-16 14:17:48;1594934287.2091858;1;-0.0945587158203125;0.18634033203125;-1.113250732421875;1
2020-07-16 14:17:48;1594934287.249401;1;-0.0658111572265625;0.3423919677734375;-1.013031005859375;1
2020-07-16 14:17:48;1594934287.289218;1;-0.0888671875;0.5218963623046875;-1.080078125;1
2020-07-16 14:17:48;1594934287.330179;1;-0.1203460693359375;0.617034912109375;-1.1207733154296875;1
2020-07-16 14:17:48;1594934287.369731;1;-0.0943603515625;0.426483154296875;-1.154449462890625;1
2020-07-16 14:17:48;1594934287.4096806;1;-0.0573883056640625;0.1646728515625;-1.1593017578125;1
2020-07-16 14:17:48;1594934287.449791;1;0.0181427001953125;0.191497802734375;-1.24609375;1
2020-07-16 14:17:48;1594934287.4900231;1;0.09820556640625;0.238433837890625;-1.3833465576171875;1
2020-07-16 14:17:48;1594934287.530383;1;0.1192779541015625;0.0886077880859375;-1.5598602294921875;1
2020-07-16 14:17:48;1594934287.570343;1;0.1463775634765625;-0.0023651123046875;-1.548492431640625;1
2020-07-16 14:17:48;1594934287.610307;1;0.172515869140625;0.1529998779296875;-1.2886962890625;1
2020-07-16 14:17:48;1594934287.650533;1;0.127532958984375;0.2247772216796875;-1.218536376953125;1
2020-07-16 14:17:48;1594934287.69063;1;0.1002044677734375;0.2664642333984375;-1.250152587890625;1
2020-07-16 14:17:48;1594934287.731144;1;0.0780029296875;0.324310302734375;-1.180908203125;1
2020-07-16 14:17:48;1594934287.7708812;1;0.0248565673828125;0.440948486328125;-1.2164764404296875;1
2020-07-16 14:17:48;1594934287.811178;1;0.0839691162109375;0.495758056640625;-1.2684783935546875;1
2020-07-16 14:17:48;1594934287.851995;1;0.0817718505859375;0.51983642578125;-1.36627197265625;1
2020-07-16 14:17:48;1594934287.891685;1;0.0662841796875;0.5239715576171875;-1.3529815673828125;1
2020-07-16 14:17:48;1594934287.931859;1;0.0388641357421875;0.499969482421875;-1.217559814453125;1
2020-07-16 14:17:48;1594934287.9716456;1;0.0196990966796875;0.487060546875;-0.9987335205078124;1
2020-07-16 14:17:48;1594934288.011763;1;-0.012359619140625;0.54217529296875;-0.823089599609375;1
2020-07-16 14:17:48;1594934288.051808;1;-0.029327392578125;0.629241943359375;-0.763458251953125;1
2020-07-16 14:17:48;1594934288.092039;1;-0.0016021728515625;0.570220947265625;-0.7538604736328125;1
2020-07-16 14:17:48;1594934288.132652;1;0.0870819091796875;0.5576934814453125;-0.786407470703125;1
2020-07-16 14:17:48;1594934288.1724956;1;0.1224822998046875;0.466583251953125;-0.677642822265625;1
2020-07-16 14:17:48;1594934288.2148626;1;0.18670654296875;0.3865203857421875;-0.660247802734375;1
2020-07-16 14:17:48;1594934288.2529528;1;0.132049560546875;0.416778564453125;-0.8124847412109375;1
2020-07-16 14:17:48;1594934288.292667;1;0.0694580078125;0.5225982666015625;-0.9504241943359376;1
2020-07-16 14:17:48;1594934288.3352811;1;0.04766845703125;0.4712982177734375;-0.994140625;1
2020-07-16 14:17:48;1594934288.373009;1;0.004486083984375;0.3353271484375;-1.01776123046875;1
2020-07-16 14:17:48;1594934288.414809;1;-0.033660888671875;0.3118896484375;-1.044281005859375;1
2020-07-16 14:17:48;1594934288.4546509;1;-0.0792388916015625;0.3721923828125;-1.1305084228515625;1
2020-07-16 14:17:48;1594934288.495894;1;-0.1305084228515625;0.4916229248046875;-1.3140411376953125;1
2020-07-16 14:17:48;1594934288.534926;1;-0.1107330322265625;0.518035888671875;-1.37054443359375;1
2020-07-16 14:17:48;1594934288.57484;1;-0.0688323974609375;0.335906982421875;-1.3763580322265625;1
2020-07-16 14:17:48;1594934288.614963;1;0.0109405517578125;0.1760711669921875;-1.1988525390625;1
2020-07-16 14:17:48;1594934288.6547859;1;0.0535430908203125;0.2383575439453125;-1.1419677734375;1
2020-07-16 14:17:48;1594934288.694565;1;0.016510009765625;0.113372802734375;-1.3902130126953125;1
2020-07-16 14:17:48;1594934288.7354078;1;-0.1207122802734375;0.0784454345703125;-1.7593231201171875;1
2020-07-16 14:17:48;1594934288.774765;1;-0.1799774169921875;0.112030029296875;-1.6932220458984375;1
2020-07-16 14:17:48;1594934288.8156419;1;-0.0753936767578125;0.157623291015625;-1.3585205078125;1
2020-07-16 14:17:48;1594934288.854944;1;0.080596923828125;0.1910400390625;-1.15545654296875;1
2020-07-16 14:17:48;1594934288.896846;1;0.0821685791015625;0.2265167236328125;-1.2892303466796875;1
2020-07-16 14:17:48;1594934288.93521;1;-0.048553466796875;0.4090423583984375;-1.5421905517578125;1
2020-07-16 14:17:48;1594934288.975151;1;-0.0671844482421875;0.460357666015625;-1.4504852294921875;1
2020-07-16 14:17:48;1594934289.015343;1;-0.078521728515625;0.530792236328125;-1.351959228515625;1
2020-07-16 14:17:48;1594934289.0553498;1;-0.073944091796875;0.647186279296875;-1.28204345703125;1
2020-07-16 14:17:48;1594934289.095921;1;-0.0820159912109375;0.6594085693359375;-1.1560821533203125;1
2020-07-16 14:17:48;1594934289.135946;1;-0.1086578369140625;0.6291046142578125;-1.0167694091796875;1
2020-07-16 14:17:48;1594934289.1760259;1;-0.106353759765625;0.57452392578125;-0.852325439453125;1
2020-07-16 14:17:48;1594934289.2161741;1;-0.0189666748046875;0.4799346923828125;-0.5570831298828125;1
2020-07-16 14:17:48;1594934289.2562964;1;0.006927490234375;0.4616546630859375;-0.5916595458984375;1
2020-07-16 14:17:48;1594934289.296634;1;0.0290679931640625;0.4887237548828125;-0.6468048095703125;1
2020-07-16 14:17:48;1594934289.336648;1;0.0631103515625;0.5592803955078125;-0.7004547119140625;1
2020-07-16 14:17:48;1594934289.376636;1;0.10174560546875;0.5489501953125;-0.827301025390625;1
2020-07-16 14:17:48;1594934289.4167042;1;0.0992279052734375;0.5063323974609375;-0.8192596435546875;1
2020-07-16 14:17:48;1594934289.456847;1;0.0275115966796875;0.5233001708984375;-0.8575439453125;1
2020-07-16 14:17:48;1594934289.4972649;1;-0.0175628662109375;0.631988525390625;-1.06744384765625;1
2020-07-16 14:17:48;1594934289.537447;1;-0.1032562255859375;0.6203765869140625;-1.348297119140625;1
2020-07-16 14:17:48;1594934289.5774891;1;-0.156036376953125;0.403839111328125;-1.4003448486328125;1
2020-07-16 14:17:48;1594934289.617604;1;-0.2149505615234375;0.2425384521484375;-1.28570556640625;1
2020-07-16 14:17:48;1594934289.657701;1;-0.1844329833984375;0.25933837890625;-1.2281494140625;1
2020-07-16 14:17:48;1594934289.697733;1;-0.1560516357421875;0.3748626708984375;-1.1095733642578125;1
2020-07-16 14:17:48;1594934289.73809;1;-0.176116943359375;0.537994384765625;-1.110260009765625;1
2020-07-16 14:17:48;1594934289.7778668;1;-0.2025146484375;0.4740142822265625;-1.0852508544921875;1
2020-07-16 14:17:48;1594934289.8186061;1;-0.1517791748046875;0.232574462890625;-1.0665435791015625;1
2020-07-16 14:17:48;1594934289.858424;1;-0.126007080078125;0.133087158203125;-1.1101531982421875;1
2020-07-16 14:17:48;1594934289.8986778;1;-0.1490325927734375;0.2049560546875;-1.2683563232421875;1
2020-07-16 14:17:48;1594934289.9387524;1;-0.190460205078125;0.184173583984375;-1.4442138671875;1
2020-07-16 14:17:48;1594934289.978967;1;-0.223419189453125;-0.00067138671875;-1.58404541015625;1
2020-07-16 14:17:48;1594934290.019826;1;-0.2270050048828125;0.002685546875;-1.515411376953125;1
2020-07-16 14:17:48;1594934290.058823;1;-0.0714111328125;0.0988616943359375;-1.2422943115234375;1
2020-07-16 14:17:48;1594934290.099144;1;-0.1007080078125;0.228424072265625;-1.2900848388671875;1
2020-07-16 14:17:48;1594934290.139316;1;-0.13555908203125;0.3127593994140625;-1.443206787109375;1
2020-07-16 14:17:48;1594934290.179598;1;-0.1292572021484375;0.3499908447265625;-1.397918701171875;1
2020-07-16 14:17:48;1594934290.2197828;1;-0.120513916015625;0.41717529296875;-1.2464599609375;1
2020-07-16 14:17:48;1594934290.260082;1;-0.1400146484375;0.484954833984375;-1.2068939208984375;1
2020-07-16 14:17:48;1594934290.299756;1;-0.1550445556640625;0.54766845703125;-1.12750244140625;1
2020-07-16 14:17:48;1594934290.340096;1;-0.127838134765625;0.555023193359375;-1.0779266357421875;1
2020-07-16 14:17:48;1594934290.3800812;1;-0.112548828125;0.4723052978515625;-1.0508575439453125;1
2020-07-16 14:17:48;1594934290.4201212;1;-0.100494384765625;0.3672943115234375;-0.994171142578125;1
2020-07-16 14:17:48;1594934290.460324;1;-0.0738525390625;0.374969482421875;-0.8397369384765625;1
2020-07-16 14:17:48;1594934290.500778;1;-0.0941925048828125;0.4196624755859375;-0.7613983154296875;1
2020-07-16 14:17:48;1594934290.5407462;1;-0.074615478515625;0.49188232421875;-0.9580841064453124;1
2020-07-16 14:17:48;1594934290.5808089;1;-0.0624847412109375;0.5194091796875;-0.98992919921875;1
2020-07-16 14:17:48;1594934290.621148;2;-0.037353515625;0.4586181640625;-0.7210540771484375;1
2020-07-16 14:17:48;1594934290.661117;2;0.0138702392578125;0.3360137939453125;-0.5743255615234375;1
2020-07-16 14:17:48;1594934290.7012749;2;0.0083465576171875;0.3748626708984375;-0.6940765380859375;1
2020-07-16 14:17:48;1594934290.741327;2;-0.041259765625;0.446746826171875;-0.994415283203125;1
2020-07-16 14:17:48;1594934290.781452;2;-0.06219482421875;0.4363861083984375;-1.1536102294921875;1
2020-07-16 14:17:48;1594934290.8216274;2;-0.0858001708984375;0.342010498046875;-1.1847381591796875;1
2020-07-16 14:17:48;1594934290.8621118;2;-0.0596466064453125;0.2813262939453125;-1.2244415283203125;1
2020-07-16 14:17:48;1594934290.901917;2;-0.046234130859375;0.2702178955078125;-1.24676513671875;1
2020-07-16 14:17:48;1594934290.9423769;2;-0.086273193359375;0.3373870849609375;-1.3487091064453125;1
2020-07-16 14:17:48;1594934290.982259;2;-0.1014556884765625;0.35113525390625;-1.364715576171875;1
2020-07-16 14:17:48;1594934291.0222971;2;-0.0740814208984375;0.2079925537109375;-1.2948150634765625;1
2020-07-16 14:17:48;1594934291.062578;2;-0.028717041015625;0.1219940185546875;-1.1860809326171875;1
2020-07-16 14:17:48;1594934291.1025481;2;0.00994873046875;0.187408447265625;-1.2506256103515625;1
2020-07-16 14:17:48;1594934291.1429946;2;0.081451416015625;0.068328857421875;-1.3244781494140625;1
2020-07-16 14:17:48;1594934291.182914;2;0.1062774658203125;0.00067138671875;-1.49078369140625;1
2020-07-16 14:17:48;1594934291.2252998;2;0.1010894775390625;-0.0027618408203125;-1.4279327392578125;1
2020-07-16 14:17:48;1594934291.2631412;2;0.047882080078125;0.0430755615234375;-1.3800811767578125;1
2020-07-16 14:17:48;1594934291.305423;2;-0.0101318359375;0.1215667724609375;-1.272705078125;1
2020-07-16 14:17:48;1594934291.3445802;2;-0.08001708984375;0.308868408203125;-1.2657928466796875;1
2020-07-16 14:17:48;1594934291.385288;2;-0.09429931640625;0.3819122314453125;-1.42926025390625;1
2020-07-16 14:17:48;1594934291.424581;2;-0.0404205322265625;0.2863922119140625;-1.4673614501953125;1
2020-07-16 14:17:48;1594934291.464649;2;-0.037933349609375;0.3111114501953125;-1.3792572021484375;1
2020-07-16 14:17:48;1594934291.5046961;2;-0.04974365234375;0.4518585205078125;-1.3132171630859375;1
2020-07-16 14:17:48;1594934291.544837;2;-0.0847015380859375;0.532501220703125;-1.275848388671875;1
2020-07-16 14:17:48;1594934291.5852349;2;-0.1209564208984375;0.5586395263671875;-1.1888427734375;1
2020-07-16 14:17:48;1594934291.624815;2;-0.1279754638671875;0.5218658447265625;-1.0059814453125;1
2020-07-16 14:17:48;1594934291.6647289;2;-0.0962371826171875;0.4425201416015625;-0.7865142822265625;1
2020-07-16 14:17:48;1594934291.7047188;2;-0.04815673828125;0.4262542724609375;-0.570281982421875;1
2020-07-16 14:17:48;1594934291.7452822;2;-0.0084991455078125;0.491790771484375;-0.511810302734375;1
2020-07-16 14:17:48;1594934291.7850652;2;-0.0347137451171875;0.6003875732421875;-0.6239471435546875;1
2020-07-16 14:17:48;1594934291.8253944;2;0.03680419921875;0.6273651123046875;-0.7255859375;1
2020-07-16 14:17:48;1594934291.8653114;2;0.0479736328125;0.47314453125;-0.8690032958984375;1
2020-07-16 14:17:48;1594934291.9054868;2;0.1089324951171875;0.390289306640625;-0.9189605712890624;1
2020-07-16 14:17:48;1594934291.9459221;2;0.0763397216796875;0.505584716796875;-0.9674072265625;1
2020-07-16 14:17:48;1594934291.985788;2;0.03717041015625;0.5959320068359375;-1.1904449462890625;1
2020-07-16 14:17:48;1594934292.025934;2;-0.027923583984375;0.5997772216796875;-1.3817138671875;1
2020-07-16 14:17:48;1594934292.066149;2;-0.034027099609375;0.3470306396484375;-1.3672332763671875;1
2020-07-16 14:17:48;1594934292.106205;2;-0.0100555419921875;0.211334228515625;-1.2305450439453125;1
2020-07-16 14:17:48;1594934292.146472;2;-0.01116943359375;0.315032958984375;-1.105194091796875;1
2020-07-16 14:17:48;1594934292.186418;2;-0.01953125;0.453887939453125;-1.11962890625;1
2020-07-16 14:17:48;1594934292.2265348;2;-0.047515869140625;0.513458251953125;-1.15228271484375;1
2020-07-16 14:17:48;1594934292.2668571;2;-0.008453369140625;0.334808349609375;-1.2824554443359375;1
2020-07-16 14:17:48;1594934292.307043;2;0.1318511962890625;0.08770751953125;-1.2950439453125;1
2020-07-16 14:17:48;1594934292.3471801;2;0.179290771484375;0.150360107421875;-1.29705810546875;1
2020-07-16 14:17:48;1594934292.387075;2;0.27252197265625;0.190673828125;-1.234710693359375;1
2020-07-16 14:17:48;1594934292.4270859;2;0.307281494140625;0.1190643310546875;-1.441650390625;1
2020-07-16 14:17:48;1594934292.4674976;2;0.3004913330078125;0.058685302734375;-1.528167724609375;1
2020-07-16 14:17:48;1594934292.507539;2;0.2988128662109375;0.0461578369140625;-1.506500244140625;1
2020-07-16 14:17:48;1594934292.5479386;2;0.1622314453125;0.30462646484375;-1.4145660400390625;1
2020-07-16 14:17:48;1594934292.5879881;2;0.0308074951171875;0.5184326171875;-1.3385009765625;1
2020-07-16 14:17:48;1594934292.6281571;2;-0.0186920166015625;0.6064453125;-1.3279571533203125;1
2020-07-16 14:17:48;1594934292.668326;2;-0.0327301025390625;0.55084228515625;-1.2125244140625;1
2020-07-16 14:17:48;1594934292.708168;2;0.0138397216796875;0.478546142578125;-1.1500091552734375;1
2020-07-16 14:17:48;1594934292.74852;2;0.0641937255859375;0.417022705078125;-1.2129974365234375;1
2020-07-16 14:17:48;1594934292.788704;2;0.009735107421875;0.41290283203125;-1.4083709716796875;1
2020-07-16 14:17:48;1594934292.8292909;2;-0.046112060546875;0.48602294921875;-1.3817901611328125;1
2020-07-16 14:17:48;1594934292.868927;2;-0.048431396484375;0.5240020751953125;-1.1768341064453125;1
2020-07-16 14:17:48;1594934292.909017;2;-0.0753021240234375;0.5497589111328125;-0.9384765625;1
2020-07-16 14:17:48;1594934292.949664;2;-0.107330322265625;0.6373291015625;-0.7786865234375;1
2020-07-16 14:17:48;1594934292.989718;2;-0.1347198486328125;0.71063232421875;-0.645172119140625;1
2020-07-16 14:17:48;1594934293.030493;2;-0.1343231201171875;0.7160186767578125;-0.7635040283203125;1
2020-07-16 14:17:48;1594934293.0696108;2;-0.150604248046875;0.615447998046875;-0.7286376953125;1
2020-07-16 14:17:48;1594934293.109529;2;-0.042724609375;0.4869537353515625;-0.482086181640625;1
2020-07-16 14:17:48;1594934293.149856;2;0.2413482666015625;0.396728515625;-0.4216156005859375;1
2020-07-16 14:17:48;1594934293.1899948;2;0.2830352783203125;0.4664764404296875;-0.803985595703125;1
2020-07-16 14:17:48;1594934293.2301114;2;0.150115966796875;0.5430145263671875;-1.3390350341796875;1
2020-07-16 14:17:48;1594934293.270184;2;0.0107574462890625;0.5383758544921875;-1.396209716796875;1
2020-07-16 14:17:48;1594934293.310219;2;-0.0315704345703125;0.3405609130859375;-1.3199920654296875;1
2020-07-16 14:17:48;1594934293.350522;2;-0.0291290283203125;0.21746826171875;-1.26544189453125;1
2020-07-16 14:17:48;1594934293.390679;2;-0.00469970703125;0.3741455078125;-1.21759033203125;1
2020-07-16 14:17:48;1594934293.430906;2;0.0456390380859375;0.4894561767578125;-1.1402587890625;1
2020-07-16 14:17:48;1594934293.470834;2;0.0365753173828125;0.4512939453125;-1.145538330078125;1
2020-07-16 14:17:48;1594934293.5110302;2;0.051788330078125;0.322265625;-1.131500244140625;1
2020-07-16 14:17:48;1594934293.551377;2;0.0836944580078125;0.1736907958984375;-1.211456298828125;1
2020-07-16 14:17:48;1594934293.5912971;2;0.0732879638671875;0.2165374755859375;-1.40673828125;1
2020-07-16 14:17:48;1594934293.631554;2;0.0461273193359375;0.2542572021484375;-1.3849334716796875;1
2020-07-16 14:17:48;1594934293.6717381;2;0.0465087890625;0.333251953125;-1.4343414306640625;1
2020-07-16 14:17:48;1594934293.7127151;2;0.0654144287109375;0.3480224609375;-1.3128662109375;1
2020-07-16 14:17:48;1594934293.7519429;2;0.06549072265625;0.303863525390625;-1.3750152587890625;1
2020-07-16 14:17:48;1594934293.791949;2;0.186187744140625;0.1001434326171875;-1.100860595703125;1
2020-07-16 14:17:48;1594934293.8323278;2;0.116607666015625;0.2202606201171875;-1.05718994140625;1
2020-07-16 14:17:48;1594934293.872218;2;0.0465545654296875;0.4147186279296875;-1.106231689453125;1
2020-07-16 14:17:48;1594934293.9125562;2;0.0141754150390625;0.489776611328125;-1.1523284912109375;1
2020-07-16 14:17:48;1594934293.95409;2;0.00140380859375;0.412353515625;-1.215423583984375;1
2020-07-16 14:17:48;1594934293.9958026;2;-0.003509521484375;0.3783721923828125;-1.2664031982421875;1
2020-07-16 14:17:48;1594934294.032772;2;-0.0059051513671875;0.41741943359375;-1.3298797607421875;1
2020-07-16 14:17:48;1594934294.072925;2;-0.019775390625;0.5152587890625;-1.338592529296875;1
2020-07-16 14:17:48;1594934294.114666;2;-0.071563720703125;0.556427001953125;-1.2806243896484375;1
2020-07-16 14:17:48;1594934294.1541374;2;-0.1090545654296875;0.5929412841796875;-1.05487060546875;1
2020-07-16 14:17:48;1594934294.194339;2;-0.2016754150390625;0.7308349609375;-0.7548370361328125;1
2020-07-16 14:17:48;1594934294.2346249;2;-0.242523193359375;0.73162841796875;-0.701080322265625;1
2020-07-16 14:17:48;1594934294.273905;2;-0.1453094482421875;0.6485137939453125;-0.683258056640625;1
2020-07-16 14:17:48;1594934294.3145812;2;0.015960693359375;0.63751220703125;-0.6610107421875;1
2020-07-16 14:17:48;1594934294.354756;2;0.1122589111328125;0.49969482421875;-0.5129547119140625;1
2020-07-16 14:17:48;1594934294.394431;2;0.208099365234375;0.3663177490234375;-0.63116455078125;1
2020-07-16 14:17:48;1594934294.435188;2;0.0680084228515625;0.4121246337890625;-0.881011962890625;1
2020-07-16 14:17:48;1594934294.474266;2;0.02984619140625;0.569427490234375;-0.93267822265625;1
2020-07-16 14:17:48;1594934294.5146706;2;0.0068817138671875;0.6751708984375;-0.9992828369140624;1
2020-07-16 14:17:48;1594934294.5547528;2;-0.102630615234375;0.71893310546875;-1.13909912109375;1
2020-07-16 14:17:48;1594934294.594847;2;-0.14837646484375;0.71240234375;-1.2678985595703125;1
2020-07-16 14:17:48;1594934294.635041;2;-0.05804443359375;0.526092529296875;-1.3774261474609375;1
2020-07-16 14:17:48;1594934294.6754806;2;-0.0637054443359375;0.3792266845703125;-1.5499420166015625;1
2020-07-16 14:17:48;1594934294.7154381;2;0.014068603515625;0.343414306640625;-1.448089599609375;1
2020-07-16 14:17:48;1594934294.7554529;2;0.2067413330078125;0.208984375;-1.219970703125;1
2020-07-16 14:17:48;1594934294.795897;2;0.3437347412109375;0.0899200439453125;-1.1259613037109375;1
2020-07-16 14:17:48;1594934294.8356054;2;0.3233184814453125;0.229095458984375;-1.197723388671875;1
2020-07-16 14:17:48;1594934294.8758678;2;0.2371673583984375;0.277435302734375;-1.245361328125;1
2020-07-16 14:17:48;1594934294.916084;2;0.1634063720703125;0.251556396484375;-1.3545074462890625;1
2020-07-16 14:17:48;1594934294.9563859;2;0.1949462890625;0.297607421875;-1.27886962890625;1
2020-07-16 14:17:48;1594934294.9963534;2;0.1494293212890625;0.4656524658203125;-1.410797119140625;1
2020-07-16 14:17:48;1594934295.0367439;2;0.07147216796875;0.5096588134765625;-1.4503173828125;1
2020-07-16 14:17:48;1594934295.0762231;2;-0.041259765625;0.647186279296875;-1.5279388427734375;1
2020-07-16 14:17:48;1594934295.116891;2;-0.154296875;0.7541351318359375;-1.575531005859375;1
2020-07-16 14:17:48;1594934295.156863;2;-0.1626129150390625;0.7059173583984375;-1.381744384765625;1
2020-07-16 14:17:48;1594934295.1970382;2;-0.1922607421875;0.6495513916015625;-1.2734527587890625;1
2020-07-16 14:17:48;1594934295.2371259;2;-0.175262451171875;0.6619415283203125;-1.133331298828125;1
2020-07-16 14:17:48;1594934295.277401;2;-0.09490966796875;0.64691162109375;-0.9570465087890624;1
2020-07-16 14:17:48;1594934295.3173661;2;-0.09283447265625;0.5956878662109375;-0.9279327392578124;1
2020-07-16 14:17:48;1594934295.357847;2;-0.09918212890625;0.5704193115234375;-0.817413330078125;1
2020-07-16 14:17:48;1594934295.397675;2;-0.073486328125;0.5226287841796875;-0.611572265625;1
2020-07-16 14:17:48;1594934295.437594;2;-0.068328857421875;0.578765869140625;-0.4817352294921875;1
2020-07-16 14:17:48;1594934295.477899;2;-0.067596435546875;0.614288330078125;-0.3800811767578125;1
2020-07-16 14:17:48;1594934295.5181231;2;-0.0767669677734375;0.7076568603515625;-0.6064605712890625;1
2020-07-16 14:17:48;1594934295.5583081;2;-0.06463623046875;0.7862091064453125;-0.7213592529296875;1
2020-07-16 14:17:48;1594934295.598356;2;-0.0120697021484375;0.70458984375;-0.785736083984375;1
2020-07-16 14:17:48;1594934295.63867;2;0.02178955078125;0.616729736328125;-0.97222900390625;1
2020-07-16 14:17:48;1594934295.6793706;2;-0.0262908935546875;0.675567626953125;-1.2488250732421875;1
2020-07-16 14:17:48;1594934295.719098;2;-0.0741424560546875;0.6053619384765625;-1.4544677734375;1
2020-07-16 14:17:48;1594934295.7589018;2;-0.189666748046875;0.4505462646484375;-1.6108856201171875;1
2020-07-16 14:17:48;1594934295.7991009;2;-0.206024169921875;0.3869171142578125;-1.4855804443359375;1
2020-07-16 14:17:48;1594934295.839623;2;-0.1167449951171875;0.489288330078125;-1.1958160400390625;1
2020-07-16 14:17:48;1594934295.87966;2;-0.0810089111328125;0.5926971435546875;-1.0011444091796875;1
2020-07-16 14:17:48;1594934295.919877;2;-0.075042724609375;0.59796142578125;-0.891326904296875;1
2020-07-16 14:17:48;1594934295.9596741;2;-0.1085968017578125;0.5841522216796875;-0.986480712890625;1
2020-07-16 14:17:48;1594934295.999743;2;-0.0614471435546875;0.4141693115234375;-0.9910430908203124;1
2020-07-16 14:17:48;1594934296.0398462;2;-0.05633544921875;0.3546295166015625;-1.1305084228515625;1
2020-07-16 14:17:48;1594934296.0801294;2;-0.060211181640625;0.4038238525390625;-1.30340576171875;1
2020-07-16 14:17:48;1594934296.120204;2;0.012786865234375;0.329620361328125;-1.3106536865234375;1
2020-07-16 14:17:48;1594934296.1601992;2;0.0320587158203125;0.3711395263671875;-1.3984832763671875;1
2020-07-16 14:17:48;1594934296.200378;2;0.044342041015625;0.413787841796875;-1.3626708984375;1
2020-07-16 14:17:48;1594934296.2406962;2;0.11083984375;0.3364410400390625;-1.2101593017578125;1
2020-07-16 14:17:48;1594934296.28073;2;0.03997802734375;0.3467254638671875;-1.08367919921875;1
2020-07-16 14:17:48;1594934296.320854;2;-0.05780029296875;0.53509521484375;-1.082733154296875;1
2020-07-16 14:17:48;1594934296.36136;2;-0.101654052734375;0.7363433837890625;-1.1020660400390625;1
2020-07-16 14:17:48;1594934296.4013472;2;-0.173675537109375;0.8303375244140625;-1.1523895263671875;1
2020-07-16 14:17:48;1594934296.4413419;2;-0.221405029296875;0.6380462646484375;-1.1132354736328125;1
2020-07-16 14:17:48;1594934296.481632;2;-0.1926116943359375;0.4492645263671875;-1.172943115234375;1
2020-07-16 14:17:48;1594934296.5216024;2;-0.2091064453125;0.3527984619140625;-1.3622894287109375;1
2020-07-16 14:17:48;1594934296.5623431;2;-0.3135986328125;0.1775665283203125;-0.964691162109375;1
2020-07-16 14:17:48;1594934296.601896;2;-0.2522430419921875;-0.14605712890625;-1.0515289306640625;1
2020-07-16 14:17:48;1594934296.642056;2;-0.0742645263671875;-0.235565185546875;-1.0565948486328125;1
2020-07-16 14:17:48;1594934296.682128;2;0.6372528076171875;0.2516632080078125;-0.1766204833984375;1
2020-07-16 14:17:48;1594934296.722381;2;0.405609130859375;0.2964630126953125;0.14501953125;1
2020-07-16 14:17:48;1594934296.76421;2;0.2666015625;0.2942047119140625;0.105682373046875;1
2020-07-16 14:17:48;1594934296.8023784;2;0.2160491943359375;0.3283843994140625;0.106475830078125;1
2020-07-16 14:17:48;1594934296.843447;2;0.1832733154296875;0.3414459228515625;0.0879669189453125;1
2020-07-16 14:17:48;1594934296.88503;2;0.1616363525390625;0.34039306640625;0.0608367919921875;1
2020-07-16 14:17:48;1594934296.923991;2;0.160400390625;0.3285369873046875;0.040283203125;1
2020-07-16 14:17:48;1594934296.964217;2;0.174713134765625;0.3140716552734375;0.026824951171875;1
2020-07-16 14:17:48;1594934297.0045972;2;0.206085205078125;0.2945556640625;0.0101470947265625;1
2020-07-16 14:17:48;1594934297.043912;2;0.2532196044921875;0.2672271728515625;0.0015869140625;1
2020-07-16 14:17:48;1594934297.0845034;2;0.3000335693359375;0.2159271240234375;0.00042724609375;1
2020-07-16 14:17:48;1594934297.1245332;2;0.326995849609375;0.1368408203125;0.006011962890625;1
2020-07-16 14:17:48;1594934297.163821;2;0.329193115234375;0.0425567626953125;0.0643310546875;1
2020-07-16 14:17:48;1594934297.20545;2;4.5273284912109375;4.022018432617188;0.0910797119140625;1
2020-07-16 14:17:48;1594934297.2445366;2;0.152008056640625;-0.2512969970703125;-0.010467529296875;1
2020-07-16 14:17:48;1594934297.2842538;2;0.3687591552734375;-0.3894805908203125;0.0921478271484375;1
2020-07-16 14:17:48;1594934297.324554;2;0.2509765625;-0.3619842529296875;0.07159423828125;1
2020-07-16 14:17:48;1594934297.365142;2;0.283721923828125;-0.3595733642578125;0.08056640625;1
2020-07-16 14:17:48;1594934297.404758;2;0.4539794921875;-0.3396453857421875;0.0810546875;1
2020-07-16 14:17:48;1594934297.444701;2;0.766998291015625;-0.2205963134765625;0.0318603515625;1
2020-07-16 14:17:48;1594934297.484928;2;3.2177276611328125;-0.0285797119140625;-3.6257171630859375;1
2020-07-16 14:17:48;1594934297.525025;2;-3.1674957275390625;-4.646331787109375;0.942596435546875;1
2020-07-16 14:17:48;1594934297.565044;2;-0.2286224365234375;-0.12542724609375;-0.5166168212890625;1
2020-07-16 14:17:48;1594934297.605266;2;-0.335357666015625;-0.205291748046875;-0.0818634033203125;1
2020-07-16 14:17:48;1594934297.6460671;2;-0.001495361328125;0.083740234375;-1.8374176025390625;1
2020-07-16 14:17:48;1594934297.685656;2;0.1000213623046875;0.0468902587890625;-0.656402587890625;1
2020-07-16 14:17:48;1594934297.7260358;2;0.048919677734375;0.0199127197265625;-1.1765594482421875;1
2020-07-16 14:17:48;1594934297.766794;2;0.0379180908203125;-0.007781982421875;-0.9698486328125;1
2020-07-16 14:17:48;1594934297.806118;2;0.0335540771484375;0.0045013427734375;-0.9736328125;1
2020-07-16 14:17:48;1594934297.8462892;2;0.0359039306640625;0.0130157470703125;-0.9914093017578124;1
2020-07-16 14:17:48;1594934297.8865721;2;0.0390472412109375;0.01361083984375;-1.001373291015625;1
2020-07-16 14:17:48;1594934297.926597;2;0.041015625;0.0121917724609375;-1.0056610107421875;1
2020-07-16 14:17:48;1594934297.967308;2;0.0421295166015625;0.01226806640625;-1.0069732666015625;1
2020-07-16 14:17:48;1594934298.006989;2;0.0422515869140625;0.0118408203125;-1.0074920654296875;1
2020-07-16 14:17:48;1594934298.047246;2;0.04132080078125;0.0127410888671875;-1.0064239501953125;1
2020-07-16 14:17:48;1594934298.087286;2;0.0416259765625;0.01177978515625;-1.0066986083984375;1
2020-07-16 14:17:48;1594934298.127109;2;0.04156494140625;0.012298583984375;-1.0061798095703125;1
2020-07-16 14:17:48;1594934298.1679568;2;0.0419769287109375;0.011810302734375;-1.005523681640625;1
2020-07-16 14:17:48;1594934298.2076411;2;0.0416412353515625;0.011993408203125;-1.00555419921875;1
2020-07-16 14:17:48;1594934298.247647;2;0.04144287109375;0.0125579833984375;-1.006011962890625;1
2020-07-16 14:17:48;1594934298.287781;2;0.0408172607421875;0.012908935546875;-1.00592041015625;1
2020-07-16 14:17:48;1594934298.328179;2;0.041961669921875;0.011962890625;-1.0063323974609375;1
2020-07-16 14:17:48;1594934298.369421;2;0.0411376953125;0.0120849609375;-1.006744384765625;1
2020-07-16 14:17:48;1594934298.408402;2;0.0415496826171875;0.011993408203125;-1.005340576171875;1
2020-07-16 14:17:48;1594934298.448506;2;0.0406494140625;0.0124664306640625;-1.006011962890625;1
2020-07-16 14:17:48;1594934298.4885569;2;0.0413818359375;0.011993408203125;-1.0064697265625;1
2020-07-16 14:17:48;1594934298.5290444;2;0.040802001953125;0.0124969482421875;-1.0059051513671875;1
2020-07-16 14:17:48;1594934298.56911;2;0.0399627685546875;0.0127716064453125;-1.007415771484375;1
2020-07-16 14:17:48;1594934298.609033;2;0.040496826171875;0.01202392578125;-1.005706787109375;1
2020-07-16 14:17:48;1594934298.649617;2;0.0405120849609375;0.0120697021484375;-1.006622314453125;1
2020-07-16 14:17:48;1594934298.689729;2;0.0403594970703125;0.0116729736328125;-1.0076446533203125;1
2020-07-16 14:17:48;1594934298.730513;2;0.0405426025390625;0.0122833251953125;-1.0059967041015625;1
2020-07-16 14:17:48;1594934298.769999;2;0.040679931640625;0.0125885009765625;-1.0063629150390625;1
2020-07-16 14:17:48;1594934298.809396;2;0.0406036376953125;0.0123138427734375;-1.007232666015625;1
2020-07-16 14:17:48;1594934298.849793;2;0.040496826171875;0.0124969482421875;-1.0062103271484375;1
2020-07-16 14:17:48;1594934298.8900769;2;0.0410308837890625;0.012054443359375;-1.0063018798828125;1
2020-07-16 14:17:48;1594934298.930069;2;0.04248046875;0.01171875;-1.006927490234375;1
2020-07-16 14:17:48;1594934298.9705892;2;0.04364013671875;0.0132904052734375;-1.0055389404296875;1
2020-07-16 14:17:48;1594934299.010184;2;0.0397491455078125;0.01495361328125;-1.008148193359375;1
2020-07-16 14:17:48;1594934299.0506556;2;0.0396575927734375;0.0120086669921875;-1.0081329345703125;1
2020-07-16 14:17:48;1594934299.090699;2;0.03936767578125;0.0115203857421875;-1.006683349609375;1
2020-07-16 14:17:48;1594934299.130934;2;0.0397491455078125;0.012176513671875;-1.005859375;1
2020-07-16 14:17:48;1594934299.1712544;2;0.0406494140625;0.0125885009765625;-1.0066070556640625;1
2020-07-16 14:17:48;1594934299.210953;2;0.03973388671875;0.0122528076171875;-1.0058441162109375;1
2020-07-16 14:17:48;1594934299.251296;2;0.0395965576171875;0.0113525390625;-1.006103515625;1
2020-07-16 14:17:48;1594934299.291323;2;0.0394439697265625;0.012237548828125;-1.0062713623046875;1
2020-07-16 14:17:48;1594934299.3314626;2;0.0394134521484375;0.012115478515625;-1.005889892578125;1
2020-07-16 14:17:48;1594934299.371711;2;0.04083251953125;0.0124969482421875;-1.006439208984375;1
2020-07-16 14:17:48;1594934299.412051;2;0.03961181640625;0.0115509033203125;-1.0076141357421875;1
2020-07-16 14:17:48;1594934299.451973;2;0.0399627685546875;0.0120391845703125;-1.00677490234375;1
2020-07-16 14:17:48;1594934299.4918606;2;0.03955078125;0.0126190185546875;-1.0056610107421875;1
2020-07-16 14:17:48;1594934299.532444;2;0.0396270751953125;0.0123748779296875;-1.006591796875;1
2020-07-16 14:17:48;1594934299.57271;2;0.0383453369140625;0.01220703125;-1.0073699951171875;1
2020-07-16 14:17:48;1594934299.614923;2;0.0389862060546875;0.011627197265625;-1.0067291259765625;1
2020-07-16 14:17:48;1594934299.6525538;2;0.0393218994140625;0.0119781494140625;-1.0062103271484375;1
2020-07-16 14:17:48;1594934299.694998;2;0.0388946533203125;0.0127410888671875;-1.0078887939453125;1
2020-07-16 14:17:48;1594934299.73515;2;0.039642333984375;0.0120849609375;-1.0072479248046875;1
2020-07-16 14:17:48;1594934299.774909;2;0.039215087890625;0.012481689453125;-1.0069427490234375;1
2020-07-16 14:17:48;1594934299.814738;2;0.0393218994140625;0.012481689453125;-1.00677490234375;1
2020-07-16 14:17:48;1594934299.854812;2;0.03997802734375;0.01123046875;-1.00592041015625;1
2020-07-16 14:17:48;1594934299.8949802;2;0.03936767578125;0.0123291015625;-1.0068511962890625;1
2020-07-16 14:17:48;1594934299.935112;2;0.0391082763671875;0.0129241943359375;-1.0059661865234375;1
2020-07-16 14:17:48;1594934299.9750152;2;0.0387420654296875;0.0150299072265625;-1.004302978515625;1
2020-07-16 14:17:48;1594934300.015043;2;0.039581298828125;0.0109100341796875;-1.007110595703125;1
2020-07-16 14:17:48;1594934300.055114;2;0.039398193359375;0.01116943359375;-1.0072021484375;1
2020-07-16 14:17:48;1594934300.095176;2;0.041168212890625;0.0115203857421875;-1.007110595703125;1
2020-07-16 14:17:48;1594934300.135051;2;0.0397796630859375;0.011871337890625;-1.0059356689453125;1
2020-07-16 14:17:48;1594934300.1748278;2;0.03802490234375;0.012054443359375;-1.0066986083984375;1
2020-07-16 14:17:48;1594934300.214642;2;0.03857421875;0.0123748779296875;-1.006988525390625;1
2020-07-16 14:17:48;1594934300.2549748;2;0.0389556884765625;0.0125274658203125;-1.00592041015625;1
2020-07-16 14:17:48;1594934300.295165;2;0.0389556884765625;0.011199951171875;-1.0063018798828125;1
2020-07-16 14:17:48;1594934300.335085;2;0.0390472412109375;0.0117950439453125;-1.00579833984375;1
2020-07-16 14:17:48;1594934300.375639;2;0.038818359375;0.012420654296875;-1.006256103515625;1
2020-07-16 14:17:48;1594934300.415084;2;0.039276123046875;0.011627197265625;-1.0063018798828125;1
2020-07-16 14:17:48;1594934300.455487;2;0.0391693115234375;0.0113677978515625;-1.0067596435546875;1
2020-07-16 14:17:48;1594934300.4954462;2;0.0384368896484375;0.010986328125;-1.0064849853515625;1
2020-07-16 14:17:48;1594934300.535625;2;0.0392608642578125;0.0127716064453125;-1.0057373046875;1
2020-07-16 14:17:48;1594934300.5762038;2;0.0391693115234375;0.0116424560546875;-1.0069122314453125;1
2020-07-16 14:17:48;1594934300.6159801;2;0.038299560546875;0.0116424560546875;-1.00665283203125;1
2020-07-16 14:17:48;1594934300.6562572;2;0.0380859375;0.0119171142578125;-1.0065460205078125;1
2020-07-16 14:17:48;1594934300.696553;2;0.0388641357421875;0.0113067626953125;-1.0062255859375;1
2020-07-16 14:17:48;1594934300.736423;2;0.039520263671875;0.0113525390625;-1.0066986083984375;1
2020-07-16 14:17:48;1594934300.777223;2;0.03826904296875;0.01141357421875;-1.00732421875;1
2020-07-16 14:17:48;1594934300.81693;2;0.038299560546875;0.0111541748046875;-1.0071868896484375;1
2020-07-16 14:17:48;1594934300.856683;2;0.039093017578125;0.01214599609375;-1.00714111328125;1
2020-07-16 14:17:48;1594934300.896961;2;0.0386199951171875;0.0118255615234375;-1.00689697265625;1
2020-07-16 14:17:48;1594934300.9371212;2;0.039276123046875;0.01116943359375;-1.00640869140625;1
2020-07-16 14:17:48;1594934300.977751;2;0.0386505126953125;0.0116424560546875;-1.0069732666015625;1
2020-07-16 14:17:48;1594934301.017565;2;0.0388641357421875;0.0117340087890625;-1.0066680908203125;1
2020-07-16 14:17:48;1594934301.057626;2;0.0388336181640625;0.009979248046875;-1.0060577392578125;1
2020-07-16 14:17:48;1594934301.097866;2;0.0391693115234375;0.0119781494140625;-1.006317138671875;1
2020-07-16 14:17:48;1594934301.137916;2;0.039398193359375;0.0110321044921875;-1.006134033203125;1
2020-07-16 14:17:48;1594934301.1790106;2;0.03887939453125;0.0112457275390625;-1.006591796875;1
2020-07-16 14:17:48;1594934301.218284;2;0.038604736328125;0.0103912353515625;-1.006072998046875;1
2020-07-16 14:17:48;1594934301.2581294;2;0.0385894775390625;0.011260986328125;-1.005950927734375;1
2020-07-16 14:17:48;1594934301.2984712;2;0.038238525390625;0.011566162109375;-1.0060272216796875;1
2020-07-16 14:17:48;1594934301.338509;2;0.0382232666015625;0.0122222900390625;-1.00531005859375;1
2020-07-16 14:17:48;1594934301.3795118;2;0.038238525390625;0.0107879638671875;-1.0054931640625;1
2020-07-16 14:17:48;1594934301.419166;2;0.038726806640625;0.01177978515625;-1.0065155029296875;1
2020-07-16 14:17:48;1594934301.459063;2;0.0388031005859375;0.0121612548828125;-1.0067291259765625;1
2020-07-16 14:17:48;1594934301.499547;2;0.037872314453125;0.0116119384765625;-1.0070648193359375;1
2020-07-16 14:17:48;1594934301.539557;2;0.0378875732421875;0.0119171142578125;-1.0055084228515625;1
2020-07-16 14:17:48;1594934301.5802991;2;0.0381011962890625;0.012054443359375;-1.0068511962890625;1
2020-07-16 14:17:48;1594934301.619425;2;0.038970947265625;0.01165771484375;-1.0068511962890625;1
2020-07-16 14:17:48;1594934301.659606;2;0.0382080078125;0.01190185546875;-1.00653076171875;1
2020-07-16 14:17:48;1594934301.699873;2;0.03863525390625;0.0113677978515625;-1.0059356689453125;1
2020-07-16 14:17:48;1594934301.7399561;2;0.0380401611328125;0.0117034912109375;-1.0057220458984375;1
2020-07-16 14:17:48;1594934301.780961;2;0.0383758544921875;0.0118255615234375;-1.0067596435546875;1
2020-07-16 14:17:48;1594934301.820119;2;0.0384368896484375;0.011810302734375;-1.007110595703125;1
2020-07-16 14:17:48;1594934301.860176;2;0.0376739501953125;0.0116424560546875;-1.006744384765625;1
2020-07-16 14:17:48;1594934301.900563;2;0.0381011962890625;0.0115966796875;-1.007080078125;1
2020-07-16 14:17:48;1594934301.940532;2;0.0390777587890625;0.011474609375;-1.0067291259765625;1
2020-07-16 14:17:48;1594934301.981319;2;0.038909912109375;0.011993408203125;-1.006591796875;1
2020-07-16 14:17:48;1594934302.0208678;2;0.038116455078125;0.012451171875;-1.005035400390625;1
2020-07-16 14:17:48;1594934302.061131;2;0.0396270751953125;0.0115509033203125;-1.0050506591796875;1
2020-07-16 14:17:48;1594934302.101167;2;0.0384674072265625;0.01226806640625;-1.005859375;1
2020-07-16 14:17:48;1594934302.1414769;2;0.0382232666015625;0.011474609375;-1.006195068359375;1
2020-07-16 14:17:48;1594934302.1819198;2;0.0379791259765625;0.011322021484375;-1.0066680908203125;1
2020-07-16 14:17:48;1594934302.221522;2;0.038421630859375;0.0123138427734375;-1.0063934326171875;1
2020-07-16 14:17:48;1594934302.2617114;2;0.03875732421875;0.01177978515625;-1.006866455078125;1
2020-07-16 14:17:48;1594934302.301759;2;0.03826904296875;0.011077880859375;-1.007080078125;1
2020-07-16 14:17:48;1594934302.3419619;2;0.0379791259765625;0.0115966796875;-1.0065155029296875;1
2020-07-16 14:17:48;1594934302.3826358;2;0.0379791259765625;0.0116424560546875;-1.00567626953125;1
2020-07-16 14:17:48;1594934302.422313;2;0.037994384765625;0.0119781494140625;-1.0057830810546875;1
2020-07-16 14:17:48;1594934302.463114;2;0.0374603271484375;0.0115203857421875;-1.00640869140625;1
2020-07-16 14:17:48;1594934302.502625;2;0.037811279296875;0.0118865966796875;-1.0066070556640625;1
2020-07-16 14:17:48;1594934302.542571;2;0.038116455078125;0.0116119384765625;-1.006744384765625;1
2020-07-16 14:17:48;1594934302.584974;2;0.0384063720703125;0.0113525390625;-1.0062103271484375;1
2020-07-16 14:17:48;1594934302.624342;2;0.0382537841796875;0.0111541748046875;-1.00634765625;1
2020-07-16 14:17:48;1594934302.66489;2;0.0375213623046875;0.0107269287109375;-1.0076446533203125;1
2020-07-16 14:17:48;1594934302.705144;2;0.038299560546875;0.01092529296875;-1.0070037841796875;1
2020-07-16 14:17:48;1594934302.7448099;2;0.0379791259765625;0.0115966796875;-1.0056915283203125;1
2020-07-16 14:17:48;1594934302.784908;2;0.0380096435546875;0.011566162109375;-1.0072784423828125;1
2020-07-16 14:17:48;1594934302.824861;2;0.0379180908203125;0.0103912353515625;-1.0070648193359375;1
2020-07-16 14:17:48;1594934302.865048;2;0.0373687744140625;0.0120391845703125;-1.006011962890625;1
2020-07-16 14:17:48;1594934302.905734;2;0.0380401611328125;0.011322021484375;-1.0065155029296875;1
2020-07-16 14:17:48;1594934302.9444802;2;0.037384033203125;0.01104736328125;-1.00628662109375;1
2020-07-16 14:17:48;1594934302.984933;2;0.038421630859375;0.0121612548828125;-1.0067596435546875;1
2020-07-16 14:17:48;1594934303.0247786;2;0.037567138671875;0.0111083984375;-1.0063629150390625;1
2020-07-16 14:17:48;1594934303.0652869;2;0.0371551513671875;0.0110321044921875;-1.006378173828125;1
2020-07-16 14:17:48;1594934303.104958;2;0.0383758544921875;0.011016845703125;-1.0071868896484375;1
2020-07-16 14:17:48;1594934303.1451118;2;0.0389404296875;0.0113983154296875;-1.0063934326171875;1
2020-07-16 14:17:48;1594934303.1856186;2;0.0375518798828125;0.0121307373046875;-1.006103515625;1
2020-07-16 14:17:48;1594934303.225044;2;0.0380859375;0.0113372802734375;-1.0064544677734375;1
2020-07-16 14:17:48;1594934303.2652988;2;0.0379638671875;0.010986328125;-1.006103515625;1
2020-07-16 14:17:48;1594934303.305413;2;0.037994384765625;0.010223388671875;-1.0068359375;1
2020-07-16 14:17:48;1594934303.345489;2;0.0378875732421875;0.0118255615234375;-1.0071868896484375;1
2020-07-16 14:17:48;1594934303.3857539;2;0.0381011962890625;0.01031494140625;-1.0061492919921875;1
2020-07-16 14:17:48;1594934303.425853;2;0.038238525390625;0.0113983154296875;-1.006591796875;1
2020-07-16 14:17:48;1594934303.46598;2;0.0381622314453125;0.01104736328125;-1.00640869140625;1
2020-07-16 14:17:48;1594934303.506362;2;0.03765869140625;0.0115203857421875;-1.0062408447265625;1
2020-07-16 14:17:48;1594934303.5467956;2;0.0380859375;0.011383056640625;-1.0059967041015625;1
2020-07-16 14:17:48;1594934303.586591;2;0.0374603271484375;0.0117645263671875;-1.0062713623046875;1
2020-07-16 14:17:48;1594934303.62642;2;0.0369110107421875;0.0118408203125;-1.0066375732421875;1
2020-07-16 14:17:48;1594934303.6669161;2;0.037261962890625;0.01129150390625;-1.0062103271484375;1
2020-07-16 14:17:48;1594934303.706801;2;0.037689208984375;0.0122222900390625;-1.006988525390625;1
2020-07-16 14:17:48;1594934303.7469091;2;0.037933349609375;0.012115478515625;-1.0074005126953125;1
2020-07-16 14:17:48;1594934303.787338;2;0.037933349609375;0.0113067626953125;-1.0068206787109375;1
2020-07-16 14:17:48;1594934303.827163;2;0.038299560546875;0.01141357421875;-1.007049560546875;1
2020-07-16 14:17:48;1594934303.8674982;2;0.03790283203125;0.01171875;-1.0068511962890625;1
2020-07-16 14:17:48;1594934303.9073439;2;0.037933349609375;0.011505126953125;-1.006561279296875;1
2020-07-16 14:17:48;1594934303.9477;2;0.038055419921875;0.0112152099609375;-1.0060577392578125;1
2020-07-16 14:17:48;1594934303.988045;2;0.038116455078125;0.0118408203125;-1.006622314453125;1
2020-07-16 14:17:48;1594934304.02808;2;0.0388031005859375;0.0119171142578125;-1.0070037841796875;1
2020-07-16 14:17:48;1594934304.068132;2;0.0380706787109375;0.010986328125;-1.005706787109375;1
2020-07-16 14:17:48;1594934304.108272;2;0.037445068359375;0.01171875;-1.005889892578125;1
2020-07-16 14:17:48;1594934304.148427;2;0.037689208984375;0.0118408203125;-1.0066680908203125;1
2020-07-16 14:17:48;1594934304.188689;2;0.0382080078125;0.0113677978515625;-1.006622314453125;1
2020-07-16 14:17:48;1594934304.2286232;2;0.037841796875;0.0115509033203125;-1.006134033203125;1
2020-07-16 14:17:48;1594934304.2687619;2;0.037322998046875;0.0113525390625;-1.00628662109375;1
2020-07-16 14:17:48;1594934304.308877;2;0.037872314453125;0.0113525390625;-1.006195068359375;1
2020-07-16 14:17:48;1594934304.349049;2;0.0370330810546875;0.011810302734375;-1.005859375;1
2020-07-16 14:17:48;1594934304.389507;2;0.037384033203125;0.010986328125;-1.0053253173828125;1
2020-07-16 14:17:48;1594934304.429852;2;0.036865234375;0.0124053955078125;-1.0066986083984375;1
2020-07-16 14:17:48;1594934304.4697778;2;0.037322998046875;0.0113067626953125;-1.0071563720703125;1
2020-07-16 14:17:48;1594934304.509778;2;0.0379180908203125;0.011322021484375;-1.0069732666015625;1
2020-07-16 14:17:48;1594934304.549742;2;0.0374603271484375;0.0119476318359375;-1.007476806640625;1
2020-07-16 14:17:48;1594934304.589631;2;0.0377655029296875;0.0115966796875;-1.0065155029296875;1
2020-07-16 14:17:48;1594934304.6297011;2;0.0378570556640625;0.0111541748046875;-1.0068359375;1
2020-07-16 14:17:48;1594934304.669977;2;0.03692626953125;0.0113677978515625;-1.00604248046875;1
2020-07-16 14:17:48;1594934304.709933;2;0.037445068359375;0.0113983154296875;-1.0068359375;1
2020-07-16 14:17:48;1594934304.750308;2;0.03814697265625;0.01202392578125;-1.005340576171875;1
2020-07-16 14:17:48;1594934304.7904599;2;0.037506103515625;0.0115814208984375;-1.007080078125;1
2020-07-16 14:17:48;1594934304.8306332;2;0.037322998046875;0.011749267578125;-1.0061492919921875;1
2020-07-16 14:17:48;1594934304.870678;2;0.037139892578125;0.011688232421875;-1.0062713623046875;1
2020-07-16 14:17:48;1594934304.9108748;2;0.0366973876953125;0.0110321044921875;-1.005950927734375;1
2020-07-16 14:17:48;1594934304.9509618;2;0.037261962890625;0.0116424560546875;-1.0059814453125;1
2020-07-16 14:17:48;1594934304.991204;2;0.0385284423828125;0.0113525390625;-1.00555419921875;1
2020-07-16 14:17:48;1594934305.0313668;2;0.0374908447265625;0.011199951171875;-1.00634765625;1
2020-07-16 14:17:48;1594934305.0716472;2;0.0379180908203125;0.0108184814453125;-1.0052642822265625;1
2020-07-16 14:17:48;1594934305.111531;2;0.037811279296875;0.01129150390625;-1.0067596435546875;1
2020-07-16 14:17:48;1594934305.151773;2;0.037384033203125;0.0111236572265625;-1.0067138671875;1
2020-07-16 14:17:48;1594934305.191959;2;0.0367279052734375;0.010528564453125;-1.006256103515625;1
2020-07-16 14:17:48;1594934305.232085;2;0.0373992919921875;0.010528564453125;-1.007110595703125;1
2020-07-16 14:17:48;1594934305.2721794;2;0.03704833984375;0.01153564453125;-1.0064544677734375;1
2020-07-16 14:17:48;1594934305.312217;2;0.037567138671875;0.0121917724609375;-1.006317138671875;1
2020-07-16 14:17:48;1594934305.352291;2;0.0369720458984375;0.0104827880859375;-1.006134033203125;1
2020-07-16 14:17:48;1594934305.3941011;2;0.03759765625;0.0119171142578125;-1.0057830810546875;1
2020-07-16 14:17:48;1594934305.4342391;2;0.0369720458984375;0.0120391845703125;-1.006866455078125;1
2020-07-16 14:17:48;1594934305.4741304;2;0.037933349609375;0.0115203857421875;-1.006591796875;1
2020-07-16 14:17:48;1594934305.51496;2;0.03704833984375;0.0116424560546875;-1.0067138671875;1
2020-07-16 14:17:48;1594934305.5543652;2;0.037506103515625;0.01190185546875;-1.0069732666015625;1
2020-07-16 14:17:48;1594934305.5940151;2;0.03765869140625;0.0113067626953125;-1.006378173828125;1
2020-07-16 14:17:48;1594934305.6346169;2;0.0374908447265625;0.011016845703125;-1.0067291259765625;1
2020-07-16 14:17:48;1594934305.674139;2;0.0371856689453125;0.0106048583984375;-1.006103515625;1
2020-07-16 14:17:48;1594934305.71474;2;0.037506103515625;0.011688232421875;-1.0062408447265625;1
2020-07-16 14:17:48;1594934305.754249;2;0.037689208984375;0.0113677978515625;-1.0066680908203125;1
2020-07-16 14:17:48;1594934305.79423;2;0.03753662109375;0.0114288330078125;-1.00701904296875;1
2020-07-16 14:17:48;1594934305.834468;2;0.0372772216796875;0.010711669921875;-1.007080078125;1
2020-07-16 14:17:48;1594934305.874298;2;0.035797119140625;0.0107879638671875;-1.006866455078125;1
2020-07-16 14:17:48;1594934305.914599;2;0.0370635986328125;0.0109100341796875;-1.0062713623046875;1
2020-07-16 14:17:48;1594934305.954533;2;0.03729248046875;0.0111236572265625;-1.0059967041015625;1
2020-07-16 14:17:48;1594934305.994663;2;0.0367431640625;0.011444091796875;-1.0059814453125;1
2020-07-16 14:17:48;1594934306.034745;2;0.0365753173828125;0.0115509033203125;-1.007171630859375;1
2020-07-16 14:17:48;1594934306.074874;2;0.0368499755859375;0.0113067626953125;-1.0057525634765625;1
2020-07-16 14:17:48;1594934306.1151881;2;0.036712646484375;0.0105438232421875;-1.006317138671875;1
2020-07-16 14:17:48;1594934306.1553214;2;0.0381011962890625;0.010833740234375;-1.006378173828125;1
2020-07-16 14:17:48;1594934306.195652;2;0.0369415283203125;0.0103607177734375;-1.006195068359375;1
2020-07-16 14:17:48;1594934306.235673;2;0.037384033203125;0.0116729736328125;-1.006591796875;1
2020-07-16 14:17:48;1594934306.275452;2;0.0363922119140625;0.0105743408203125;-1.006500244140625;1
2020-07-16 14:17:48;1594934306.315967;2;0.0363922119140625;0.0112457275390625;-1.006103515625;1
2020-07-16 14:17:48;1594934306.3558939;2;0.0370025634765625;0.010833740234375;-1.0060272216796875;1
2020-07-16 14:17:48;1594934306.396107;2;0.0376434326171875;0.011383056640625;-1.0062103271484375;1
2020-07-16 14:17:48;1594934306.436302;2;0.0369110107421875;0.0112152099609375;-1.006072998046875;1
2020-07-16 14:17:48;1594934306.476416;2;0.03594970703125;0.0114898681640625;-1.0059051513671875;1
2020-07-16 14:17:48;1594934306.5166922;2;0.037506103515625;0.0121307373046875;-1.00689697265625;1
2020-07-16 14:17:48;1594934306.5567038;2;0.036163330078125;0.01123046875;-1.0067596435546875;1
2020-07-16 14:17:48;1594934306.597001;2;0.0367889404296875;0.0114898681640625;-1.0059051513671875;1
2020-07-16 14:17:48;1594934306.636858;2;0.03765869140625;0.010986328125;-1.00628662109375;1
2020-07-16 14:17:48;1594934306.6770859;2;0.0371246337890625;0.0109710693359375;-1.005462646484375;1
2020-07-16 14:17:48;1594934306.7173526;2;0.0367584228515625;0.0121307373046875;-1.0060272216796875;1
2020-07-16 14:17:48;1594934306.757386;2;0.037933349609375;0.011016845703125;-1.006805419921875;1
2020-07-16 14:17:48;1594934306.7975938;2;0.036163330078125;0.0113983154296875;-1.0061187744140625;1
2020-07-16 14:17:48;1594934306.837642;2;0.03753662109375;0.01190185546875;-1.0071868896484375;1
2020-07-16 14:17:48;1594934306.8778126;2;0.037353515625;0.0117034912109375;-1.0051727294921875;1
2020-07-16 14:17:48;1594934306.917941;2;0.0370941162109375;0.010345458984375;-1.005828857421875;1
2020-07-16 14:17:48;1594934306.9579248;2;0.03765869140625;0.0109405517578125;-1.0053558349609375;1
2020-07-16 14:17:48;1594934306.998345;2;0.037322998046875;0.0115814208984375;-1.0062408447265625;1
2020-07-16 14:17:48;1594934307.0383658;2;0.0371246337890625;0.0115203857421875;-1.006988525390625;1
2020-07-16 14:17:48;1594934307.078426;2;0.0372161865234375;0.0108489990234375;-1.0072021484375;1
2020-07-16 14:17:48;1594934307.118587;2;0.036895751953125;0.0116424560546875;-1.0071258544921875;1
2020-07-16 14:17:48;1594934307.1587849;2;0.037017822265625;0.0121002197265625;-1.006988525390625;1
2020-07-16 14:17:48;1594934307.199384;2;0.0363616943359375;0.0106658935546875;-1.006195068359375;1
2020-07-16 14:17:48;1594934307.239048;2;0.0371551513671875;0.0109405517578125;-1.0055999755859375;1
2020-07-16 14:17:48;1594934307.2794008;2;0.036956787109375;0.0113067626953125;-1.0060882568359375;1
2020-07-16 14:17:48;1594934307.319433;2;0.037109375;0.0106964111328125;-1.0064849853515625;1
2020-07-16 14:17:48;1594934307.359426;2;0.0361175537109375;0.011505126953125;-1.006134033203125;1
2020-07-16 14:17:48;1594934307.399713;2;0.0372772216796875;0.01141357421875;-1.006439208984375;1
2020-07-16 14:17:48;1594934307.439702;2;0.036773681640625;0.0110931396484375;-1.006439208984375;1
2020-07-16 14:17:48;1594934307.480133;2;0.03717041015625;0.0120391845703125;-1.006256103515625;1
2020-07-16 14:17:48;1594934307.519918;2;0.0368499755859375;0.011505126953125;-1.005615234375;1
2020-07-16 14:17:48;1594934307.5601811;2;0.036834716796875;0.0109405517578125;-1.0055389404296875;1
2020-07-16 14:17:48;1594934307.600414;2;0.03680419921875;0.0112762451171875;-1.005828857421875;1
2020-07-16 14:17:48;1594934307.6402981;2;0.036468505859375;0.0115966796875;-1.0060272216796875;1
2020-07-16 14:17:48;1594934307.680546;2;0.0363311767578125;0.0114593505859375;-1.0050201416015625;1
2020-07-16 14:17:48;1594934307.720577;2;0.0369110107421875;0.0115966796875;-1.007415771484375;1
2020-07-16 14:17:48;1594934307.76087;2;0.036468505859375;0.0100555419921875;-1.006561279296875;1
2020-07-16 14:17:48;1594934307.801027;2;0.0366973876953125;0.0117340087890625;-1.0076904296875;1
2020-07-16 14:17:48;1594934307.84112;2;0.03973388671875;0.009063720703125;-1.0069122314453125;1
2020-07-16 14:17:48;1594934307.881158;2;0.03363037109375;0.0100555419921875;-1.00537109375;1
2020-07-16 14:17:48;1594934307.921459;2;0.027130126953125;0.0067291259765625;-1.0088653564453125;1
2020-07-16 14:17:48;1594934307.961446;2;0.0406036376953125;0.0117950439453125;-1.03411865234375;1
2020-07-16 14:17:48;1594934308.001717;2;-0.00714111328125;-0.0536346435546875;-0.9769744873046876;1
2020-07-16 14:17:48;1594934308.041679;2;-0.02545166015625;-0.0149688720703125;-1.0016632080078125;1
2020-07-16 14:17:48;1594934308.082057;2;0.0492401123046875;0.0239715576171875;-1.006561279296875;1
2020-07-16 14:17:48;1594934308.121939;2;-0.0061798095703125;0.0277252197265625;-0.9545135498046876;1
2020-07-16 14:17:48;1594934308.162273;2;0.022186279296875;-0.0102691650390625;-0.9737548828125;1
2020-07-16 14:17:48;1594934308.2023962;2;-0.015380859375;-0.025238037109375;-0.9600067138671876;1
2020-07-16 14:17:48;1594934308.243485;2;-0.0053863525390625;-0.0151214599609375;-0.9860382080078124;1
2020-07-16 14:17:48;1594934308.2840939;2;0.0231475830078125;0.0074615478515625;-1.016815185546875;1
2020-07-16 14:17:48;1594934308.324051;2;-0.0005950927734375;-0.0106964111328125;-1.007965087890625;1
2020-07-16 14:17:48;1594934308.3641279;2;-0.0067901611328125;-0.0091552734375;-1.018096923828125;1
2020-07-16 14:17:48;1594934308.404088;2;-0.0042266845703125;-0.0084991455078125;-1.00714111328125;1
2020-07-16 14:17:48;1594934308.444083;2;-0.0072021484375;-0.007720947265625;-1.0163116455078125;1
2020-07-16 14:17:48;1594934308.48423;2;0.0021209716796875;-0.01031494140625;-1.00726318359375;1
2020-07-16 14:17:48;1594934308.524286;2;0.0008697509765625;-0.0070343017578125;-1.0043792724609375;1
2020-07-16 14:17:48;1594934308.56516;2;0.00079345703125;-0.0098724365234375;-1.007476806640625;1
2020-07-16 14:17:48;1594934308.604372;2;0.0128631591796875;-0.0088653564453125;-1.0091705322265625;1
2020-07-16 14:17:48;1594934308.644151;2;0.0074615478515625;-0.00848388671875;-1.0073699951171875;1
2020-07-16 14:17:48;1594934308.6846411;2;0.00885009765625;-0.0047607421875;-1.0082244873046875;1
2020-07-16 14:17:48;1594934308.72409;2;0.0059661865234375;-0.0078125;-1.0068206787109375;1
2020-07-16 14:17:48;1594934308.76469;2;0.007080078125;-0.0064544677734375;-1.0055999755859375;1
2020-07-16 14:17:48;1594934308.8044732;2;0.0060577392578125;-0.0089263916015625;-1.0069427490234375;1
2020-07-16 14:17:48;1594934308.844638;2;0.006927490234375;-0.0088043212890625;-1.006195068359375;1
2020-07-16 14:17:48;1594934308.884845;2;0.0059661865234375;-0.00738525390625;-1.0079193115234375;1
2020-07-16 14:17:48;1594934308.925036;2;0.0087127685546875;-0.0095977783203125;-1.0079345703125;1
2020-07-16 14:17:48;1594934308.9652278;2;0.0059814453125;-0.00701904296875;-1.0029449462890625;1
2020-07-16 14:17:48;1594934309.0052726;2;0.0055389404296875;-0.0059051513671875;-1.0036468505859375;1
2020-07-16 14:17:48;1594934309.0452008;2;0.0098876953125;-0.006378173828125;-1.00872802734375;1
2020-07-16 14:17:48;1594934309.085429;2;0.0035400390625;-0.0192413330078125;-1.03887939453125;1
2020-07-16 14:17:48;1594934309.125623;2;0.0031890869140625;-0.006103515625;-1.0152130126953125;1
2020-07-16 14:17:48;1594934309.1655529;2;0.0073699951171875;-0.01287841796875;-1.0098114013671875;1
2020-07-16 14:17:48;1594934309.2060199;2;0.01141357421875;-0.003570556640625;-1.00262451171875;1
