2020-07-14 22:35:41;1594791341.461801;DeviceOrientation;-0.0521392822265625;-0.060546875;-0.9669952392578125;0
2020-07-14 22:35:41;1594791341.462985;0;-0.03338623046875;-0.04095458984375;-0.9683380126953125;0
2020-07-14 22:35:41;1594791341.482759;0;-0.052154541015625;-0.0716094970703125;-0.9390411376953125;0
2020-07-14 22:35:41;1594791341.487238;0;-0.0451507568359375;0.004302978515625;-0.9712982177734375;0
2020-07-14 22:35:41;1594791341.496851;0;-0.0980682373046875;-0.0313720703125;-0.9985504150390625;0
2020-07-14 22:35:41;1594791341.531604;0;-0.1640777587890625;0.155853271484375;-1.0211944580078125;0
2020-07-14 22:35:41;1594791341.584369;0;0.110260009765625;-0.205291748046875;-1.088623046875;0
2020-07-14 22:35:41;1594791341.616543;0;0.1206207275390625;-0.17486572265625;-0.923248291015625;0
2020-07-14 22:35:41;1594791341.656388;0;0.1782989501953125;-0.0936126708984375;-1.0166778564453125;0
2020-07-14 22:35:41;1594791341.688992;0;0.1259613037109375;0.0340423583984375;-1.0346221923828125;0
2020-07-14 22:35:41;1594791341.736308;0;0.212127685546875;0.01336669921875;-1.0814666748046875;0
2020-07-14 22:35:41;1594791341.77613;0;0.2354736328125;-0.14324951171875;-1.0114898681640625;0
2020-07-14 22:35:41;1594791341.817416;0;0.27691650390625;-0.2088775634765625;-0.8736419677734375;0
2020-07-14 22:35:41;1594791341.8571172;0;0.3164825439453125;-0.2031402587890625;-0.9194488525390625;0
2020-07-14 22:35:41;1594791341.8961082;0;0.2065277099609375;-0.07708740234375;-0.88580322265625;0
2020-07-14 22:35:41;1594791341.928484;0;0.3424072265625;-0.1674346923828125;-0.9980010986328125;0
2020-07-14 22:35:41;1594791341.9754171;0;0.2716064453125;-0.1255950927734375;-0.9532470703125;0
2020-07-14 22:35:41;1594791342.0157862;0;0.3193817138671875;-0.1490936279296875;-0.9498748779296875;0
2020-07-14 22:35:41;1594791342.0482001;0;0.3734283447265625;-0.1275787353515625;-0.89007568359375;0
2020-07-14 22:35:41;1594791342.09589;0;0.40899658203125;-0.12982177734375;-0.9130401611328125;0
2020-07-14 22:35:41;1594791342.13606;0;0.494110107421875;-0.1177978515625;-0.9886322021484375;0
2020-07-14 22:35:41;1594791342.167917;0;0.441986083984375;-0.107757568359375;-0.92059326171875;0
2020-07-14 22:35:41;1594791342.207756;0;0.3589019775390625;-0.1785736083984375;-0.914703369140625;0
2020-07-14 22:35:41;1594791342.247896;0;0.3503265380859375;-0.2363128662109375;-0.9923858642578125;0
2020-07-14 22:35:41;1594791342.2961779;0;0.2523193359375;-0.2400360107421875;-0.8574066162109375;0
2020-07-14 22:35:41;1594791342.3332338;0;0.2548675537109375;-0.242340087890625;-0.915771484375;0
2020-07-14 22:35:41;1594791342.376639;0;0.2011260986328125;-0.227691650390625;-0.8922119140625;0
2020-07-14 22:35:41;1594791342.416438;0;0.2285614013671875;-0.2497406005859375;-0.9093170166015625;0
2020-07-14 22:35:41;1594791342.454465;0;0.22113037109375;-0.2423248291015625;-0.8881072998046875;0
2020-07-14 22:35:41;1594791342.496758;0;0.224517822265625;-0.2225189208984375;-0.9073333740234375;0
2020-07-14 22:35:41;1594791342.535574;0;0.2236175537109375;-0.17230224609375;-0.8741455078125;0
2020-07-14 22:35:41;1594791342.573897;0;0.2316131591796875;-0.1890106201171875;-0.8707427978515625;0
2020-07-14 22:35:41;1594791342.6157;0;0.2144775390625;-0.144622802734375;-0.8820953369140625;0
2020-07-14 22:35:41;1594791342.655067;0;0.333465576171875;-0.083251953125;-0.9744873046875;0
2020-07-14 22:35:41;1594791342.687052;0;0.202850341796875;0.06109619140625;-0.88104248046875;0
2020-07-14 22:35:41;1594791342.734479;0;0.346893310546875;0.0242462158203125;-0.9677276611328125;0
2020-07-14 22:35:41;1594791342.773785;0;0.372802734375;0.1155853271484375;-0.9869537353515625;0
2020-07-14 22:35:41;1594791342.815058;0;0.2205047607421875;0.209503173828125;-0.803131103515625;0
2020-07-14 22:35:41;1594791342.8546891;0;0.2499542236328125;0.154144287109375;-0.8961944580078125;0
2020-07-14 22:35:41;1594791342.893678;0;0.3016510009765625;0.241180419921875;-0.8522186279296875;0
2020-07-14 22:35:41;1594791342.9342089;0;0.396881103515625;0.1604156494140625;-1.052459716796875;0
2020-07-14 22:35:41;1594791342.973689;0;0.2688446044921875;0.1672515869140625;-0.94805908203125;0
2020-07-14 22:35:41;1594791343.006362;0;0.2101898193359375;0.281982421875;-1.0837860107421875;0
2020-07-14 22:35:41;1594791343.046222;0;0.1774139404296875;0.372283935546875;-1.126312255859375;0
2020-07-14 22:35:41;1594791343.0935311;0;0.121337890625;0.3046417236328125;-1.120330810546875;0
2020-07-14 22:35:41;1594791343.134707;0;0.17333984375;0.2210540771484375;-1.113067626953125;0
2020-07-14 22:35:41;1594791343.1730309;0;0.234893798828125;0.1415252685546875;-1.075653076171875;0
2020-07-14 22:35:41;1594791343.2135549;0;0.2063140869140625;0.11083984375;-1.0386199951171875;0
2020-07-14 22:35:41;1594791343.25224;0;0.319091796875;0.1432647705078125;-1.2980804443359375;0
2020-07-14 22:35:41;1594791343.294635;0;0.2535552978515625;0.228424072265625;-1.046630859375;0
2020-07-14 22:35:41;1594791343.3342361;0;0.15460205078125;0.175933837890625;-1.069549560546875;0
2020-07-14 22:35:41;1594791343.372181;0;0.149078369140625;0.2557373046875;-1.1171112060546875;0
2020-07-14 22:35:41;1594791343.4141989;0;0.083740234375;0.2986602783203125;-0.851959228515625;0
2020-07-14 22:35:41;1594791343.445496;0;0.0776519775390625;0.2691802978515625;-0.9444732666015625;0
2020-07-14 22:35:41;1594791343.494504;0;0.07122802734375;0.2785797119140625;-0.9581756591796875;0
2020-07-14 22:35:41;1594791343.5339909;0;0.081390380859375;0.32061767578125;-0.986907958984375;0
2020-07-14 22:35:41;1594791343.573152;0;0.1045379638671875;0.2390594482421875;-0.965972900390625;0
2020-07-14 22:35:41;1594791343.614105;0;0.0980987548828125;0.20404052734375;-0.867401123046875;0
2020-07-14 22:35:41;1594791343.652821;0;0.0953521728515625;0.2703704833984375;-0.9208221435546875;0
2020-07-14 22:35:41;1594791343.6931648;0;0.0718994140625;0.5140838623046875;-1.189910888671875;0
2020-07-14 22:35:41;1594791343.7249079;0;0.1608123779296875;0.4480438232421875;-1.0976715087890625;0
2020-07-14 22:35:41;1594791343.764668;0;0.150054931640625;0.3824310302734375;-1.075469970703125;0
2020-07-14 22:35:41;1594791343.8135638;0;0.1979217529296875;0.229095458984375;-0.942596435546875;0
2020-07-14 22:35:41;1594791343.852625;0;0.2621002197265625;0.069183349609375;-0.768707275390625;0
2020-07-14 22:35:41;1594791343.893485;0;0.249664306640625;0.0788116455078125;-0.79107666015625;0
2020-07-14 22:35:41;1594791343.924474;0;0.2305450439453125;0.2797698974609375;-0.9828948974609375;0
2020-07-14 22:35:41;1594791343.972316;0;0.1580657958984375;0.4422607421875;-1.042449951171875;0
2020-07-14 22:35:41;1594791344.012594;0;0.0796966552734375;0.371246337890625;-1.0061798095703125;0
2020-07-14 22:35:41;1594791344.052833;0;0.119415283203125;0.2342987060546875;-0.8554534912109375;0
2020-07-14 22:35:41;1594791344.091532;0;0.1111907958984375;0.1816558837890625;-0.8542633056640625;0
2020-07-14 22:35:41;1594791344.132225;0;0.1506805419921875;0.23272705078125;-0.9045257568359375;0
2020-07-14 22:35:41;1594791344.172117;0;0.1782379150390625;0.242523193359375;-0.8622894287109375;0
2020-07-14 22:35:41;1594791344.2039518;0;0.1889801025390625;0.240203857421875;-0.886199951171875;0
2020-07-14 22:35:41;1594791344.252393;0;0.1514892578125;0.210052490234375;-0.931427001953125;0
2020-07-14 22:35:41;1594791344.283722;0;0.1761016845703125;0.170501708984375;-0.9493865966796875;0
2020-07-14 22:35:41;1594791344.332664;0;0.18878173828125;0.17041015625;-1.0259857177734375;0
2020-07-14 22:35:41;1594791344.372025;0;0.21173095703125;0.1935577392578125;-1.1877288818359375;0
2020-07-14 22:35:41;1594791344.411272;0;0.224456787109375;0.2147674560546875;-1.1927947998046875;0
2020-07-14 22:35:41;1594791344.443382;0;0.1960296630859375;0.1329498291015625;-1.0108642578125;0
2020-07-14 22:35:41;1594791344.491405;0;0.185577392578125;0.099578857421875;-1.0005950927734375;0
2020-07-14 22:35:41;1594791344.531775;0;0.2309112548828125;0.1781768798828125;-0.975494384765625;0
2020-07-14 22:35:41;1594791344.568647;0;0.2284698486328125;0.1795654296875;-0.9114227294921875;0
2020-07-14 22:35:41;1594791344.615416;0;0.25927734375;0.2667999267578125;-1.0678863525390625;0
2020-07-14 22:35:41;1594791344.6518931;0;0.3247833251953125;0.284027099609375;-1.043182373046875;0
2020-07-14 22:35:41;1594791344.6915379;0;0.35986328125;0.260711669921875;-0.933685302734375;0
2020-07-14 22:35:41;1594791344.731245;0;0.2983551025390625;0.1611480712890625;-0.949859619140625;0
2020-07-14 22:35:41;1594791344.769302;0;0.363067626953125;0.2852325439453125;-0.8628082275390625;0
2020-07-14 22:35:41;1594791344.808948;0;0.3676910400390625;0.2644805908203125;-0.8715667724609375;0
2020-07-14 22:35:41;1594791344.852788;0;0.375762939453125;0.1522674560546875;-0.943939208984375;0
2020-07-14 22:35:41;1594791344.8891392;0;0.3486785888671875;0.2228240966796875;-0.8959197998046875;0
2020-07-14 22:35:41;1594791344.931767;0;0.342437744140625;0.1963653564453125;-0.9723358154296875;0
2020-07-14 22:35:41;1594791344.971396;0;0.37847900390625;0.090576171875;-0.9728546142578125;0
2020-07-14 22:35:41;1594791345.009139;0;0.37066650390625;0.04913330078125;-0.9979095458984375;0
2020-07-14 22:35:41;1594791345.049058;0;0.3797454833984375;0.0639801025390625;-0.978363037109375;0
2020-07-14 22:35:41;1594791345.0821118;0;0.32684326171875;0.1212005615234375;-0.9775848388671875;0
2020-07-14 22:35:41;1594791345.133185;0;0.24810791015625;0.1718902587890625;-0.9718780517578125;0
2020-07-14 22:35:41;1594791345.1687698;0;0.223419189453125;0.2244415283203125;-0.98004150390625;0
2020-07-14 22:35:41;1594791345.2019138;0;0.2357025146484375;0.3655853271484375;-1.0793304443359375;0
2020-07-14 22:35:41;1594791345.250915;0;0.2259674072265625;0.35467529296875;-0.9723358154296875;0
2020-07-14 22:35:41;1594791345.2875419;0;0.179840087890625;0.2361297607421875;-0.880859375;0
2020-07-14 22:35:41;1594791345.324866;0;0.1324462890625;0.182281494140625;-0.8053741455078125;0
2020-07-14 22:35:41;1594791345.368027;0;0.0824737548828125;0.1533203125;-0.7995452880859375;0
2020-07-14 22:35:41;1594791345.4051929;0;0.1023406982421875;0.2835235595703125;-0.981353759765625;0
2020-07-14 22:35:41;1594791345.447247;0;0.1541748046875;0.4053497314453125;-1.0205230712890625;0
2020-07-14 22:35:41;1594791345.4813719;0;0.207427978515625;0.360931396484375;-0.932708740234375;0
2020-07-14 22:35:41;1594791345.526833;0;0.1915435791015625;0.2942352294921875;-0.8722076416015625;0
2020-07-14 22:35:41;1594791345.568322;0;0.1820220947265625;0.2201385498046875;-0.90771484375;0
2020-07-14 22:35:41;1594791345.607682;0;0.19775390625;0.2357025146484375;-0.9647216796875;0
2020-07-14 22:35:41;1594791345.644728;0;0.2437896728515625;0.2675628662109375;-0.9813079833984375;0
2020-07-14 22:35:41;1594791345.692844;0;0.279876708984375;0.286834716796875;-0.97113037109375;0
2020-07-14 22:35:41;1594791345.7324018;0;0.2974853515625;0.2379608154296875;-0.9557342529296875;0
2020-07-14 22:35:41;1594791345.7716808;0;0.24969482421875;0.22686767578125;-1.0087890625;0
2020-07-14 22:35:41;1594791345.812722;0;0.239349365234375;0.1578369140625;-1.01025390625;0
2020-07-14 22:35:41;1594791345.8533878;0;0.2498016357421875;0.1329193115234375;-1.0368499755859375;0
2020-07-14 22:35:41;1594791345.88421;0;0.2442779541015625;0.093719482421875;-1.0326690673828125;0
2020-07-14 22:35:41;1594791345.9336739;0;0.2492828369140625;0.0759735107421875;-1.025146484375;0
2020-07-14 22:35:41;1594791345.972956;0;0.25726318359375;0.08966064453125;-1.0227508544921875;0
2020-07-14 22:35:41;1594791346.014118;0;0.2783355712890625;0.164031982421875;-1.055511474609375;0
2020-07-14 22:35:41;1594791346.052923;0;0.312042236328125;0.2190704345703125;-1.0523529052734375;0
2020-07-14 22:35:41;1594791346.092155;0;0.3416595458984375;0.382537841796875;-1.2528839111328125;0
2020-07-14 22:35:41;1594791346.132228;0;0.3756256103515625;0.303619384765625;-1.0878143310546875;0
2020-07-14 22:35:41;1594791346.1636739;0;0.4098968505859375;0.2607879638671875;-1.045928955078125;0
2020-07-14 22:35:41;1594791346.212944;0;0.33734130859375;0.264739990234375;-0.9499053955078125;0
2020-07-14 22:35:41;1594791346.2529721;0;0.364044189453125;0.191131591796875;-0.8070831298828125;0
2020-07-14 22:35:41;1594791346.292193;0;0.3705291748046875;0.474639892578125;-1.0549163818359375;0
2020-07-14 22:35:41;1594791346.33203;0;0.3318634033203125;0.661224365234375;-1.2078704833984375;0
2020-07-14 22:35:41;1594791346.368352;0;0.381622314453125;0.4861907958984375;-1.167724609375;0
2020-07-14 22:35:41;1594791346.403232;0;0.3353424072265625;0.4116058349609375;-1.0918121337890625;0
2020-07-14 22:35:41;1594791346.452742;0;0.3115692138671875;0.3752288818359375;-0.9192657470703125;0
2020-07-14 22:35:41;1594791346.48313;0;0.2851409912109375;0.4319305419921875;-0.873016357421875;0
2020-07-14 22:35:41;1594791346.532368;0;0.2499542236328125;0.46673583984375;-0.8599700927734375;0
2020-07-14 22:35:41;1594791346.568324;0;0.21026611328125;0.462615966796875;-0.814422607421875;0
2020-07-14 22:35:41;1594791346.608521;0;0.117767333984375;0.4561004638671875;-0.7445220947265625;0
2020-07-14 22:35:41;1594791346.651376;0;0.0957489013671875;0.39447021484375;-0.68170166015625;0
2020-07-14 22:35:41;1594791346.688992;0;0.0809326171875;0.40185546875;-0.6942901611328125;0
2020-07-14 22:35:41;1594791346.730815;0;0.1481170654296875;0.3579559326171875;-0.7208251953125;0
2020-07-14 22:35:41;1594791346.768147;0;0.16729736328125;0.314697265625;-0.7657470703125;0
2020-07-14 22:35:41;1594791346.808583;0;0.152435302734375;0.3256072998046875;-0.8132476806640625;0
2020-07-14 22:35:41;1594791346.842177;0;0.1733856201171875;0.29638671875;-0.858306884765625;0
2020-07-14 22:35:41;1594791346.882059;0;0.171142578125;0.3096771240234375;-0.9644927978515625;0
2020-07-14 22:35:41;1594791346.934516;0;0.1917877197265625;0.35076904296875;-1.0337982177734375;0
2020-07-14 22:35:41;1594791346.961874;0;0.2425994873046875;0.3305816650390625;-1.0645751953125;0
2020-07-14 22:35:41;1594791347.001879;0;0.283782958984375;0.3609466552734375;-1.1359100341796875;0
2020-07-14 22:35:41;1594791347.0418491;0;0.36480712890625;0.465667724609375;-1.296905517578125;0
2020-07-14 22:35:41;1594791347.092669;0;0.4239349365234375;0.4168853759765625;-1.1613311767578125;0
2020-07-14 22:35:41;1594791347.121717;0;0.32293701171875;0.455413818359375;-1.0508575439453125;0
2020-07-14 22:35:41;1594791347.169273;0;0.2415771484375;0.389617919921875;-0.962371826171875;0
2020-07-14 22:35:41;1594791347.201388;0;0.24847412109375;0.186187744140625;-0.7960662841796875;0
2020-07-14 22:35:41;1594791347.2485409;0;0.22930908203125;0.1335906982421875;-0.7643890380859375;0
2020-07-14 22:35:41;1594791347.287376;0;0.21990966796875;0.266937255859375;-0.936920166015625;0
2020-07-14 22:35:41;1594791347.328537;0;0.2895355224609375;0.4649810791015625;-1.1441497802734375;0
2020-07-14 22:35:41;1594791347.3610358;0;0.313446044921875;0.4900360107421875;-1.05517578125;0
2020-07-14 22:35:41;1594791347.401339;0;0.2579803466796875;0.324188232421875;-0.8636016845703125;0
2020-07-14 22:35:41;1594791347.448225;0;0.1752471923828125;0.211944580078125;-0.865081787109375;0
2020-07-14 22:35:41;1594791347.481214;0;0.1566162109375;0.1960601806640625;-0.949371337890625;0
2020-07-14 22:35:41;1594791347.5278459;0;0.232391357421875;0.2213592529296875;-0.9463348388671875;0
2020-07-14 22:35:41;1594791347.5686522;0;0.288238525390625;0.338775634765625;-0.9558868408203125;0
2020-07-14 22:35:41;1594791347.606242;0;0.2919921875;0.4036407470703125;-0.9672698974609375;0
2020-07-14 22:35:41;1594791347.650296;0;0.2327728271484375;0.38067626953125;-0.9090728759765625;0
2020-07-14 22:35:41;1594791347.681483;0;0.186798095703125;0.3557586669921875;-0.9202423095703125;0
2020-07-14 22:35:41;1594791347.721148;0;0.2031097412109375;0.357421875;-0.9238433837890625;0
2020-07-14 22:35:41;1594791347.766737;0;0.2623291015625;0.363983154296875;-0.9066925048828125;0
2020-07-14 22:35:41;1594791347.807471;0;0.339935302734375;0.3559722900390625;-0.868865966796875;0
2020-07-14 22:35:41;1594791347.8479362;0;0.373046875;0.378753662109375;-0.8172607421875;0
2020-07-14 22:35:41;1594791347.888511;0;0.3187408447265625;0.4332427978515625;-0.8123321533203125;0
2020-07-14 22:35:41;1594791347.928039;0;0.2686309814453125;0.456268310546875;-0.8217620849609375;0
2020-07-14 22:35:41;1594791347.966089;0;0.2446136474609375;0.47564697265625;-0.837066650390625;0
2020-07-14 22:35:41;1594791348.0088;0;0.2295379638671875;0.4896392822265625;-0.8572998046875;0
2020-07-14 22:35:41;1594791348.0499449;0;0.2359466552734375;0.45404052734375;-0.9317169189453125;0
2020-07-14 22:35:41;1594791348.081287;0;0.1989288330078125;0.402740478515625;-0.960174560546875;0
2020-07-14 22:35:41;1594791348.1277928;0;0.1983795166015625;0.35565185546875;-0.91754150390625;0
2020-07-14 22:35:41;1594791348.168853;0;0.2301788330078125;0.38690185546875;-0.90777587890625;0
2020-07-14 22:35:41;1594791348.207769;0;0.3028564453125;0.3958587646484375;-0.8835906982421875;0
2020-07-14 22:35:41;1594791348.247954;0;0.3626708984375;0.3760528564453125;-0.86767578125;0
2020-07-14 22:35:41;1594791348.2874398;0;0.3701171875;0.3863525390625;-0.89495849609375;0
2020-07-14 22:35:41;1594791348.319312;0;0.343505859375;0.363128662109375;-0.912017822265625;0
2020-07-14 22:35:41;1594791348.36794;0;0.3393402099609375;0.307708740234375;-0.92071533203125;0
2020-07-14 22:35:41;1594791348.407371;0;0.356719970703125;0.2782745361328125;-0.932891845703125;0
2020-07-14 22:35:41;1594791348.447321;0;0.3683319091796875;0.2902069091796875;-0.9431304931640625;0
2020-07-14 22:35:41;1594791348.488086;0;0.3728179931640625;0.2899169921875;-0.9459686279296875;0
2020-07-14 22:35:41;1594791348.520457;0;0.3568878173828125;0.29150390625;-0.9321746826171875;0
2020-07-14 22:35:41;1594791348.5663772;0;0.3234405517578125;0.3269500732421875;-0.9629058837890625;0
2020-07-14 22:35:41;1594791348.598602;0;0.292327880859375;0.31097412109375;-0.941375732421875;0
2020-07-14 22:35:41;1594791348.646603;0;0.2467803955078125;0.2992401123046875;-0.9385528564453125;0
2020-07-14 22:35:41;1594791348.6783938;0;0.2254180908203125;0.2825775146484375;-0.9309539794921875;0
2020-07-14 22:35:41;1594791348.726118;0;0.24542236328125;0.2734527587890625;-0.934326171875;0
2020-07-14 22:35:41;1594791348.7672591;0;0.2542877197265625;0.304168701171875;-0.9625701904296875;0
2020-07-14 22:35:41;1594791348.806464;0;0.2894134521484375;0.3913421630859375;-1.053070068359375;0
2020-07-14 22:35:41;1594791348.844342;0;0.3054351806640625;0.3757476806640625;-0.9635162353515625;0
2020-07-14 22:35:41;1594791348.878024;0;0.27606201171875;0.3538818359375;-0.9595947265625;0
2020-07-14 22:35:41;1594791348.918048;0;0.2486114501953125;0.3269500732421875;-1.0009765625;0
2020-07-14 22:35:41;1594791348.958023;0;0.2447509765625;0.23956298828125;-0.9023590087890625;0
2020-07-14 22:35:41;1594791348.997776;0;0.1798858642578125;0.198516845703125;-0.805511474609375;0
2020-07-14 22:35:41;1594791349.037571;0;0.1477508544921875;0.24249267578125;-0.887542724609375;0
2020-07-14 22:35:41;1594791349.0851278;0;0.1949615478515625;0.4168548583984375;-1.0122222900390625;0
2020-07-14 22:35:41;1594791349.117876;0;0.2631683349609375;0.4391326904296875;-0.9517974853515625;0
2020-07-14 22:35:41;1594791349.166532;0;0.2433624267578125;0.3140869140625;-0.84771728515625;0
2020-07-14 22:35:41;1594791349.197597;0;0.1569366455078125;0.2453765869140625;-0.8643035888671875;0
2020-07-14 22:35:41;1594791349.245727;0;0.148468017578125;0.2353363037109375;-0.9045257568359375;0
2020-07-14 22:35:41;1594791349.277458;0;0.1994781494140625;0.2855224609375;-0.89202880859375;0
2020-07-14 22:35:41;1594791349.317851;0;0.204132080078125;0.3188934326171875;-0.9017181396484375;0
2020-07-14 22:35:41;1594791349.3582978;0;0.204498291015625;0.315460205078125;-0.938446044921875;0
2020-07-14 22:35:41;1594791349.4025068;0;0.186004638671875;0.2549896240234375;-0.922027587890625;0
2020-07-14 22:35:41;1594791349.4381418;0;0.1736297607421875;0.2401885986328125;-1.0091094970703125;0
2020-07-14 22:35:41;1594791349.483701;0;0.183319091796875;0.2018585205078125;-1.04266357421875;0
2020-07-14 22:35:41;1594791349.518354;0;0.230682373046875;0.190582275390625;-1.028472900390625;0
2020-07-14 22:35:41;1594791349.558988;0;0.2394256591796875;0.176910400390625;-0.9646453857421875;0
2020-07-14 22:35:41;1594791349.6027079;0;0.2189178466796875;0.1689453125;-0.9675140380859375;0
2020-07-14 22:35:41;1594791349.639056;0;0.2360687255859375;0.1725616455078125;-0.9940185546875;0
2020-07-14 22:35:41;1594791349.682668;0;0.2457427978515625;0.1688232421875;-0.9612884521484375;0
2020-07-14 22:35:41;1594791349.725926;0;0.2513580322265625;0.1668548583984375;-0.9854736328125;0
2020-07-14 22:35:41;1594791349.765693;0;0.2856903076171875;0.28472900390625;-1.2235107421875;0
2020-07-14 22:35:41;1594791349.795055;0;0.3391876220703125;0.2601776123046875;-1.15045166015625;0
2020-07-14 22:35:41;1594791349.842901;0;0.3702545166015625;0.160614013671875;-0.955596923828125;0
2020-07-14 22:35:41;1594791349.874835;0;0.301177978515625;0.189727783203125;-0.8946533203125;0
2020-07-14 22:35:41;1594791349.9230762;0;0.2325439453125;0.2218170166015625;-0.8785247802734375;0
2020-07-14 22:35:41;1594791349.96367;0;0.2263641357421875;0.3270263671875;-1.0396728515625;0
2020-07-14 22:35:41;1594791349.9944649;0;0.2006988525390625;0.381988525390625;-1.1873931884765625;0
2020-07-14 22:35:41;1594791350.041997;0;0.22259521484375;0.3198089599609375;-1.090606689453125;0
2020-07-14 22:35:41;1594791350.081615;0;0.21917724609375;0.200653076171875;-0.992034912109375;0
2020-07-14 22:35:41;1594791350.1142359;0;0.183868408203125;0.221954345703125;-0.948455810546875;0
2020-07-14 22:35:41;1594791350.154152;0;0.166015625;0.29449462890625;-0.9981231689453125;0
2020-07-14 22:35:41;1594791350.194145;0;0.17767333984375;0.30242919921875;-1.0150604248046875;0
2020-07-14 22:35:41;1594791350.24292;0;0.1641845703125;0.2720794677734375;-0.94195556640625;0
2020-07-14 22:35:41;1594791350.283801;0;0.14935302734375;0.2503509521484375;-0.8816070556640625;0
2020-07-14 22:35:41;1594791350.318836;0;0.132354736328125;0.29754638671875;-0.8769683837890625;0
2020-07-14 22:35:41;1594791350.361551;0;0.1788177490234375;0.262298583984375;-0.7469329833984375;0
2020-07-14 22:35:41;1594791350.402152;0;0.227691650390625;0.2353668212890625;-0.723480224609375;0
2020-07-14 22:35:41;1594791350.441201;0;0.2284393310546875;0.3199462890625;-0.8131256103515625;0
2020-07-14 22:35:41;1594791350.4846358;0;0.185760498046875;0.33453369140625;-0.9118194580078125;0
2020-07-14 22:35:41;1594791350.522505;0;0.186737060546875;0.270233154296875;-0.89373779296875;0
2020-07-14 22:35:41;1594791350.561733;0;0.216827392578125;0.2639007568359375;-0.85833740234375;0
2020-07-14 22:35:41;1594791350.603331;0;0.226348876953125;0.3444061279296875;-0.9425201416015625;0
2020-07-14 22:35:41;1594791350.633133;0;0.3353271484375;0.549652099609375;-1.1247100830078125;0
2020-07-14 22:35:41;1594791350.681809;0;0.3707427978515625;0.470672607421875;-1.02679443359375;0
2020-07-14 22:35:41;1594791350.7219338;0;0.357330322265625;0.30224609375;-0.9900665283203125;0
2020-07-14 22:35:41;1594791350.752993;0;0.3096771240234375;0.1776275634765625;-0.9302825927734375;0
2020-07-14 22:35:41;1594791350.801393;0;0.3779449462890625;0.1820831298828125;-0.9888153076171875;0
2020-07-14 22:35:41;1594791350.840498;0;0.45025634765625;0.3155517578125;-1.124908447265625;0
2020-07-14 22:35:41;1594791350.872631;0;0.4436187744140625;0.313140869140625;-1.03662109375;0
2020-07-14 22:35:41;1594791350.922023;0;0.327911376953125;0.21435546875;-0.871063232421875;0
2020-07-14 22:35:41;1594791350.952532;0;0.2243499755859375;0.1938018798828125;-0.81475830078125;0
2020-07-14 22:35:41;1594791350.9992661;0;0.1958770751953125;0.2321014404296875;-0.843475341796875;0
2020-07-14 22:35:41;1594791351.0323958;0;0.262054443359375;0.324188232421875;-0.865447998046875;0
2020-07-14 22:35:41;1594791351.0788388;0;0.318817138671875;0.345489501953125;-0.9149169921875;0
2020-07-14 22:35:41;1594791351.111994;0;0.3491058349609375;0.3397216796875;-0.8908538818359375;0
2020-07-14 22:35:41;1594791351.157156;0;0.334716796875;0.292144775390625;-0.8404388427734375;0
2020-07-14 22:35:41;1594791351.198186;0;0.3561859130859375;0.2773284912109375;-0.7997589111328125;0
2020-07-14 22:35:41;1594791351.2384439;0;0.30584716796875;0.209991455078125;-0.783111572265625;0
2020-07-14 22:35:41;1594791351.277561;0;0.2734375;0.2236175537109375;-0.7263336181640625;0
2020-07-14 22:35:41;1594791351.311744;0;0.248870849609375;0.1774139404296875;-0.6679840087890625;0
2020-07-14 22:35:41;1594791351.358546;0;0.260498046875;0.3181915283203125;-0.9792938232421875;0
2020-07-14 22:35:41;1594791351.391766;0;0.4194793701171875;0.349822998046875;-1.0977020263671875;0
2020-07-14 22:35:41;1594791351.431905;0;0.5086822509765625;0.3006134033203125;-0.8236846923828125;0
2020-07-14 22:35:41;1594791351.4714599;0;0.387451171875;0.3602142333984375;-0.911163330078125;0
2020-07-14 22:35:41;1594791351.5173411;0;0.4212493896484375;0.371490478515625;-1.1081085205078125;0
2020-07-14 22:35:41;1594791351.5576859;0;0.5307464599609375;0.3532257080078125;-1.0968170166015625;0
2020-07-14 22:35:41;1594791351.598956;0;0.449310302734375;0.3395538330078125;-1.1673126220703125;0
2020-07-14 22:35:41;1594791351.6314511;0;0.4688568115234375;0.2363739013671875;-1.3534698486328125;0
2020-07-14 22:35:41;1594791351.676001;0;0.4904937744140625;0.20965576171875;-1.385162353515625;0
2020-07-14 22:35:41;1594791351.717879;0;0.48577880859375;0.091766357421875;-1.2779998779296875;0
2020-07-14 22:35:41;1594791351.758569;0;0.3773345947265625;0.00830078125;-1.0904388427734375;0
2020-07-14 22:35:41;1594791351.790533;0;0.2551727294921875;0.0979766845703125;-0.91656494140625;0
2020-07-14 22:35:41;1594791351.8309422;0;0.23724365234375;0.1776580810546875;-0.7753753662109375;0
2020-07-14 22:35:41;1594791351.878069;0;0.2750244140625;0.1862335205078125;-0.7580108642578125;0
2020-07-14 22:35:41;1594791351.910476;0;0.2847747802734375;0.2515716552734375;-0.848602294921875;0
2020-07-14 22:35:41;1594791351.9581199;0;0.3780364990234375;0.3560943603515625;-0.966339111328125;0
2020-07-14 22:35:41;1594791351.9906301;0;0.3856201171875;0.3975372314453125;-0.961029052734375;0
2020-07-14 22:35:41;1594791352.030943;0;0.3330078125;0.370025634765625;-0.8927764892578125;0
2020-07-14 22:35:41;1594791352.077516;0;0.318145751953125;0.3194732666015625;-0.86273193359375;0
2020-07-14 22:35:41;1594791352.110713;0;0.315032958984375;0.3080902099609375;-0.8651580810546875;0
2020-07-14 22:35:41;1594791352.157181;0;0.3001556396484375;0.307891845703125;-0.8344268798828125;0
2020-07-14 22:35:41;1594791352.197847;0;0.2711944580078125;0.2736358642578125;-0.7837677001953125;0
2020-07-14 22:35:41;1594791352.237835;0;0.233978271484375;0.2664794921875;-0.773193359375;0
2020-07-14 22:35:41;1594791352.2769098;0;0.216766357421875;0.2278900146484375;-0.7568817138671875;0
2020-07-14 22:35:41;1594791352.3174338;0;0.1941986083984375;0.21502685546875;-0.76300048828125;0
2020-07-14 22:35:41;1594791352.357095;0;0.2053985595703125;0.201507568359375;-0.759521484375;0
2020-07-14 22:35:41;1594791352.3974462;0;0.206268310546875;0.218536376953125;-0.8380584716796875;0
2020-07-14 22:35:41;1594791352.437868;0;0.162628173828125;0.207855224609375;-0.9528961181640625;0
2020-07-14 22:35:41;1594791352.4707642;0;0.20745849609375;0.238739013671875;-1.0568389892578125;0
2020-07-14 22:35:41;1594791352.518409;0;0.420806884765625;0.336334228515625;-1.4026336669921875;0
2020-07-14 22:35:41;1594791352.5491838;0;0.5071563720703125;0.4416046142578125;-1.3282012939453125;0
2020-07-14 22:35:41;1594791352.597806;0;0.420440673828125;0.118011474609375;-0.84637451171875;0
2020-07-14 22:35:41;1594791352.629058;0;0.325714111328125;-0.0136871337890625;-0.684539794921875;0
2020-07-14 22:35:41;1594791352.669014;0;0.306427001953125;0.0297698974609375;-0.9166717529296875;0
2020-07-14 22:35:41;1594791352.716382;0;0.3287506103515625;0.15447998046875;-1.1988677978515625;0
2020-07-14 22:35:41;1594791352.749916;0;0.4092559814453125;0.259063720703125;-1.1267242431640625;0
2020-07-14 22:35:41;1594791352.796422;0;0.3770751953125;0.2511444091796875;-0.8526611328125;0
2020-07-14 22:35:41;1594791352.837327;0;0.275634765625;0.1778411865234375;-0.818267822265625;0
2020-07-14 22:35:41;1594791352.8758678;0;0.2071380615234375;0.131378173828125;-0.883941650390625;0
2020-07-14 22:35:41;1594791352.908492;0;0.217193603515625;0.125701904296875;-0.9178466796875;0
2020-07-14 22:35:41;1594791352.94882;0;0.296478271484375;0.180023193359375;-0.9241180419921875;0
2020-07-14 22:35:41;1594791352.988408;0;0.3284759521484375;0.190277099609375;-0.9316558837890625;0
2020-07-14 22:35:41;1594791353.038523;0;0.3219451904296875;0.143646240234375;-0.9499359130859375;0
2020-07-14 22:35:41;1594791353.0680141;0;0.3004608154296875;0.1087799072265625;-0.9323272705078125;0
2020-07-14 22:35:41;1594791353.1141028;0;0.274017333984375;0.1137847900390625;-0.929656982421875;0
2020-07-14 22:35:41;1594791353.1478481;0;0.2542572021484375;0.144378662109375;-0.9677581787109375;0
2020-07-14 22:35:41;1594791353.195508;0;0.2701263427734375;0.166351318359375;-0.9808807373046875;0
2020-07-14 22:35:41;1594791353.227872;0;0.2842559814453125;0.1881866455078125;-1.0290069580078125;0
2020-07-14 22:35:41;1594791353.275835;0;0.3175811767578125;0.24163818359375;-1.1361846923828125;0
2020-07-14 22:35:41;1594791353.308532;0;0.3076934814453125;0.2864227294921875;-1.1674652099609375;0
2020-07-14 22:35:41;1594791353.352202;0;0.309967041015625;0.2283782958984375;-1.0513916015625;0
2020-07-14 22:35:41;1594791353.390949;0;0.278289794921875;0.3206634521484375;-1.0324554443359375;0
2020-07-14 22:35:41;1594791353.431316;0;0.2730712890625;0.3100128173828125;-0.9694366455078125;0
2020-07-14 22:35:41;1594791353.4711561;0;0.2362518310546875;0.2263336181640625;-0.9061431884765625;0
2020-07-14 22:35:41;1594791353.508537;0;0.1764678955078125;0.2199554443359375;-0.877044677734375;0
2020-07-14 22:35:41;1594791353.55371;0;0.19976806640625;0.3245391845703125;-0.9886932373046875;0
2020-07-14 22:35:41;1594791353.592441;0;0.2393646240234375;0.382110595703125;-1.0760955810546875;0
2020-07-14 22:35:41;1594791353.628232;0;0.2574005126953125;0.3466949462890625;-0.9626007080078125;0
2020-07-14 22:35:41;1594791353.6669521;0;0.2474822998046875;0.2972564697265625;-0.8620147705078125;0
2020-07-14 22:35:41;1594791353.715271;0;0.2481231689453125;0.29534912109375;-0.8789215087890625;0
2020-07-14 22:35:41;1594791353.756744;0;0.275146484375;0.305389404296875;-0.917083740234375;0
2020-07-14 22:35:41;1594791353.786819;0;0.2754669189453125;0.2486114501953125;-0.88885498046875;0
2020-07-14 22:35:41;1594791353.836101;0;0.2647247314453125;0.2574462890625;-0.8712158203125;0
2020-07-14 22:35:41;1594791353.8664122;0;0.2602081298828125;0.2971038818359375;-0.8944244384765625;0
2020-07-14 22:35:41;1594791353.913985;0;0.2870635986328125;0.3225250244140625;-0.9427032470703125;0
2020-07-14 22:35:41;1594791353.954327;0;0.3158416748046875;0.286712646484375;-0.927764892578125;0
2020-07-14 22:35:41;1594791353.995177;0;0.339599609375;0.27880859375;-0.9048004150390625;0
2020-07-14 22:35:41;1594791354.0346432;0;0.3717041015625;0.3028411865234375;-0.9232940673828125;0
2020-07-14 22:35:41;1594791354.06631;0;0.42144775390625;0.297943115234375;-0.9280853271484375;0
2020-07-14 22:35:41;1594791354.10605;0;0.4727935791015625;0.326904296875;-0.9977874755859375;0
2020-07-14 22:35:41;1594791354.154449;0;0.49847412109375;0.3513031005859375;-0.9941253662109375;0
2020-07-14 22:35:41;1594791354.194293;0;0.5261688232421875;0.3252716064453125;-0.9723358154296875;0
2020-07-14 22:35:41;1594791354.225916;0;0.4629974365234375;0.2729339599609375;-0.8630828857421875;0
2020-07-14 22:35:41;1594791354.273456;0;0.3751983642578125;0.167266845703125;-0.7745819091796875;0
2020-07-14 22:35:41;1594791354.313407;0;0.3398284912109375;0.205841064453125;-0.85064697265625;0
2020-07-14 22:35:41;1594791354.353987;0;0.403228759765625;0.235809326171875;-0.9167327880859375;0
2020-07-14 22:35:41;1594791354.391797;0;0.447845458984375;0.23980712890625;-0.9171142578125;0
2020-07-14 22:35:41;1594791354.433721;0;0.4344940185546875;0.2200469970703125;-0.9208831787109375;0
2020-07-14 22:35:41;1594791354.47315;0;0.3901519775390625;0.206756591796875;-0.92236328125;0
2020-07-14 22:35:41;1594791354.512502;0;0.3571624755859375;0.159942626953125;-0.8681488037109375;0
2020-07-14 22:35:41;1594791354.5541248;0;0.351348876953125;0.1675262451171875;-0.902801513671875;0
2020-07-14 22:35:41;1594791354.5850239;0;0.380645751953125;0.2086181640625;-0.948822021484375;0
2020-07-14 22:35:41;1594791354.633605;0;0.4196624755859375;0.216033935546875;-0.944427490234375;0
2020-07-14 22:35:41;1594791354.67337;0;0.4287109375;0.174468994140625;-0.947662353515625;0
2020-07-14 22:35:41;1594791354.712532;0;0.40899658203125;0.14349365234375;-0.951690673828125;0
2020-07-14 22:35:41;1594791354.753337;0;0.407012939453125;0.1255950927734375;-0.951873779296875;0
2020-07-14 22:35:41;1594791354.784727;0;0.3985748291015625;0.1186676025390625;-0.939788818359375;0
2020-07-14 22:35:41;1594791354.824521;0;0.37890625;0.1193084716796875;-0.9353179931640625;0
2020-07-14 22:35:41;1594791354.872891;0;0.3455810546875;0.10870361328125;-0.9365081787109375;0
2020-07-14 22:35:41;1594791354.9112349;0;0.3271484375;0.097198486328125;-0.935150146484375;0
2020-07-14 22:35:41;1594791354.944324;0;0.3144073486328125;0.0968475341796875;-0.9337310791015625;0
2020-07-14 22:35:41;1594791354.984209;0;0.29949951171875;0.0935821533203125;-0.9925994873046875;0
2020-07-14 22:35:41;1594791355.0291328;0;0.291900634765625;0.0745697021484375;-0.9928436279296875;0
2020-07-14 22:35:41;1594791355.076287;0;0.3264923095703125;0.10089111328125;-1.0622406005859375;0
2020-07-14 22:35:41;1594791355.104018;0;0.321136474609375;0.0675048828125;-1.06060791015625;0
2020-07-14 22:35:41;1594791355.152327;0;0.312835693359375;0.050079345703125;-1.0618438720703125;0
2020-07-14 22:35:41;1594791355.191918;0;0.28533935546875;0.170074462890625;-1.1120452880859375;0
2020-07-14 22:35:41;1594791355.232753;0;0.3090362548828125;0.2073516845703125;-1.0681610107421875;0
2020-07-14 22:35:41;1594791355.2688909;0;0.3296051025390625;0.2077789306640625;-0.9836578369140625;0
2020-07-14 22:35:41;1594791355.311399;0;0.3074188232421875;0.1441650390625;-0.9291534423828125;0
2020-07-14 22:35:41;1594791355.352098;0;0.29901123046875;0.1787109375;-1.0126800537109375;0
2020-07-14 22:35:41;1594791355.392033;0;0.3609161376953125;0.2715606689453125;-1.0632171630859375;0
2020-07-14 22:35:41;1594791355.4312081;0;0.4164276123046875;0.294830322265625;-1.009796142578125;0
2020-07-14 22:35:41;1594791355.4632149;0;0.4132080078125;0.2712249755859375;-0.918426513671875;0
2020-07-14 22:35:41;1594791355.502938;0;0.359100341796875;0.2647857666015625;-0.8878173828125;0
2020-07-14 22:35:41;1594791355.5518079;0;0.31854248046875;0.2623748779296875;-0.8945159912109375;0
2020-07-14 22:35:41;1594791355.5914922;0;0.2923736572265625;0.3224029541015625;-0.90155029296875;0
2020-07-14 22:35:41;1594791355.630868;0;0.326751708984375;0.2902984619140625;-0.8062896728515625;0
2020-07-14 22:35:41;1594791355.669042;0;0.2903594970703125;0.2748565673828125;-0.794708251953125;0
2020-07-14 22:35:41;1594791355.708669;0;0.279998779296875;0.2453460693359375;-0.81365966796875;0
2020-07-14 22:35:41;1594791355.742928;0;0.3119964599609375;0.188720703125;-0.8341522216796875;0
2020-07-14 22:35:41;1594791355.7918801;0;0.3558502197265625;0.1182098388671875;-0.8433074951171875;0
2020-07-14 22:35:41;1594791355.8291159;0;0.3374481201171875;0.078399658203125;-0.89892578125;0
2020-07-14 22:35:41;1594791355.871115;0;0.3184814453125;0.063140869140625;-0.924041748046875;0
2020-07-14 22:35:41;1594791355.902323;0;0.3207244873046875;0.0789794921875;-0.9927215576171875;0
2020-07-14 22:35:41;1594791355.951488;0;0.3716583251953125;0.095306396484375;-1.020355224609375;0
2020-07-14 22:35:41;1594791355.988972;0;0.4362640380859375;0.176025390625;-1.1553802490234375;0
2020-07-14 22:35:41;1594791356.022023;0;0.5257568359375;0.3266143798828125;-1.3164520263671875;0
2020-07-14 22:35:41;1594791356.0710669;0;0.528778076171875;0.1568450927734375;-1.03857421875;0
2020-07-14 22:35:41;1594791356.101873;0;0.3598785400390625;0.03106689453125;-0.8482513427734375;0
2020-07-14 22:35:41;1594791356.148382;0;0.27423095703125;0.0003662109375;-0.782928466796875;0
2020-07-14 22:35:41;1594791356.188571;0;0.298828125;-0.04254150390625;-0.8259124755859375;0
2020-07-14 22:35:41;1594791356.228255;0;0.31268310546875;0.02203369140625;-0.92724609375;0
2020-07-14 22:35:41;1594791356.268824;0;0.3394622802734375;0.210906982421875;-1.04571533203125;0
2020-07-14 22:35:41;1594791356.301501;0;0.3980712890625;0.2305145263671875;-1.003082275390625;0
2020-07-14 22:35:41;1594791356.347466;0;0.33819580078125;0.1381988525390625;-0.9432525634765625;0
2020-07-14 22:35:41;1594791356.388939;0;0.2606201171875;0.093353271484375;-0.928009033203125;0
2020-07-14 22:35:41;1594791356.427351;0;0.2403106689453125;0.1165618896484375;-0.93182373046875;0
2020-07-14 22:35:41;1594791356.46915;0;0.2807159423828125;0.1766510009765625;-0.936004638671875;0
2020-07-14 22:35:41;1594791356.508693;0;0.3164520263671875;0.2043609619140625;-0.910125732421875;0
2020-07-14 22:35:41;1594791356.546052;0;0.3268280029296875;0.200408935546875;-0.9250335693359375;0
2020-07-14 22:35:41;1594791356.58385;0;0.312103271484375;0.152099609375;-0.8823089599609375;0
2020-07-14 22:35:41;1594791356.631854;0;0.3112030029296875;0.115142822265625;-0.8733062744140625;0
2020-07-14 22:35:41;1594791356.661037;0;0.300323486328125;0.1020355224609375;-0.868377685546875;0
2020-07-14 22:35:41;1594791356.70876;0;0.3763580322265625;0.1050262451171875;-0.8582763671875;0
2020-07-14 22:35:41;1594791356.748342;0;0.4551849365234375;0.042022705078125;-0.8233795166015625;0
2020-07-14 22:35:41;1594791356.788029;0;0.4015045166015625;0.0504150390625;-0.93896484375;0
2020-07-14 22:35:41;1594791356.8269649;0;0.38238525390625;0.063079833984375;-1.02130126953125;0
2020-07-14 22:35:41;1594791356.867265;0;0.4416656494140625;0.209320068359375;-1.1763458251953125;0
2020-07-14 22:35:41;1594791356.9076219;0;0.422821044921875;0.2923126220703125;-1.1129302978515625;0
2020-07-14 22:35:41;1594791356.948244;0;0.41400146484375;0.3214111328125;-0.9877777099609375;0
2020-07-14 22:35:41;1594791356.987675;0;0.4245758056640625;0.25341796875;-0.9668426513671875;0
2020-07-14 22:35:41;1594791357.027231;0;0.383636474609375;0.1938629150390625;-0.8223419189453125;0
2020-07-14 22:35:41;1594791357.066282;0;0.4220123291015625;0.1605072021484375;-0.7978363037109375;0
2020-07-14 22:35:41;1594791357.110429;0;0.3670654296875;0.333099365234375;-1.0632781982421875;0
2020-07-14 22:35:41;1594791357.1460629;0;0.4617462158203125;0.357513427734375;-1.097015380859375;0
2020-07-14 22:35:41;1594791357.187502;0;0.479766845703125;0.2318878173828125;-0.958343505859375;0
2020-07-14 22:35:41;1594791357.220899;0;0.3880157470703125;0.2290191650390625;-0.87261962890625;0
2020-07-14 22:35:41;1594791357.267099;0;0.3061065673828125;0.273651123046875;-0.864227294921875;0
2020-07-14 22:35:41;1594791357.302475;0;0.278411865234375;0.3226318359375;-0.87615966796875;0
2020-07-14 22:35:41;1594791357.3436031;0;0.2752532958984375;0.3343353271484375;-0.8369598388671875;0
2020-07-14 22:35:41;1594791357.381978;0;0.267730712890625;0.32489013671875;-0.786590576171875;0
2020-07-14 22:35:41;1594791357.422203;0;0.2674713134765625;0.3058319091796875;-0.7635040283203125;0
2020-07-14 22:35:41;1594791357.462727;0;0.288330078125;0.2921295166015625;-0.815093994140625;0
2020-07-14 22:35:41;1594791357.501883;0;0.331939697265625;0.231201171875;-0.8273773193359375;0
2020-07-14 22:35:41;1594791357.543387;0;0.3308258056640625;0.2308807373046875;-0.897247314453125;0
2020-07-14 22:35:41;1594791357.582703;0;0.367828369140625;0.218475341796875;-0.931304931640625;0
2020-07-14 22:35:41;1594791357.62072;0;0.413177490234375;0.193572998046875;-0.957550048828125;0
2020-07-14 22:35:41;1594791357.6602411;0;0.4295654296875;0.1754608154296875;-0.9910430908203125;0
2020-07-14 22:35:41;1594791357.698374;0;0.4355010986328125;0.1385650634765625;-0.968353271484375;0
2020-07-14 22:35:41;1594791357.7383618;0;0.445159912109375;0.140106201171875;-1.042449951171875;0
2020-07-14 22:35:41;1594791357.786821;0;0.461517333984375;0.1689605712890625;-1.0783538818359375;0
2020-07-14 22:35:41;1594791357.81828;0;0.5277862548828125;0.2224884033203125;-1.209228515625;0
2020-07-14 22:35:41;1594791357.858233;0;0.5569000244140625;0.295074462890625;-1.2606658935546875;0
2020-07-14 22:35:41;1594791357.898119;0;0.49578857421875;0.234466552734375;-1.1430206298828125;0
2020-07-14 22:35:41;1594791357.938013;0;0.38763427734375;0.0970916748046875;-1.0564727783203125;0
2020-07-14 22:35:41;1594791357.9778051;0;0.2465057373046875;-0.0167999267578125;-0.866363525390625;0
2020-07-14 22:35:41;1594791358.017973;0;0.201690673828125;-0.085113525390625;-0.739959716796875;0
2020-07-14 22:35:41;1594791358.064595;0;0.2360382080078125;-0.0265960693359375;-0.7768707275390625;0
2020-07-14 22:35:41;1594791358.105499;0;0.378173828125;0.1833038330078125;-0.9840850830078125;0
2020-07-14 22:35:41;1594791358.1375542;0;0.46759033203125;0.3744659423828125;-1.088836669921875;0
2020-07-14 22:35:41;1594791358.187543;0;0.4775390625;0.3543243408203125;-1.022613525390625;0
2020-07-14 22:35:41;1594791358.225338;0;0.436767578125;0.2454986572265625;-0.941864013671875;0
2020-07-14 22:35:41;1594791358.266766;0;0.4191131591796875;0.2311248779296875;-0.8860626220703125;0
2020-07-14 22:35:41;1594791358.306902;0;0.437469482421875;0.2514495849609375;-0.849151611328125;0
2020-07-14 22:35:41;1594791358.34359;0;0.4825286865234375;0.3050079345703125;-0.900634765625;0
2020-07-14 22:35:41;1594791358.3868;0;0.51910400390625;0.324859619140625;-0.870025634765625;0
2020-07-14 22:35:41;1594791358.4250941;0;0.4711456298828125;0.3016204833984375;-0.848388671875;0
2020-07-14 22:35:41;1594791358.456862;0;0.387542724609375;0.2158966064453125;-0.85760498046875;0
2020-07-14 22:35:41;1594791358.504672;0;0.3402252197265625;0.1853179931640625;-0.8438720703125;0
2020-07-14 22:35:41;1594791358.537003;0;0.2876129150390625;0.155853271484375;-0.86566162109375;0
2020-07-14 22:35:41;1594791358.586722;0;0.2661895751953125;0.1389312744140625;-0.9174346923828125;0
2020-07-14 22:35:41;1594791358.6269689;0;0.251800537109375;0.1467132568359375;-0.9620208740234375;0
2020-07-14 22:35:41;1594791358.66511;0;0.2082977294921875;0.13482666015625;-0.91925048828125;0
2020-07-14 22:35:41;1594791358.696235;0;0.1520538330078125;0.1863555908203125;-0.8976287841796875;0
2020-07-14 22:35:41;1594791358.7363992;0;0.0748138427734375;0.25616455078125;-0.9267730712890625;0
2020-07-14 22:35:41;1594791358.7764301;0;0.1004180908203125;0.2533111572265625;-0.93597412109375;0
2020-07-14 22:35:41;1594791358.823596;0;0.104705810546875;0.247650146484375;-0.893829345703125;0
2020-07-14 22:35:41;1594791358.8562698;0;0.108062744140625;0.247772216796875;-0.8633880615234375;0
2020-07-14 22:35:41;1594791358.905157;0;0.167327880859375;0.3238525390625;-0.9988555908203125;0
2020-07-14 22:35:41;1594791358.94379;0;0.295562744140625;0.513916015625;-1.2826690673828125;0
2020-07-14 22:35:41;1594791358.985478;0;0.314300537109375;0.4432373046875;-1.04071044921875;0
2020-07-14 22:35:41;1594791359.022584;0;0.3032989501953125;0.187835693359375;-0.8087158203125;0
2020-07-14 22:35:41;1594791359.062046;0;0.0535888671875;-0.0777740478515625;-0.910491943359375;0
2020-07-14 22:35:41;1594791359.0957232;0;0.206268310546875;0.337615966796875;-0.9158935546875;0
2020-07-14 22:35:41;1594791359.1356921;0;0.3506927490234375;0.315399169921875;-1.189544677734375;0
2020-07-14 22:35:41;1594791359.175489;0;0.404388427734375;0.26556396484375;-1.13525390625;0
2020-07-14 22:35:41;1594791359.215364;0;0.423065185546875;0.164459228515625;-0.9588165283203125;0
2020-07-14 22:35:41;1594791359.255275;0;0.36126708984375;0.150177001953125;-0.9020843505859375;0
2020-07-14 22:35:41;1594791359.303422;0;0.3229217529296875;0.2039031982421875;-0.881866455078125;0
2020-07-14 22:35:41;1594791359.343204;0;0.3367767333984375;0.226776123046875;-0.9009552001953125;0
2020-07-14 22:35:41;1594791359.3751411;0;0.3235931396484375;0.1980133056640625;-0.9499053955078125;0
2020-07-14 22:35:41;1594791359.423552;0;0.3295440673828125;0.2287750244140625;-0.9267120361328125;0
2020-07-14 22:35:41;1594791359.462723;0;0.2869720458984375;0.2172088623046875;-0.9151763916015625;0
2020-07-14 22:35:41;1594791359.494884;0;0.2681427001953125;0.1932220458984375;-0.90460205078125;0
2020-07-14 22:35:41;1594791359.5417209;0;0.2581329345703125;0.2277679443359375;-0.9040985107421875;0
2020-07-14 22:35:41;1594791359.58225;0;0.2486419677734375;0.222900390625;-0.8936004638671875;0
2020-07-14 22:35:41;1594791359.6143231;0;0.25885009765625;0.2124481201171875;-0.9082794189453125;0
2020-07-14 22:35:41;1594791359.661422;0;0.26654052734375;0.222625732421875;-0.906585693359375;0
2020-07-14 22:35:41;1594791359.7035298;0;0.3155517578125;0.20849609375;-0.9347991943359375;0
2020-07-14 22:35:41;1594791359.734449;0;0.34332275390625;0.2193450927734375;-0.9383392333984375;0
2020-07-14 22:35:41;1594791359.780293;0;0.3776702880859375;0.22235107421875;-0.9905548095703125;0
2020-07-14 22:35:41;1594791359.817936;0;0.40283203125;0.231048583984375;-0.9910888671875;0
2020-07-14 22:35:41;1594791359.858828;0;0.4512481689453125;0.3142547607421875;-1.12542724609375;0
2020-07-14 22:35:41;1594791359.901485;0;0.3713836669921875;0.276214599609375;-1.189178466796875;0
2020-07-14 22:35:41;1594791359.938877;0;0.310516357421875;0.17376708984375;-1.0606842041015625;0
2020-07-14 22:35:41;1594791359.982997;0;0.32867431640625;0.061004638671875;-0.921630859375;0
2020-07-14 22:35:41;1594791360.0135841;0;0.3033599853515625;0.0049285888671875;-0.8775787353515625;0
2020-07-14 22:35:41;1594791360.0537782;0;0.2463836669921875;-0.01519775390625;-0.879608154296875;0
2020-07-14 22:35:41;1594791360.093826;0;0.286865234375;0.0462188720703125;-0.9401092529296875;0
2020-07-14 22:35:41;1594791360.143413;0;0.4026641845703125;0.2578277587890625;-1.1560211181640625;0
2020-07-14 22:35:41;1594791360.181232;0;0.529541015625;0.4396514892578125;-1.233856201171875;0
2020-07-14 22:35:41;1594791360.223599;0;0.516357421875;0.3381500244140625;-1.04998779296875;0
2020-07-14 22:35:41;1594791360.261914;0;0.4199981689453125;0.24127197265625;-0.9145355224609375;0
2020-07-14 22:35:41;1594791360.301409;0;0.3205718994140625;0.26287841796875;-0.911956787109375;0
2020-07-14 22:35:41;1594791360.333044;0;0.3374786376953125;0.30419921875;-0.900482177734375;0
2020-07-14 22:35:41;1594791360.378829;0;0.35296630859375;0.3325347900390625;-0.8363494873046875;0
2020-07-14 22:35:41;1594791360.412869;0;0.3167724609375;0.3154144287109375;-0.794586181640625;0
2020-07-14 22:35:41;1594791360.452869;0;0.261871337890625;0.24267578125;-0.7937774658203125;0
2020-07-14 22:35:41;1594791360.492694;0;0.2438812255859375;0.19110107421875;-0.810394287109375;0
2020-07-14 22:35:41;1594791360.542482;0;0.2251434326171875;0.1688232421875;-0.8264007568359375;0
2020-07-14 22:35:41;1594791360.580682;0;0.2250518798828125;0.1420440673828125;-0.8601531982421875;0
2020-07-14 22:35:41;1594791360.6241632;0;0.23779296875;0.2042694091796875;-0.950439453125;0
2020-07-14 22:35:41;1594791360.660994;0;0.265625;0.193359375;-0.967498779296875;0
2020-07-14 22:35:41;1594791360.692405;0;0.2903289794921875;0.2120361328125;-0.99560546875;0
2020-07-14 22:35:41;1594791360.741205;0;0.280181884765625;0.2221832275390625;-1.017822265625;0
2020-07-14 22:35:41;1594791360.772272;0;0.2926025390625;0.228759765625;-1.0030670166015625;0
2020-07-14 22:35:41;1594791360.812053;0;0.3302001953125;0.2627105712890625;-0.95843505859375;0
2020-07-14 22:35:41;1594791360.860486;0;0.3141021728515625;0.2186279296875;-0.8934478759765625;0
2020-07-14 22:35:41;1594791360.8988209;0;0.2474212646484375;0.1868743896484375;-0.88214111328125;0
2020-07-14 22:35:41;1594791360.940734;0;0.2500457763671875;0.2193756103515625;-0.916534423828125;0
2020-07-14 22:35:41;1594791360.978816;0;0.291259765625;0.310638427734375;-0.94696044921875;0
2020-07-14 22:35:41;1594791361.018933;0;0.3377838134765625;0.3168182373046875;-0.981658935546875;0
2020-07-14 22:35:41;1594791361.059222;0;0.336517333984375;0.2682647705078125;-1.001373291015625;0
2020-07-14 22:35:41;1594791361.098968;0;0.3422393798828125;0.2354278564453125;-0.9928131103515625;0
2020-07-14 22:35:41;1594791361.1406112;0;0.3685760498046875;0.21868896484375;-0.95318603515625;0
2020-07-14 22:35:41;1594791361.172143;0;0.3818817138671875;0.238311767578125;-0.9249420166015625;0
2020-07-14 22:35:41;1594791361.2168999;0;0.364990234375;0.2522125244140625;-0.902679443359375;0
2020-07-14 22:35:41;1594791361.251167;0;0.363555908203125;0.2347259521484375;-0.8952789306640625;0
2020-07-14 22:35:41;1594791361.296041;0;0.3390655517578125;0.221099853515625;-0.9541168212890625;0
2020-07-14 22:35:41;1594791361.335639;0;0.3243408203125;0.2017974853515625;-0.97772216796875;0
2020-07-14 22:35:41;1594791361.373594;0;0.3327178955078125;0.2124176025390625;-0.9757080078125;0
2020-07-14 22:35:41;1594791361.4140391;0;0.33050537109375;0.22821044921875;-0.9543609619140625;0
2020-07-14 22:35:41;1594791361.454397;0;0.3297271728515625;0.2013397216796875;-0.971405029296875;0
2020-07-14 22:35:41;1594791361.4972281;0;0.331024169921875;0.234344482421875;-0.9871978759765625;0
2020-07-14 22:35:41;1594791361.53461;0;0.3730926513671875;0.220062255859375;-0.9389495849609375;0
2020-07-14 22:35:41;1594791361.571058;0;0.40625;0.2033233642578125;-0.8873291015625;0
2020-07-14 22:35:41;1594791361.618544;0;0.4129486083984375;0.2379302978515625;-0.8995819091796875;0
2020-07-14 22:35:41;1594791361.655401;0;0.4286651611328125;0.2829437255859375;-0.92401123046875;0
2020-07-14 22:35:41;1594791361.703309;0;0.4357147216796875;0.2816009521484375;-0.9170684814453125;0
2020-07-14 22:35:41;1594791361.745123;0;0.4300994873046875;0.2674407958984375;-0.912841796875;0
2020-07-14 22:35:41;1594791361.784035;0;0.4371185302734375;0.31329345703125;-1.0040283203125;0
2020-07-14 22:35:41;1594791361.822933;0;0.4192047119140625;0.3082733154296875;-1.0626678466796875;0
2020-07-14 22:35:41;1594791361.8614058;0;0.3858795166015625;0.290985107421875;-1.0225067138671875;0
2020-07-14 22:35:41;1594791361.894726;0;0.3582305908203125;0.3140106201171875;-0.9696044921875;0
2020-07-14 22:35:41;1594791361.941718;0;0.3258819580078125;0.33551025390625;-0.9693450927734375;0
2020-07-14 22:35:41;1594791361.98053;0;0.3047332763671875;0.3086700439453125;-0.966033935546875;0
2020-07-14 22:35:41;1594791362.0155149;0;0.2922821044921875;0.2867584228515625;-0.927703857421875;0
2020-07-14 22:35:41;1594791362.0591831;0;0.279541015625;0.2474212646484375;-0.91778564453125;0
2020-07-14 22:35:41;1594791362.1025681;0;0.2772979736328125;0.29071044921875;-0.9438629150390625;0
2020-07-14 22:35:41;1594791362.146297;0;0.288055419921875;0.2865753173828125;-0.9421539306640625;0
2020-07-14 22:35:41;1594791362.183765;0;0.311492919921875;0.2874755859375;-0.97906494140625;0
2020-07-14 22:35:41;1594791362.222227;0;0.3323974609375;0.243255615234375;-0.9703369140625;0
2020-07-14 22:35:41;1594791362.262506;0;0.315338134765625;0.186553955078125;-0.9516754150390625;0
2020-07-14 22:35:41;1594791362.3015099;0;0.2661590576171875;0.17742919921875;-0.9395599365234375;0
2020-07-14 22:35:41;1594791362.334058;0;0.2531585693359375;0.1603240966796875;-0.9319915771484375;0
2020-07-14 22:35:41;1594791362.381939;0;0.2521209716796875;0.1552886962890625;-0.8624725341796875;0
2020-07-14 22:35:41;1594791362.424782;0;0.2146148681640625;0.160552978515625;-0.8737945556640625;0
2020-07-14 22:35:41;1594791362.46146;0;0.1963043212890625;0.1562042236328125;-0.902862548828125;0
2020-07-14 22:35:41;1594791362.502019;0;0.2063751220703125;0.1216278076171875;-0.8803863525390625;0
2020-07-14 22:35:41;1594791362.543182;0;0.2324981689453125;0.0983428955078125;-0.93963623046875;0
2020-07-14 22:35:41;1594791362.582341;0;0.2180938720703125;0.1450347900390625;-0.96954345703125;0
2020-07-14 22:35:41;1594791362.621663;0;0.217620849609375;0.0626068115234375;-0.9102783203125;0
2020-07-14 22:35:41;1594791362.662149;0;0.2116546630859375;0.040374755859375;-0.981536865234375;0
2020-07-14 22:35:41;1594791362.7017632;0;0.1944427490234375;0.0372467041015625;-0.9916839599609375;0
2020-07-14 22:35:41;1594791362.741126;0;0.1746063232421875;0.0280303955078125;-0.9407806396484375;0
2020-07-14 22:35:41;1594791362.7805839;0;0.1434478759765625;0.0440521240234375;-0.964508056640625;0
2020-07-14 22:35:41;1594791362.817206;0;0.1439361572265625;0.0303497314453125;-0.9340362548828125;0
2020-07-14 22:35:41;1594791362.864843;0;0.152496337890625;0.04547119140625;-0.9310455322265625;0
2020-07-14 22:35:41;1594791362.899014;0;0.124176025390625;0.0673675537109375;-1.0110931396484375;0
2020-07-14 22:35:41;1594791362.9409862;0;0.1407623291015625;0.182861328125;-1.085235595703125;0
2020-07-14 22:35:41;1594791362.981327;0;0.22674560546875;0.159423828125;-0.978424072265625;0
2020-07-14 22:35:41;1594791363.0215;0;0.1778564453125;0.1175079345703125;-0.960662841796875;0
2020-07-14 22:35:41;1594791363.062101;0;0.144134521484375;0.1377410888671875;-0.9895782470703125;0
2020-07-14 22:35:41;1594791363.0978708;0;0.1625213623046875;0.1751251220703125;-0.949249267578125;0
2020-07-14 22:35:41;1594791363.1413522;0;0.1461944580078125;0.191680908203125;-0.9460601806640625;0
2020-07-14 22:35:41;1594791363.178314;0;0.1316375732421875;0.183746337890625;-0.9338836669921875;0
2020-07-14 22:35:41;1594791363.223641;0;0.1241455078125;0.1778564453125;-0.909088134765625;0
2020-07-14 22:35:41;1594791363.2589421;0;0.104766845703125;0.2214813232421875;-0.9944305419921875;0
2020-07-14 22:35:41;1594791363.2991328;0;0.107696533203125;0.3497467041015625;-1.120361328125;0
2020-07-14 22:35:41;1594791363.341281;0;0.1356048583984375;0.29193115234375;-1.051025390625;0
2020-07-14 22:35:41;1594791363.378274;0;0.163848876953125;0.2415313720703125;-1.0032806396484375;0
2020-07-14 22:35:41;1594791363.418684;0;0.127197265625;0.2587738037109375;-0.982940673828125;0
2020-07-14 22:35:41;1594791363.45159;0;0.148712158203125;0.2350311279296875;-0.9944000244140625;0
2020-07-14 22:35:41;1594791363.4984112;0;0.122650146484375;0.2266998291015625;-1.0077056884765625;0
2020-07-14 22:35:41;1594791363.538502;0;0.1121063232421875;0.1873016357421875;-1.0167388916015625;0
2020-07-14 22:35:41;1594791363.577623;0;0.1475830078125;0.1474151611328125;-0.994232177734375;0
2020-07-14 22:35:41;1594791363.6172829;0;0.16717529296875;0.16693115234375;-0.9949951171875;0
2020-07-14 22:35:41;1594791363.657843;0;0.1761474609375;0.1995697021484375;-1.005584716796875;0
2020-07-14 22:35:41;1594791363.6910892;0;0.191650390625;0.1796722412109375;-0.9500579833984375;0
2020-07-14 22:35:41;1594791363.736621;0;0.1631927490234375;0.2265167236328125;-0.978546142578125;0
2020-07-14 22:35:41;1594791363.771511;0;0.175628662109375;0.226959228515625;-0.9720001220703125;0
2020-07-14 22:35:41;1594791363.816011;0;0.2017974853515625;0.2281341552734375;-0.9612579345703125;0
2020-07-14 22:35:41;1594791363.85586;0;0.2089080810546875;0.2266998291015625;-0.9552154541015625;0
2020-07-14 22:35:41;1594791363.8920121;0;0.2004852294921875;0.2188262939453125;-0.9713134765625;0
2020-07-14 22:35:41;1594791363.936244;0;0.1846466064453125;0.201416015625;-0.9403228759765625;0
2020-07-14 22:35:41;1594791363.977485;0;0.1606903076171875;0.198883056640625;-0.9406890869140625;0
2020-07-14 22:35:41;1594791364.0232549;0;0.1367950439453125;0.2744903564453125;-1.1327972412109375;0
2020-07-14 22:35:41;1594791364.0579271;0;0.0769500732421875;0.44940185546875;-1.28131103515625;0
2020-07-14 22:35:41;1594791364.095777;0;0.0867462158203125;0.3258209228515625;-0.95379638671875;0
2020-07-14 22:35:41;1594791364.136718;0;0.0490264892578125;0.2729339599609375;-0.8506927490234375;0
2020-07-14 22:35:41;1594791364.177639;0;0.004608154296875;0.2085418701171875;-0.9493865966796875;0
2020-07-14 22:35:41;1594791364.221741;0;-0.0174102783203125;0.1443023681640625;-0.9738006591796875;0
2020-07-14 22:35:41;1594791364.2572231;0;-0.0295562744140625;0.2183837890625;-0.994476318359375;0
2020-07-14 22:35:41;1594791364.296634;0;0.03668212890625;0.26470947265625;-0.9924468994140625;0
2020-07-14 22:35:41;1594791364.337214;0;0.071685791015625;0.2323455810546875;-0.960479736328125;0
2020-07-14 22:35:41;1594791364.375544;0;0.0688629150390625;0.224822998046875;-0.962066650390625;0
2020-07-14 22:35:41;1594791364.418425;0;0.0801239013671875;0.2171630859375;-0.964935302734375;0
2020-07-14 22:35:41;1594791364.456069;0;0.107208251953125;0.206817626953125;-0.9435882568359375;0
2020-07-14 22:35:41;1594791364.496169;0;0.1224365234375;0.198150634765625;-0.95440673828125;0
2020-07-14 22:35:41;1594791364.5350251;0;0.1382904052734375;0.2417144775390625;-1.005950927734375;0
2020-07-14 22:35:41;1594791364.578426;0;0.15228271484375;0.2311248779296875;-0.9699554443359375;0
2020-07-14 22:35:41;1594791364.6219401;0;0.14306640625;0.192230224609375;-0.941680908203125;0
2020-07-14 22:35:41;1594791364.65658;0;0.1387481689453125;0.15875244140625;-0.94097900390625;0
2020-07-14 22:35:41;1594791364.69122;0;0.1365966796875;0.192962646484375;-0.97412109375;0
2020-07-14 22:35:41;1594791364.736022;0;0.1481781005859375;0.2117919921875;-0.9967803955078125;0
2020-07-14 22:35:41;1594791364.775937;0;0.15728759765625;0.1945953369140625;-0.9659881591796875;0
2020-07-14 22:35:41;1594791364.8087878;0;0.1631011962890625;0.1855316162109375;-0.9891815185546875;0
2020-07-14 22:35:41;1594791364.856639;0;0.1590728759765625;0.190765380859375;-0.9752349853515625;0
2020-07-14 22:35:41;1594791364.900173;0;0.17486572265625;0.1881866455078125;-0.9665374755859375;0
2020-07-14 22:35:41;1594791364.9362478;0;0.1953582763671875;0.1496429443359375;-0.9833831787109375;0
2020-07-14 22:35:41;1594791364.968358;0;0.2091217041015625;0.1664581298828125;-0.9842987060546875;0
2020-07-14 22:35:41;1594791365.01618;0;0.2249908447265625;0.159576416015625;-0.98101806640625;0
2020-07-14 22:35:41;1594791365.0551019;0;0.2337646484375;0.1892242431640625;-0.971588134765625;0
2020-07-14 22:35:41;1594791365.095972;0;0.2437744140625;0.199798583984375;-0.9635162353515625;0
2020-07-14 22:35:41;1594791365.134872;0;0.2439422607421875;0.179046630859375;-0.9494781494140625;0
2020-07-14 22:35:41;1594791365.17676;0;0.244842529296875;0.171295166015625;-0.943023681640625;0
2020-07-14 22:35:41;1594791365.217012;0;0.2653350830078125;0.1556243896484375;-0.9518280029296875;0
2020-07-14 22:35:41;1594791365.257539;0;0.25360107421875;0.1247100830078125;-0.965728759765625;0
2020-07-14 22:35:41;1594791365.296021;0;0.2398834228515625;0.1305389404296875;-0.9839630126953125;0
2020-07-14 22:35:41;1594791365.327836;0;0.2540740966796875;0.1519622802734375;-0.96173095703125;0
2020-07-14 22:35:41;1594791365.377874;0;0.2504119873046875;0.14129638671875;-0.978271484375;0
2020-07-14 22:35:41;1594791365.417643;0;0.22662353515625;0.1054229736328125;-1.0107879638671875;0
2020-07-14 22:35:41;1594791365.456156;0;0.22930908203125;0.07452392578125;-1.0237579345703125;0
2020-07-14 22:35:41;1594791365.49605;0;0.2528533935546875;0.039306640625;-1.043060302734375;0
2020-07-14 22:35:41;1594791365.535873;0;0.2390899658203125;0.082000732421875;-1.0005035400390625;0
2020-07-14 22:35:41;1594791365.57676;0;0.214569091796875;0.0527801513671875;-0.9462432861328125;0
2020-07-14 22:35:41;1594791365.616414;0;0.1775054931640625;0.03143310546875;-1.02813720703125;0
2020-07-14 22:35:41;1594791365.6557589;0;0.122772216796875;0.047637939453125;-1.06427001953125;0
2020-07-14 22:35:41;1594791365.6948009;0;0.13543701171875;0.114349365234375;-1.0998382568359375;0
2020-07-14 22:35:41;1594791365.7348099;0;0.162200927734375;0.1948699951171875;-1.1277923583984375;0
2020-07-14 22:35:41;1594791365.775321;0;0.1845245361328125;0.1826629638671875;-1.03814697265625;0
2020-07-14 22:35:41;1594791365.815187;0;0.1738739013671875;0.1749725341796875;-0.99041748046875;0
2020-07-14 22:35:41;1594791365.853473;0;0.122802734375;0.169464111328125;-0.9909820556640625;0
2020-07-14 22:35:41;1594791365.895673;0;0.1227874755859375;0.1422119140625;-0.9643096923828125;0
2020-07-14 22:35:41;1594791365.93367;0;0.1483001708984375;0.11199951171875;-0.9551849365234375;0
2020-07-14 22:35:41;1594791365.9735022;0;0.1510772705078125;0.106201171875;-0.951141357421875;0
2020-07-14 22:35:41;1594791366.014875;0;0.1316986083984375;0.0922698974609375;-0.91912841796875;0
2020-07-14 22:35:41;1594791366.0541;0;0.128448486328125;0.0878143310546875;-0.8932952880859375;0
2020-07-14 22:35:41;1594791366.097042;0;0.1084442138671875;0.09893798828125;-0.872711181640625;0
2020-07-14 22:35:41;1594791366.1343641;0;0.1068267822265625;0.0916290283203125;-0.8448638916015625;0
2020-07-14 22:35:41;1594791366.17526;0;0.1068878173828125;0.075592041015625;-0.8645477294921875;0
2020-07-14 22:35:41;1594791366.213017;0;0.094970703125;0.068359375;-0.9107513427734375;0
2020-07-14 22:35:41;1594791366.252616;0;0.0983428955078125;0.0491943359375;-0.93670654296875;0
2020-07-14 22:35:41;1594791366.291741;0;0.099365234375;0.0379791259765625;-0.96490478515625;0
2020-07-14 22:35:41;1594791366.3343081;0;0.1226806640625;0.07928466796875;-1.0119781494140625;0
2020-07-14 22:35:41;1594791366.3742862;0;0.1602020263671875;0.114288330078125;-1.05938720703125;0
2020-07-14 22:35:41;1594791366.413795;0;0.181610107421875;0.1689605712890625;-1.1581878662109375;0
2020-07-14 22:35:41;1594791366.451056;0;0.211639404296875;0.1092681884765625;-1.094757080078125;0
2020-07-14 22:35:41;1594791366.494431;0;0.23614501953125;0.0489349365234375;-1.0490264892578125;0
2020-07-14 22:35:41;1594791366.532007;0;0.2595977783203125;0.018798828125;-1.0761260986328125;0
2020-07-14 22:35:41;1594791366.571146;0;0.266265869140625;0.007904052734375;-1.0475006103515625;0
2020-07-14 22:35:41;1594791366.6123571;0;0.23077392578125;0.0581207275390625;-1.01397705078125;0
2020-07-14 22:35:41;1594791366.6524448;0;0.1530609130859375;0.05072021484375;-0.9711456298828125;0
2020-07-14 22:35:41;1594791366.692738;0;0.1612548828125;0.066070556640625;-0.9586334228515625;0
2020-07-14 22:35:41;1594791366.733805;0;0.24407958984375;0.1676177978515625;-1.0638580322265625;0
2020-07-14 22:35:41;1594791366.764699;0;0.2990875244140625;0.2769927978515625;-1.1575927734375;0
2020-07-14 22:35:41;1594791366.814745;0;0.33001708984375;0.2532196044921875;-1.082733154296875;0
2020-07-14 22:35:41;1594791366.851383;0;0.2802734375;0.2125244140625;-0.9549713134765625;0
2020-07-14 22:35:41;1594791366.89202;0;0.22979736328125;0.1885223388671875;-0.8846282958984375;0
2020-07-14 22:35:41;1594791366.9327059;0;0.2189483642578125;0.220611572265625;-0.8517303466796875;0
2020-07-14 22:35:41;1594791366.9718142;0;0.249267578125;0.255859375;-0.8512420654296875;0
2020-07-14 22:35:41;1594791367.01321;0;0.2740325927734375;0.24658203125;-0.8596649169921875;0
2020-07-14 22:35:41;1594791367.049169;0;0.3055877685546875;0.2344512939453125;-0.85748291015625;0
2020-07-14 22:35:41;1594791367.093818;0;0.338623046875;0.252288818359375;-0.8831939697265625;0
2020-07-14 22:35:41;1594791367.132213;0;0.3808441162109375;0.2383270263671875;-0.867218017578125;0
2020-07-14 22:35:41;1594791367.171185;0;0.3883056640625;0.188812255859375;-0.859130859375;0
2020-07-14 22:35:41;1594791367.2087;0;0.3770904541015625;0.152618408203125;-0.8946533203125;0
2020-07-14 22:35:41;1594791367.2525349;0;0.3766632080078125;0.09588623046875;-0.919586181640625;0
2020-07-14 22:35:41;1594791367.2838202;0;0.39813232421875;0.0934906005859375;-0.9466552734375;0
2020-07-14 22:35:41;1594791367.323604;0;0.4310302734375;0.1039581298828125;-0.976837158203125;0
2020-07-14 22:35:41;1594791367.3718638;0;0.4649810791015625;0.09088134765625;-1.0483856201171875;0
2020-07-14 22:35:41;1594791367.413652;0;0.4467010498046875;0.0933685302734375;-1.089141845703125;0
2020-07-14 22:35:41;1594791367.450985;0;0.40704345703125;0.11846923828125;-1.1584014892578125;0
2020-07-14 22:35:41;1594791367.4916902;0;0.3751220703125;0.1317138671875;-1.178436279296875;0
2020-07-14 22:35:41;1594791367.532141;0;0.389495849609375;0.207763671875;-1.2607269287109375;0
2020-07-14 22:35:41;1594791367.5630221;0;0.3961944580078125;0.18194580078125;-1.16571044921875;0
2020-07-14 22:35:41;1594791367.61237;0;0.336395263671875;0.0994873046875;-0.9785919189453125;0
2020-07-14 22:35:41;1594791367.65137;0;0.2325439453125;-0.0007781982421875;-0.8267822265625;0
2020-07-14 22:35:41;1594791367.692048;0;0.170562744140625;-0.082977294921875;-0.7675628662109375;0
2020-07-14 22:35:41;1594791367.7313108;0;0.1949005126953125;-0.0606842041015625;-0.8682708740234375;0
2020-07-14 22:35:41;1594791367.762617;0;0.301361083984375;0.12835693359375;-1.0716400146484375;0
2020-07-14 22:35:41;1594791367.812556;0;0.3589935302734375;0.289276123046875;-1.1375579833984375;0
2020-07-14 22:35:41;1594791367.848444;0;0.285064697265625;0.3477935791015625;-1.0193634033203125;0
2020-07-14 22:35:41;1594791367.8890219;0;0.256103515625;0.251190185546875;-0.8971405029296875;0
2020-07-14 22:35:41;1594791367.92256;0;0.227203369140625;0.164581298828125;-0.91851806640625;0
2020-07-14 22:35:41;1594791367.97113;0;0.2222900390625;0.177978515625;-0.9972076416015625;0
2020-07-14 22:35:41;1594791368.0114589;0;0.2745819091796875;0.217742919921875;-0.9972991943359375;0
2020-07-14 22:35:41;1594791368.050688;0;0.3159637451171875;0.256439208984375;-0.941802978515625;0
2020-07-14 22:35:41;1594791368.091076;0;0.3125762939453125;0.258056640625;-0.8910064697265625;0
2020-07-14 22:35:41;1594791368.130918;0;0.2600250244140625;0.236602783203125;-0.8541412353515625;0
2020-07-14 22:35:41;1594791368.167471;0;0.20867919921875;0.181427001953125;-0.852203369140625;0
2020-07-14 22:35:41;1594791368.208117;0;0.1768646240234375;0.1809234619140625;-0.90869140625;0
2020-07-14 22:35:41;1594791368.248526;0;0.1531219482421875;0.1860809326171875;-0.900787353515625;0
2020-07-14 22:35:41;1594791368.288583;0;0.1664581298828125;0.1829681396484375;-0.86572265625;0
2020-07-14 22:35:41;1594791368.3287969;0;0.1385955810546875;0.19366455078125;-0.913055419921875;0
2020-07-14 22:35:41;1594791368.367681;0;0.1735076904296875;0.1561431884765625;-0.918182373046875;0
2020-07-14 22:35:41;1594791368.401335;0;0.1930084228515625;0.131866455078125;-0.9513092041015625;0
2020-07-14 22:35:41;1594791368.448097;0;0.231201171875;0.115386962890625;-1.0069427490234375;0
2020-07-14 22:35:41;1594791368.487512;0;0.2988739013671875;0.115234375;-1.0404510498046875;0
2020-07-14 22:35:41;1594791368.528934;0;0.36810302734375;0.1598663330078125;-1.142425537109375;0
2020-07-14 22:35:41;1594791368.56769;0;0.417877197265625;0.1410064697265625;-1.1116485595703125;0
2020-07-14 22:35:41;1594791368.608155;0;0.4460601806640625;0.085052490234375;-1.0808563232421875;0
2020-07-14 22:35:41;1594791368.645045;0;0.4552154541015625;0.0827178955078125;-1.0761871337890625;0
2020-07-14 22:35:41;1594791368.6858358;0;0.4335174560546875;0.1489105224609375;-1.0125885009765625;0
2020-07-14 22:35:41;1594791368.725759;0;0.377532958984375;0.188507080078125;-0.8743438720703125;0
2020-07-14 22:35:41;1594791368.767002;0;0.319305419921875;0.1683197021484375;-0.7872161865234375;0
2020-07-14 22:35:41;1594791368.806818;0;0.248138427734375;0.146392822265625;-0.8265228271484375;0
2020-07-14 22:35:41;1594791368.847353;0;0.292388916015625;0.1726226806640625;-0.9538116455078125;0
2020-07-14 22:35:41;1594791368.8807;0;0.3702850341796875;0.1768798828125;-1.01458740234375;0
2020-07-14 22:35:41;1594791368.927989;0;0.4403533935546875;0.158660888671875;-0.9333648681640625;0
2020-07-14 22:35:41;1594791368.967932;0;0.4861602783203125;0.128265380859375;-0.9443206787109375;0
2020-07-14 22:35:41;1594791369.00836;0;0.413543701171875;0.172088623046875;-0.9910430908203125;0
2020-07-14 22:35:41;1594791369.041261;0;0.414093017578125;0.15557861328125;-0.9970855712890625;0
2020-07-14 22:35:41;1594791369.086533;0;0.3889007568359375;0.241302490234375;-0.9809722900390625;0
2020-07-14 22:35:41;1594791369.128409;0;0.3354949951171875;0.30426025390625;-0.9863128662109375;0
2020-07-14 22:35:41;1594791369.1682239;0;0.290496826171875;0.3167572021484375;-0.9799346923828125;0
2020-07-14 22:35:41;1594791369.208479;0;0.2968902587890625;0.26629638671875;-0.96783447265625;0
2020-07-14 22:35:41;1594791369.2514958;0;0.2344970703125;0.253204345703125;-0.9598846435546875;0
2020-07-14 22:35:41;1594791369.286263;0;0.223114013671875;0.218231201171875;-0.9296722412109375;0
2020-07-14 22:35:41;1594791369.32788;0;0.23455810546875;0.18719482421875;-0.9003753662109375;0
2020-07-14 22:35:41;1594791369.3673592;0;0.224456787109375;0.1996002197265625;-0.89190673828125;0
2020-07-14 22:35:41;1594791369.406501;0;0.23260498046875;0.19891357421875;-0.8779296875;0
2020-07-14 22:35:41;1594791369.441153;0;0.2511749267578125;0.2185821533203125;-0.8654632568359375;0
2020-07-14 22:35:41;1594791369.486387;0;0.2734832763671875;0.22503662109375;-0.8517303466796875;0
2020-07-14 22:35:41;1594791369.529254;0;0.277435302734375;0.223480224609375;-0.8686370849609375;0
2020-07-14 22:35:41;1594791369.567842;0;0.2905426025390625;0.2386474609375;-0.9633636474609375;0
2020-07-14 22:35:41;1594791369.605443;0;0.346282958984375;0.2885589599609375;-1.12420654296875;0
2020-07-14 22:35:41;1594791369.6462579;0;0.41815185546875;0.2848663330078125;-1.1546173095703125;0
2020-07-14 22:35:41;1594791369.684782;0;0.4485626220703125;0.185028076171875;-1.0230865478515625;0
2020-07-14 22:35:41;1594791369.727027;0;0.3478546142578125;0.102264404296875;-0.95111083984375;0
2020-07-14 22:35:41;1594791369.76653;0;0.2221527099609375;0.0918426513671875;-0.99365234375;0
2020-07-14 22:35:41;1594791369.805046;0;0.179718017578125;0.0053863525390625;-0.973358154296875;0
2020-07-14 22:35:41;1594791369.846383;0;0.195587158203125;-0.0387725830078125;-0.9193267822265625;0
2020-07-14 22:35:41;1594791369.878038;0;0.2460784912109375;0.0113372802734375;-0.9400177001953125;0
2020-07-14 22:35:41;1594791369.926602;0;0.2586517333984375;0.09765625;-1.0522003173828125;0
2020-07-14 22:35:41;1594791369.966669;0;0.2673187255859375;0.12786865234375;-1.0790557861328125;0
2020-07-14 22:35:41;1594791370.0041819;0;0.2620697021484375;0.16326904296875;-1.045745849609375;0
2020-07-14 22:35:41;1594791370.037916;0;0.22808837890625;0.193389892578125;-1.029388427734375;0
2020-07-14 22:35:41;1594791370.086804;0;0.26849365234375;0.2050933837890625;-0.97930908203125;0
2020-07-14 22:35:41;1594791370.126913;0;0.3047637939453125;0.2254638671875;-0.9121856689453125;0
2020-07-14 22:35:41;1594791370.1663032;0;0.28179931640625;0.2592926025390625;-0.922210693359375;0
2020-07-14 22:35:41;1594791370.2066;0;0.2598114013671875;0.264129638671875;-0.9488983154296875;0
2020-07-14 22:35:41;1594791370.2459621;0;0.2234344482421875;0.2495574951171875;-0.937652587890625;0
2020-07-14 22:35:41;1594791370.285236;0;0.2131805419921875;0.1993255615234375;-0.9161529541015625;0
2020-07-14 22:35:41;1594791370.31773;0;0.2012786865234375;0.2138824462890625;-0.9331512451171875;0
2020-07-14 22:35:41;1594791370.357599;0;0.2050933837890625;0.213775634765625;-0.965179443359375;0
2020-07-14 22:35:41;1594791370.40417;0;0.2134857177734375;0.22662353515625;-0.9852294921875;0
2020-07-14 22:35:41;1594791370.4458299;0;0.2127227783203125;0.2144012451171875;-0.956268310546875;0
2020-07-14 22:35:41;1594791370.485884;0;0.2062225341796875;0.24896240234375;-1.011993408203125;0
2020-07-14 22:35:41;1594791370.516891;0;0.1764068603515625;0.2532806396484375;-0.926544189453125;0
2020-07-14 22:35:41;1594791370.564636;0;0.1642608642578125;0.2941131591796875;-0.9151763916015625;0
2020-07-14 22:35:41;1594791370.6042042;0;0.1659088134765625;0.322174072265625;-0.9388885498046875;0
2020-07-14 22:35:41;1594791370.644119;0;0.1873626708984375;0.2966156005859375;-0.923828125;0
2020-07-14 22:35:41;1594791370.6841831;0;0.2258758544921875;0.26226806640625;-0.8857269287109375;0
2020-07-14 22:35:41;1594791370.723069;0;0.2672119140625;0.254852294921875;-0.8808746337890625;0
2020-07-14 22:35:41;1594791370.7563481;0;0.3012847900390625;0.2585296630859375;-0.8803253173828125;0
2020-07-14 22:35:41;1594791370.805709;0;0.33056640625;0.269012451171875;-0.899383544921875;0
2020-07-14 22:35:41;1594791370.836252;0;0.35174560546875;0.290802001953125;-0.923431396484375;0
2020-07-14 22:35:41;1594791370.876282;0;0.37890625;0.338134765625;-0.990234375;0
2020-07-14 22:35:41;1594791370.924588;0;0.389068603515625;0.3447723388671875;-1.024017333984375;0
2020-07-14 22:35:41;1594791370.9661798;0;0.3989105224609375;0.2703857421875;-0.9806976318359375;0
2020-07-14 22:35:41;1594791370.9959211;0;0.3939056396484375;0.195556640625;-0.93511962890625;0
2020-07-14 22:35:41;1594791371.0451798;0;0.32586669921875;0.1782379150390625;-0.9768524169921875;0
2020-07-14 22:35:41;1594791371.083839;0;0.33502197265625;0.126556396484375;-1.033294677734375;0
2020-07-14 22:35:41;1594791371.115701;0;0.3637237548828125;0.132476806640625;-1.025634765625;0
2020-07-14 22:35:41;1594791371.164339;0;0.3516387939453125;0.16973876953125;-1.01055908203125;0
2020-07-14 22:35:41;1594791371.202174;0;0.3324432373046875;0.1640167236328125;-1.0150146484375;0
2020-07-14 22:35:41;1594791371.244894;0;0.3304901123046875;0.2052001953125;-1.0433807373046875;0
2020-07-14 22:35:41;1594791371.284546;0;0.33917236328125;0.2062835693359375;-1.017333984375;0
2020-07-14 22:35:41;1594791371.4469771;0;0.3592376708984375;0.275909423828125;-0.9573516845703125;0
2020-07-14 22:35:41;1594791371.4532351;0;0.3553466796875;0.2140655517578125;-0.9376220703125;0
2020-07-14 22:35:41;1594791371.456141;0;0.28167724609375;0.336944580078125;-1.0536346435546875;0
2020-07-14 22:35:41;1594791371.4666371;0;0.257232666015625;0.3053741455078125;-1.027008056640625;0
2020-07-14 22:35:41;1594791371.61626;0;0.2332305908203125;0.2418670654296875;-0.904022216796875;0
2020-07-14 22:35:41;1594791371.6166291;0;0.190826416015625;0.2894287109375;-0.9777984619140625;0
2020-07-14 22:35:41;1594791371.617116;0;0.197113037109375;0.22589111328125;-0.953887939453125;0
2020-07-14 22:35:41;1594791371.617476;0;0.207183837890625;0.2462158203125;-0.9625244140625;0
2020-07-14 22:35:41;1594791371.635017;0;0.205352783203125;0.197967529296875;-0.91107177734375;0
2020-07-14 22:35:41;1594791371.674928;0;0.167724609375;0.1621551513671875;-0.897247314453125;0
2020-07-14 22:35:41;1594791371.714633;0;0.1633758544921875;0.1535186767578125;-0.942230224609375;0
2020-07-14 22:35:41;1594791371.754771;0;0.1784515380859375;0.177398681640625;-1.0213470458984375;0
2020-07-14 22:35:41;1594791371.794646;0;0.3254852294921875;0.115203857421875;-1.105804443359375;0
2020-07-14 22:35:41;1594791371.834433;0;0.348419189453125;0.113525390625;-1.0101470947265625;0
2020-07-14 22:35:41;1594791371.874289;0;0.4047698974609375;0.224639892578125;-0.8730010986328125;0
2020-07-14 22:35:41;1594791371.914098;0;0.5222320556640625;0.1752471923828125;-0.9127655029296875;0
2020-07-14 22:35:41;1594791371.9541779;0;0.4970703125;0.1721038818359375;-1.031646728515625;0
2020-07-14 22:35:41;1594791371.994154;0;0.596588134765625;0.2643280029296875;-0.88641357421875;0
2020-07-14 22:35:41;1594791372.033766;0;0.633056640625;0.2989349365234375;-0.8116912841796875;0
2020-07-14 22:35:41;1594791372.0743241;0;0.6585845947265625;0.17352294921875;-0.8074493408203125;0
2020-07-14 22:35:41;1594791372.1141372;0;0.678314208984375;0.10406494140625;-0.6555328369140625;0
2020-07-14 22:35:41;1594791372.153836;0;0.6766815185546875;0.0904388427734375;-0.59747314453125;0
2020-07-14 22:35:41;1594791372.19386;0;0.6496734619140625;0.15087890625;-0.495574951171875;0
2020-07-14 22:35:41;1594791372.233317;0;0.6243896484375;0.0523223876953125;-0.5566864013671875;0
2020-07-14 22:35:41;1594791372.273655;0;0.60858154296875;0.0205230712890625;-0.5989837646484375;0
2020-07-14 22:35:41;1594791372.3130178;0;0.5544281005859375;0.046234130859375;-0.70489501953125;0
2020-07-14 22:35:41;1594791372.353451;0;0.4570465087890625;0.1716461181640625;-0.7606964111328125;0
2020-07-14 22:35:41;1594791372.3934932;0;0.385772705078125;0.1638641357421875;-0.9034271240234375;0
2020-07-14 22:35:41;1594791372.43343;0;0.43328857421875;0.1210784912109375;-0.9064483642578125;0
2020-07-14 22:35:41;1594791372.473287;0;0.4864654541015625;0.158050537109375;-0.93060302734375;0
2020-07-14 22:35:41;1594791372.513206;0;0.384033203125;0.122802734375;-1.0093994140625;0
2020-07-14 22:35:41;1594791372.547131;0;0.39703369140625;0.1262664794921875;-0.9776458740234375;0
2020-07-14 22:35:41;1594791372.587274;0;0.3975372314453125;0.1492919921875;-0.9800262451171875;0
2020-07-14 22:35:41;1594791372.627172;0;0.354217529296875;0.13818359375;-0.96441650390625;0
2020-07-14 22:35:41;1594791372.6671162;0;0.331512451171875;0.20697021484375;-1.0543212890625;0
2020-07-14 22:35:41;1594791372.7069569;0;0.2479705810546875;0.1617889404296875;-1.14703369140625;0
2020-07-14 22:35:41;1594791372.746863;0;0.270111083984375;0.275421142578125;-0.910858154296875;0
2020-07-14 22:35:41;1594791372.786821;0;0.3338623046875;0.082794189453125;-0.961700439453125;0
2020-07-14 22:35:41;1594791372.826707;0;0.2130126953125;0.1467132568359375;-0.91888427734375;0
2020-07-14 22:35:41;1594791372.866558;0;0.1967010498046875;0.1439971923828125;-0.8401947021484375;0
2020-07-14 22:35:41;1594791372.906604;0;0.1713409423828125;0.0685272216796875;-0.831817626953125;0
2020-07-14 22:35:41;1594791372.946604;0;0.055023193359375;0.02056884765625;-0.9330902099609375;0
2020-07-14 22:35:41;1594791372.98658;0;0.06341552734375;-0.00482177734375;-0.99127197265625;0
2020-07-14 22:35:41;1594791373.026398;0;0.0185394287109375;-0.03759765625;-1.0259857177734375;0
2020-07-14 22:35:41;1594791373.068328;0;0.013031005859375;-0.0864105224609375;-1.00433349609375;0
2020-07-14 22:35:41;1594791373.106123;0;0.051239013671875;-0.1344757080078125;-0.989898681640625;0
2020-07-14 22:35:41;1594791373.1459532;0;0.0215301513671875;-0.16558837890625;-1.029083251953125;0
2020-07-14 22:35:41;1594791373.1861439;0;0.003662109375;-0.2154998779296875;-0.9034423828125;0
2020-07-14 22:35:41;1594791373.225826;0;-0.036224365234375;-0.2109832763671875;-0.9409332275390625;0
2020-07-14 22:35:41;1594791373.265695;0;-0.0039520263671875;-0.2464447021484375;-0.937286376953125;0
2020-07-14 22:35:41;1594791373.305651;0;0.0097503662109375;-0.2719879150390625;-0.93170166015625;0
2020-07-14 22:35:41;1594791373.345623;0;-0.0401153564453125;-0.2425384521484375;-0.9151458740234375;0
2020-07-14 22:35:41;1594791373.385694;0;-0.04010009765625;-0.245361328125;-0.9355010986328125;0
2020-07-14 22:35:41;1594791373.4256148;0;-0.05328369140625;-0.22747802734375;-0.9427642822265625;0
2020-07-14 22:35:41;1594791373.46541;0;-0.0208587646484375;-0.2248382568359375;-1.0057373046875;0
2020-07-14 22:35:41;1594791373.505415;0;0.0395660400390625;-0.112396240234375;-1.2548675537109375;0
2020-07-14 22:35:41;1594791373.545238;0;0.0411834716796875;-0.1391143798828125;-0.9435272216796875;0
2020-07-14 22:35:41;1594791373.587084;0;0.019317626953125;-0.1960906982421875;-0.9856414794921875;0
2020-07-14 22:35:41;1594791373.624964;0;0.0066986083984375;-0.223419189453125;-1.0855255126953125;0
2020-07-14 22:35:41;1594791373.664929;0;-0.0301971435546875;-0.079193115234375;-0.9958038330078125;0
2020-07-14 22:35:41;1594791373.70504;0;0.16802978515625;-0.056884765625;-1.037017822265625;0
2020-07-14 22:35:41;1594791373.744794;0;0.178741455078125;0.0288543701171875;-1.0498504638671875;0
2020-07-14 22:35:41;1594791373.786028;0;0.29217529296875;0.0293121337890625;-1.0698394775390625;0
2020-07-14 22:35:41;1594791373.824599;0;0.2376708984375;0.0572357177734375;-1.013580322265625;0
2020-07-14 22:35:41;1594791373.8645148;0;0.28515625;0.0687255859375;-1.0866546630859375;0
2020-07-14 22:35:41;1594791373.904465;0;0.233062744140625;0.1307830810546875;-0.9674835205078125;0
2020-07-14 22:35:41;1594791373.9447489;0;0.1890411376953125;0.1480865478515625;-0.9979248046875;0
2020-07-14 22:35:41;1594791373.9845319;0;0.1871337890625;0.1089935302734375;-0.9879913330078125;0
2020-07-14 22:35:41;1594791374.025264;0;0.1564788818359375;0.08892822265625;-0.8996734619140625;0
2020-07-14 22:35:41;1594791374.0642219;0;0.1745452880859375;0.0839080810546875;-0.9039459228515625;0
2020-07-14 22:35:41;1594791374.104147;0;0.257598876953125;-0.015411376953125;-0.8842010498046875;0
2020-07-14 22:35:41;1594791374.143924;0;0.2430419921875;-0.056396484375;-0.8587493896484375;0
2020-07-14 22:35:41;1594791374.184514;0;0.24200439453125;-0.111572265625;-0.8496246337890625;0
2020-07-14 22:35:41;1594791374.223794;0;0.2558441162109375;-0.1307373046875;-0.7983551025390625;0
2020-07-14 22:35:41;1594791374.2637491;0;0.175537109375;-0.159271240234375;-0.92022705078125;0
2020-07-14 22:35:41;1594791374.3045359;0;0.2437896728515625;-0.1515960693359375;-0.90460205078125;0
2020-07-14 22:35:41;1594791374.344248;0;0.255126953125;-0.1421051025390625;-0.9492340087890625;0
2020-07-14 22:35:41;1594791374.3850079;0;0.21734619140625;-0.21868896484375;-1.0992431640625;0
2020-07-14 22:35:41;1594791374.424217;0;0.3128814697265625;-0.1020660400390625;-1.1568756103515625;0
2020-07-14 22:35:41;1594791374.464381;0;0.3520965576171875;-0.1099395751953125;-1.07696533203125;0
2020-07-14 22:35:41;1594791374.504446;0;0.45458984375;-0.0684661865234375;-0.909393310546875;0
2020-07-14 22:35:41;1594791374.544606;0;0.4194488525390625;0.0183868408203125;-0.98486328125;0
2020-07-14 22:35:41;1594791374.5838761;0;0.3470306396484375;0.1046905517578125;-0.9097137451171875;0
2020-07-14 22:35:41;1594791374.624011;0;0.3650360107421875;0.0914764404296875;-0.9259185791015625;0
2020-07-14 22:35:41;1594791374.6645641;0;0.456939697265625;0.1407318115234375;-0.9052734375;0
2020-07-14 22:35:41;1594791374.704498;0;0.4633331298828125;0.2526397705078125;-0.8364105224609375;0
2020-07-14 22:35:41;1594791374.7442632;0;0.496490478515625;0.3339385986328125;-0.801055908203125;0
2020-07-14 22:35:41;1594791374.783699;0;0.4959716796875;0.3884429931640625;-0.8202667236328125;0
2020-07-14 22:35:41;1594791374.823611;0;0.520233154296875;0.40869140625;-0.817169189453125;0
2020-07-14 22:35:41;1594791374.863772;0;0.4428558349609375;0.401397705078125;-0.805267333984375;0
2020-07-14 22:35:41;1594791374.9040651;0;0.2648468017578125;0.33892822265625;-0.8341522216796875;0
2020-07-14 22:35:41;1594791374.942501;0;0.1717071533203125;0.3878173828125;-0.8639068603515625;0
2020-07-14 22:35:41;1594791374.983739;0;0.0961761474609375;0.3982391357421875;-0.879364013671875;0
2020-07-14 22:35:41;1594791375.023246;0;0.0111541748046875;0.34747314453125;-0.961181640625;0
2020-07-14 22:35:41;1594791375.063323;0;-0.0263519287109375;0.331329345703125;-1.005279541015625;0
2020-07-14 22:35:41;1594791375.103672;0;-0.0727996826171875;0.327484130859375;-0.9945220947265625;0
2020-07-14 22:35:41;1594791375.1431441;0;-0.1813507080078125;0.317230224609375;-1.00323486328125;0
2020-07-14 22:35:41;1594791375.1830668;0;-0.2388153076171875;0.3048248291015625;-1.0272216796875;0
2020-07-14 22:35:41;1594791375.2226582;0;-0.2283172607421875;0.3001556396484375;-1.0083160400390625;0
2020-07-14 22:35:41;1594791375.2628322;0;-0.186279296875;0.296783447265625;-0.99383544921875;0
2020-07-14 22:35:41;1594791375.30251;0;-0.1332855224609375;0.29998779296875;-0.9788665771484375;0
2020-07-14 22:35:41;1594791375.342546;0;-0.1363525390625;0.3620147705078125;-0.988037109375;0
2020-07-14 22:35:41;1594791375.3825169;0;-0.142242431640625;0.42340087890625;-1.0443572998046875;0
2020-07-14 22:35:41;1594791375.421842;0;-0.1505584716796875;0.4789886474609375;-1.1003875732421875;0
2020-07-14 22:35:41;1594791375.461442;0;-0.133087158203125;0.4268035888671875;-1.062774658203125;0
2020-07-14 22:35:41;1594791375.502387;0;-0.173370361328125;0.311370849609375;-0.96661376953125;0
2020-07-14 22:35:41;1594791375.541765;0;-0.1846160888671875;0.296905517578125;-0.8000946044921875;0
2020-07-14 22:35:41;1594791375.5818272;0;-0.2225494384765625;0.348480224609375;-0.73968505859375;0
2020-07-14 22:35:41;1594791375.6223211;0;-0.259857177734375;0.479949951171875;-0.8271942138671875;0
2020-07-14 22:35:41;1594791375.661838;0;-0.244384765625;0.600494384765625;-0.97430419921875;0
2020-07-14 22:35:41;1594791375.702276;0;-0.21063232421875;0.5866851806640625;-0.9970855712890625;0
2020-07-14 22:35:41;1594791375.7420568;0;-0.2144927978515625;0.4858856201171875;-0.8984222412109375;0
2020-07-14 22:35:41;1594791375.780818;0;-0.2350006103515625;0.46551513671875;-0.8245849609375;0
2020-07-14 22:35:41;1594791375.82638;0;-0.2205047607421875;0.474334716796875;-0.805328369140625;0
2020-07-14 22:35:41;1594791375.861675;0;-0.2191162109375;0.4511871337890625;-0.8318634033203125;0
2020-07-14 22:35:41;1594791375.903188;0;-0.23065185546875;0.4414215087890625;-0.884124755859375;0
2020-07-14 22:35:41;1594791375.946986;0;-0.231719970703125;0.41357421875;-0.8823089599609375;0
2020-07-14 22:35:41;1594791375.9851909;0;-0.24066162109375;0.3736419677734375;-0.878875732421875;0
2020-07-14 22:35:41;1594791376.026438;0;-0.2245330810546875;0.378875732421875;-0.838775634765625;0
2020-07-14 22:35:41;1594791376.0637832;0;-0.2511749267578125;0.36456298828125;-0.7915496826171875;0
2020-07-14 22:35:41;1594791376.104228;0;-0.2728271484375;0.342559814453125;-0.7806549072265625;0
2020-07-14 22:35:41;1594791376.143359;0;-0.27532958984375;0.3486785888671875;-0.826385498046875;0
2020-07-14 22:35:41;1594791376.1852798;0;-0.2986907958984375;0.457763671875;-0.8928985595703125;0
2020-07-14 22:35:41;1594791376.2216249;0;-0.2789459228515625;0.614349365234375;-1.034393310546875;0
2020-07-14 22:35:41;1594791376.265522;0;-0.2206268310546875;0.5582122802734375;-1.025146484375;0
2020-07-14 22:35:41;1594791376.305573;0;-0.2186279296875;0.411102294921875;-0.9625091552734375;0
2020-07-14 22:35:41;1594791376.3450751;0;-0.1698150634765625;0.2580108642578125;-0.820709228515625;0
2020-07-14 22:35:41;1594791376.382951;0;-0.149169921875;0.4135284423828125;-0.8039398193359375;0
2020-07-14 22:35:41;1594791376.423205;0;-0.135345458984375;0.617218017578125;-0.889373779296875;0
2020-07-14 22:35:41;1594791376.465313;0;-0.1075286865234375;0.61407470703125;-0.931640625;0
2020-07-14 22:35:41;1594791376.504194;0;-0.1256561279296875;0.4889373779296875;-0.8971099853515625;0
2020-07-14 22:35:41;1594791376.542937;0;-0.1725006103515625;0.41485595703125;-0.8373260498046875;0
2020-07-14 22:35:41;1594791376.5825071;0;-0.1877593994140625;0.423858642578125;-0.8131561279296875;0
2020-07-14 22:35:41;1594791376.623343;0;-0.2092742919921875;0.4564971923828125;-0.8087158203125;0
2020-07-14 22:35:41;1594791376.6624122;0;-0.204254150390625;0.4704132080078125;-0.8053741455078125;0
2020-07-14 22:35:41;1594791376.703862;0;-0.2321014404296875;0.478515625;-0.7917633056640625;0
2020-07-14 22:35:41;1594791376.743602;0;-0.2431640625;0.4736480712890625;-0.7972412109375;0
2020-07-14 22:35:41;1594791376.782493;0;-0.2510833740234375;0.4888458251953125;-0.820465087890625;0
2020-07-14 22:35:41;1594791376.823217;0;-0.25286865234375;0.4871673583984375;-0.8480224609375;0
2020-07-14 22:35:41;1594791376.8609328;0;-0.276580810546875;0.456390380859375;-0.905181884765625;0
2020-07-14 22:35:41;1594791376.90537;0;-0.286224365234375;0.426483154296875;-0.9315948486328125;0
2020-07-14 22:35:41;1594791376.9453468;0;-0.2733306884765625;0.49468994140625;-0.985809326171875;0
2020-07-14 22:35:41;1594791376.981641;0;-0.2597198486328125;0.6877593994140625;-1.147918701171875;0
2020-07-14 22:35:41;1594791377.0236912;0;-0.176513671875;0.717315673828125;-1.163055419921875;0
2020-07-14 22:35:41;1594791377.058797;0;-0.069488525390625;0.465057373046875;-0.9035491943359375;0
2020-07-14 22:35:41;1594791377.102915;0;-0.135589599609375;0.2992706298828125;-0.7751312255859375;0
2020-07-14 22:35:41;1594791377.145115;0;-0.1667938232421875;0.365325927734375;-0.79779052734375;0
2020-07-14 22:35:41;1594791377.182395;0;-0.1309051513671875;0.560882568359375;-0.8817138671875;0
2020-07-14 22:35:41;1594791377.2227921;0;-0.1130523681640625;0.6324920654296875;-0.8615570068359375;0
2020-07-14 22:35:41;1594791377.2589831;0;-0.13812255859375;0.60064697265625;-0.8134918212890625;0
2020-07-14 22:35:41;1594791377.3028889;0;-0.158203125;0.4999237060546875;-0.7800140380859375;0
2020-07-14 22:35:41;1594791377.3429189;0;-0.1779937744140625;0.4703826904296875;-0.739837646484375;0
2020-07-14 22:35:41;1594791377.3842192;0;-0.17108154296875;0.518402099609375;-0.72637939453125;0
2020-07-14 22:35:41;1594791377.421638;0;-0.1544189453125;0.5269622802734375;-0.7082366943359375;0
2020-07-14 22:35:41;1594791377.463443;0;-0.109375;0.5375213623046875;-0.7042694091796875;0
2020-07-14 22:35:41;1594791377.498011;0;-0.061614990234375;0.5475616455078125;-0.7110595703125;0
2020-07-14 22:35:41;1594791377.544055;0;-0.0053558349609375;0.490142822265625;-0.630706787109375;0
2020-07-14 22:35:41;1594791377.579222;0;0.0439910888671875;0.4273529052734375;-0.567169189453125;0
2020-07-14 22:35:41;1594791377.622902;0;0.033447265625;0.4382781982421875;-0.535552978515625;0
2020-07-14 22:35:41;1594791377.661069;0;0.058074951171875;0.526611328125;-0.671539306640625;0
2020-07-14 22:35:41;1594791377.7012029;0;0.037109375;0.6299591064453125;-0.8435211181640625;0
2020-07-14 22:35:41;1594791377.742859;0;0.0220947265625;0.6721649169921875;-1.0226593017578125;0
2020-07-14 22:35:41;1594791377.780551;0;0.0595245361328125;0.6334075927734375;-1.12750244140625;0
2020-07-14 22:35:41;1594791377.8217;0;0.0103912353515625;0.5869140625;-1.149200439453125;0
2020-07-14 22:35:41;1594791377.862615;0;-0.0465545654296875;0.56439208984375;-1.114837646484375;0
2020-07-14 22:35:41;1594791377.903239;0;-0.022430419921875;0.491241455078125;-1.1920928955078125;0
2020-07-14 22:35:41;1594791377.9408379;0;-0.113616943359375;0.3797149658203125;-1.258331298828125;0
2020-07-14 22:35:41;1594791377.978757;0;-0.165283203125;0.2323760986328125;-1.38592529296875;0
2020-07-14 22:35:41;1594791378.01793;0;-0.1315765380859375;0.0098419189453125;-1.318145751953125;0
2020-07-14 22:35:41;1594791378.061202;0;-0.0201263427734375;0.0084075927734375;-1.1667022705078125;0
2020-07-14 22:35:41;1594791378.0988321;0;0.14349365234375;-0.0984954833984375;-1.17498779296875;0
2020-07-14 22:35:41;1594791378.1429238;0;0.1290283203125;-0.1656036376953125;-1.1301422119140625;0
2020-07-14 22:35:41;1594791378.178423;0;0.03985595703125;-0.43701171875;-1.0485992431640625;0
2020-07-14 22:35:41;1594791378.218165;0;-0.0684661865234375;-0.28314208984375;-0.9924774169921875;0
2020-07-14 22:35:41;1594791378.2573318;0;-0.0534820556640625;-0.1757049560546875;-0.95977783203125;0
2020-07-14 22:35:41;1594791378.300875;0;-0.0201263427734375;-0.190216064453125;-0.91546630859375;0
2020-07-14 22:35:41;1594791378.340814;0;-0.0141754150390625;-0.262176513671875;-0.7556304931640625;0
2020-07-14 22:35:41;1594791378.382296;0;-0.0381927490234375;-0.36077880859375;-0.7496337890625;0
2020-07-14 22:35:41;1594791378.416343;0;-0.15179443359375;-0.53387451171875;-0.7957000732421875;0
2020-07-14 22:35:41;1594791378.4629378;0;-0.16412353515625;-0.45159912109375;-0.7855377197265625;0
2020-07-14 22:35:41;1594791378.506124;0;0.150482177734375;-0.30426025390625;-0.6457061767578125;0
2020-07-14 22:35:41;1594791378.5358849;0;0.2950592041015625;-0.4767608642578125;-0.717376708984375;0
2020-07-14 22:35:41;1594791378.586539;0;0.173492431640625;-0.6264190673828125;-0.7129974365234375;0
2020-07-14 22:35:41;1594791378.624182;0;-0.0156097412109375;-0.6429290771484375;-0.76708984375;0
2020-07-14 22:35:41;1594791378.663631;0;-0.0931396484375;-0.60003662109375;-0.7560272216796875;0
2020-07-14 22:35:41;1594791378.695304;0;-0.027435302734375;-0.4558563232421875;-0.6780853271484375;0
2020-07-14 22:35:41;1594791378.742272;0;0.0025787353515625;-0.4253997802734375;-0.663909912109375;0
2020-07-14 22:35:41;1594791378.7826009;0;0.007476806640625;-0.4686126708984375;-0.7538604736328125;0
2020-07-14 22:35:41;1594791378.823797;0;0.0078125;-0.475006103515625;-0.9235687255859375;0
2020-07-14 22:35:41;1594791378.863169;0;-0.0220489501953125;-0.44146728515625;-1.0493316650390625;0
2020-07-14 22:35:41;1594791378.8989391;0;-0.0628509521484375;-0.4136505126953125;-1.064788818359375;0
2020-07-14 22:35:41;1594791378.942606;0;-0.03582763671875;-0.36590576171875;-1.0310516357421875;0
2020-07-14 22:35:41;1594791378.98356;0;-0.0329742431640625;-0.3788909912109375;-0.987213134765625;0
2020-07-14 22:35:41;1594791379.022873;0;-0.022674560546875;-0.388458251953125;-0.922760009765625;0
2020-07-14 22:35:41;1594791379.061573;0;-0.0076751708984375;-0.4120025634765625;-0.9615020751953125;0
2020-07-14 22:35:41;1594791379.098583;0;-0.00103759765625;-0.4366912841796875;-0.92987060546875;0
2020-07-14 22:35:41;1594791379.143763;0;-0.0005950927734375;-0.4403533935546875;-0.921234130859375;0
2020-07-14 22:35:41;1594791379.183183;0;-0.005279541015625;-0.43328857421875;-0.9082183837890625;0
2020-07-14 22:35:41;1594791379.222626;0;-0.0165557861328125;-0.422943115234375;-0.8227996826171875;0
2020-07-14 22:35:41;1594791379.262138;0;-0.053558349609375;-0.4212799072265625;-0.7165069580078125;0
2020-07-14 22:35:41;1594791379.302469;0;-0.0267486572265625;-0.4115753173828125;-0.6553192138671875;0
2020-07-14 22:35:41;1594791379.3337998;0;-0.0343475341796875;-0.40472412109375;-0.5550079345703125;0
2020-07-14 22:35:41;1594791379.381335;0;-0.0474395751953125;-0.3630218505859375;-0.5300445556640625;0
2020-07-14 22:35:41;1594791379.4227262;0;-0.061004638671875;-0.2824249267578125;-0.56591796875;0
2020-07-14 22:35:41;1594791379.460567;0;0.0177459716796875;-0.21417236328125;-0.799224853515625;0
2020-07-14 22:35:41;1594791379.501474;0;0.0036468505859375;-0.1870269775390625;-1.0222320556640625;0
2020-07-14 22:35:41;1594791379.542764;0;-0.0190277099609375;-0.29803466796875;-1.2311859130859375;0
2020-07-14 22:35:41;1594791379.581942;0;0.101409912109375;-0.4615020751953125;-2.2264251708984375;0
2020-07-14 22:35:41;1594791379.6137462;0;0.1235504150390625;-0.41314697265625;-1.760528564453125;0
2020-07-14 22:35:41;1594791379.660511;0;0.0920257568359375;-0.167236328125;-0.6666107177734375;0
2020-07-14 22:35:41;1594791379.70092;0;0.2530517578125;-0.191925048828125;-0.5687255859375;0
2020-07-14 22:35:41;1594791379.7407022;0;0.214752197265625;-0.30682373046875;-0.7117156982421875;0
2020-07-14 22:35:41;1594791379.781106;0;0.18182373046875;-0.4779815673828125;-0.9569244384765625;0
2020-07-14 22:35:41;1594791379.821862;0;0.1667022705078125;-0.4098663330078125;-1.0598602294921875;0
2020-07-14 22:35:41;1594791379.858276;0;0.0795135498046875;-0.3552398681640625;-0.933441162109375;0
2020-07-14 22:35:41;1594791379.900177;0;0.0974884033203125;-0.302001953125;-0.922943115234375;0
2020-07-14 22:35:41;1594791379.941619;0;0.1157073974609375;-0.311553955078125;-1.01239013671875;0
2020-07-14 22:35:41;1594791379.980927;0;0.0739593505859375;-0.3068695068359375;-0.9627532958984375;0
2020-07-14 22:35:41;1594791380.0124779;0;0.08563232421875;-0.307464599609375;-0.948211669921875;0
2020-07-14 22:35:41;1594791380.059006;0;0.090240478515625;-0.3026275634765625;-0.9573516845703125;0
2020-07-14 22:35:41;1594791380.092749;0;0.072357177734375;-0.299407958984375;-0.935455322265625;0
2020-07-14 22:35:41;1594791380.142702;0;0.0767059326171875;-0.30023193359375;-0.9217376708984375;0
2020-07-14 22:35:41;1594791380.1722112;0;0.09686279296875;-0.309112548828125;-1.016876220703125;0
